probe,repetitions,epoch,ns_per_execution
"DIVCORE/1/1/17/DIV/normalized",27777,0,7.3051805450552614
"DIVCORE/1/1/17/MOD/normalized",27777,0,7.0037081038269076
"DIVCORE/1/1/17/DIV/top-clear",27777,0,7.2272023616661265
"DIVCORE/1/1/17/MOD/top-clear",27777,0,7.3052165460632894
"DIVCORE/1/1/17/DIV/top-one",27777,0,6.799690391330957
"DIVCORE/1/1/17/MOD/top-one",27777,0,7.4672210821903011
"DIVCORE/1/1/17/DIV/padded",27777,0,6.5941966375058501
"DIVCORE/1/1/17/MOD/padded",27777,0,6.8732044497245921
"DIVCORE/1/1/127/DIV/normalized",27777,0,7.2106778989811717
"DIVCORE/1/1/127/MOD/normalized",27777,0,7.3247290924145876
"DIVCORE/1/1/127/DIV/top-clear",27777,0,7.3727184361162115
"DIVCORE/1/1/127/MOD/top-clear",27777,0,7.4942218382114696
"DIVCORE/1/1/127/DIV/top-one",27777,0,7.4387082838319474
"DIVCORE/1/1/127/MOD/top-one",27777,0,7.4702091658566436
"DIVCORE/1/1/127/DIV/padded",27777,0,7.363718184109155
"DIVCORE/1/1/127/MOD/padded",27777,0,7.3142167980703459
"DIVCORE/2/1/17/DIV/normalized",26315,0,15.597871936158084
"DIVCORE/2/1/17/MOD/normalized",26315,0,15.311305339160175
"DIVCORE/2/1/17/DIV/top-clear",26315,0,16.549496484894547
"DIVCORE/2/1/17/MOD/top-clear",26315,0,16.041231236937108
"DIVCORE/2/1/17/DIV/top-one",26315,0,17.116359490784724
"DIVCORE/2/1/17/MOD/top-one",26315,0,15.893976819304578
"DIVCORE/2/1/17/DIV/padded",26315,0,17.19076572297169
"DIVCORE/2/1/17/MOD/padded",26315,0,16.696750902527075
"DIVCORE/2/1/127/DIV/normalized",26315,0,17.727531825954777
"DIVCORE/2/1/127/MOD/normalized",26315,0,15.422116663499905
"DIVCORE/2/1/127/DIV/top-clear",26315,0,17.770283108493256
"DIVCORE/2/1/127/MOD/top-clear",26315,0,15.879726391791754
"DIVCORE/2/1/127/DIV/top-one",26315,0,14.714345430362911
"DIVCORE/2/1/127/MOD/top-one",26315,0,15.629564886946609
"DIVCORE/2/1/127/DIV/padded",26315,0,15.591525745772373
"DIVCORE/2/1/127/MOD/padded",26315,0,16.064981949458485
"DIVCORE/4/1/17/DIV/normalized",23809,0,23.646520223444917
"DIVCORE/4/1/17/MOD/normalized",23809,0,22.246503423075307
"DIVCORE/4/1/17/DIV/top-clear",23809,0,27.069595531101683
"DIVCORE/4/1/17/MOD/top-clear",23809,0,26.233063127388803
"DIVCORE/4/1/17/DIV/top-one",23809,0,24.059557310260825
"DIVCORE/4/1/17/MOD/top-one",23809,0,24.05602923264312
"DIVCORE/4/1/17/DIV/padded",23809,0,24.360535931790498
"DIVCORE/4/1/17/MOD/padded",23809,0,23.184510059221303
"DIVCORE/4/1/127/DIV/normalized",23809,0,24.397286740308285
"DIVCORE/4/1/127/MOD/normalized",23809,0,23.90553992187828
"DIVCORE/4/1/127/DIV/top-clear",23809,0,28.543155949430886
"DIVCORE/4/1/127/MOD/top-clear",23809,0,26.929606451341929
"DIVCORE/4/1/127/DIV/top-one",23809,0,24.182032004704105
"DIVCORE/4/1/127/MOD/top-one",23809,0,23.867025074551641
"DIVCORE/4/1/127/DIV/padded",23809,0,25.020286446301817
"DIVCORE/4/1/127/MOD/padded",23809,0,25.23029106640346
"DIVCORE/33/1/17/DIV/normalized",10000,0,229.94579999999999
"DIVCORE/33/1/17/MOD/normalized",10000,0,221.2458
"DIVCORE/33/1/17/DIV/top-clear",10000,0,253.05410000000001
"DIVCORE/33/1/17/MOD/top-clear",10000,0,248.44589999999999
"DIVCORE/33/1/17/DIV/top-one",10000,0,210.17920000000001
"DIVCORE/33/1/17/MOD/top-one",10000,0,205.5667
"DIVCORE/33/1/17/DIV/padded",10000,0,224.30420000000001
"DIVCORE/33/1/17/MOD/padded",10000,0,224.75409999999999
"DIVCORE/33/1/127/DIV/normalized",10000,0,212.97499999999999
"DIVCORE/33/1/127/MOD/normalized",10000,0,218.76669999999999
"DIVCORE/33/1/127/DIV/top-clear",10000,0,241.3167
"DIVCORE/33/1/127/MOD/top-clear",10000,0,229.90000000000001
"DIVCORE/33/1/127/DIV/top-one",10000,0,199.38749999999999
"DIVCORE/33/1/127/MOD/top-one",10000,0,200.62909999999999
"DIVCORE/33/1/127/DIV/padded",10000,0,237.64169999999999
"DIVCORE/33/1/127/MOD/padded",10000,0,231.41669999999999
"DIVCORE/1025/1/17/DIV/normalized",479,0,7191.1085594989563
"DIVCORE/1025/1/17/MOD/normalized",479,0,7134.8308977035495
"DIVCORE/1025/1/17/DIV/top-clear",479,0,7715.7265135699372
"DIVCORE/1025/1/17/MOD/top-clear",479,0,7633.7870563674323
"DIVCORE/1025/1/17/DIV/top-one",479,0,6402.9227557411277
"DIVCORE/1025/1/17/MOD/top-one",479,0,6303.672233820459
"DIVCORE/1025/1/17/DIV/padded",479,0,7595.7724425887263
"DIVCORE/1025/1/17/MOD/padded",479,0,7477.3820459290191
"DIVCORE/1025/1/127/DIV/normalized",479,0,7693.8079331941544
"DIVCORE/1025/1/127/MOD/normalized",479,0,7701.983298538622
"DIVCORE/1025/1/127/DIV/top-clear",479,0,7473.3820459290191
"DIVCORE/1025/1/127/MOD/top-clear",479,0,7461.8121085594994
"DIVCORE/1025/1/127/DIV/top-one",479,0,6377.1753653444675
"DIVCORE/1025/1/127/MOD/top-one",479,0,6345.338204592902
"DIVCORE/1025/1/127/DIV/padded",479,0,9743.300626304801
"DIVCORE/1025/1/127/MOD/padded",479,0,8890.1356993736954
"DIVCORE/65536/1/17/DIV/normalized",7,0,690220.14285714284
"DIVCORE/65536/1/17/MOD/normalized",7,0,758452.42857142852
"DIVCORE/65536/1/17/DIV/top-one",7,0,406797.71428571426
"DIVCORE/65536/1/17/MOD/top-one",7,0,406684.57142857142
"DIVCORE/500000/1/17/DIV/normalized",1,0,5925041
"DIVCORE/500000/1/17/MOD/normalized",1,0,5884750
"DIVCORE/500000/1/17/DIV/top-one",1,0,3079417
"DIVCORE/500000/1/17/MOD/top-one",1,0,3069125
"DIVCORE/1/2/17/DIV/normalized",26315,0,6.5235417062511871
"DIVCORE/1/2/17/MOD/normalized",26315,0,6.1830894926847808
"DIVCORE/1/2/17/DIV/top-clear",26315,0,5.9946798403952117
"DIVCORE/1/2/17/MOD/top-clear",26315,0,6.0896826904807142
"DIVCORE/1/2/17/DIV/top-one",26315,0,6.0611818354550637
"DIVCORE/1/2/17/MOD/top-one",26315,0,6.1371841155234659
"DIVCORE/1/2/17/DIV/padded",26315,0,6.1704351130533919
"DIVCORE/1/2/17/MOD/padded",26315,0,5.9629868896066878
"DIVCORE/1/2/127/DIV/normalized",26315,0,6.046931407942238
"DIVCORE/1/2/127/MOD/normalized",26315,0,6.1055291658749766
"DIVCORE/1/2/127/DIV/top-clear",26315,0,6.4285388561656847
"DIVCORE/1/2/127/MOD/top-clear",26315,0,6.3224396731901953
"DIVCORE/1/2/127/DIV/top-one",26315,0,6.1688390651719551
"DIVCORE/1/2/127/MOD/top-one",26315,0,6.0643739312179363
"DIVCORE/1/2/127/DIV/padded",26315,0,6.2749382481474445
"DIVCORE/1/2/127/MOD/padded",26315,0,6.1814934448033441
"DIVCORE/2/2/17/DIV/normalized",25000,0,19.691680000000002
"DIVCORE/2/2/17/MOD/normalized",25000,0,15.42
"DIVCORE/2/2/17/DIV/top-clear",25000,0,20.461680000000001
"DIVCORE/2/2/17/MOD/top-clear",25000,0,16.968360000000001
"DIVCORE/2/2/17/DIV/top-one",25000,0,19.239999999999998
"DIVCORE/2/2/17/MOD/top-one",25000,0,18.079999999999998
"DIVCORE/2/2/17/DIV/padded",25000,0,18.183319999999998
"DIVCORE/2/2/17/MOD/padded",25000,0,15.71668
"DIVCORE/2/2/127/DIV/normalized",25000,0,17
"DIVCORE/2/2/127/MOD/normalized",25000,0,14.36336
"DIVCORE/2/2/127/DIV/top-clear",25000,0,20.475000000000001
"DIVCORE/2/2/127/MOD/top-clear",25000,0,17.796679999999999
"DIVCORE/2/2/127/DIV/top-one",25000,0,19.786639999999998
"DIVCORE/2/2/127/MOD/top-one",25000,0,17.303319999999999
"DIVCORE/2/2/127/DIV/padded",25000,0,15.881679999999999
"DIVCORE/2/2/127/MOD/padded",25000,0,14.461679999999999
"DIVCORE/3/2/17/DIV/normalized",23809,0,23.804023688521148
"DIVCORE/3/2/17/MOD/normalized",23809,0,22.372506195136292
"DIVCORE/3/2/17/DIV/top-clear",23809,0,25.5138393044647
"DIVCORE/3/2/17/MOD/top-clear",23809,0,26.411567054475199
"DIVCORE/3/2/17/DIV/top-one",23809,0,24.843546558024276
"DIVCORE/3/2/17/MOD/top-one",23809,0,27.036330799277586
"DIVCORE/3/2/17/DIV/padded",23809,0,23.237011214246714
"DIVCORE/3/2/17/MOD/padded",23809,0,21.658490486790708
"DIVCORE/3/2/127/DIV/normalized",23809,0,24.173295812507874
"DIVCORE/3/2/127/MOD/normalized",23809,0,21.817757990675794
"DIVCORE/3/2/127/DIV/top-clear",23809,0,25.242555336217396
"DIVCORE/3/2/127/MOD/top-clear",23809,0,25.345793607459363
"DIVCORE/3/2/127/DIV/top-one",23809,0,24.602041244907387
"DIVCORE/3/2/127/MOD/top-one",23809,0,24.948548868075097
"DIVCORE/3/2/127/DIV/padded",23809,0,22.845016590364988
"DIVCORE/3/2/127/MOD/padded",23809,0,23.721785879289346
"DIVCORE/4/2/17/DIV/normalized",22727,0,29.058696704360454
"DIVCORE/4/2/17/MOD/normalized",22727,0,28.798345580146961
"DIVCORE/4/2/17/DIV/top-clear",22727,0,35.501122013464162
"DIVCORE/4/2/17/MOD/top-clear",22727,0,35.730276763321157
"DIVCORE/4/2/17/DIV/top-one",22727,0,34.738416861002335
"DIVCORE/4/2/17/MOD/top-one",22727,0,35.618427421129056
"DIVCORE/4/2/17/DIV/padded",22727,0,29.828705944471334
"DIVCORE/4/2/17/MOD/padded",22727,0,29.053196638359662
"DIVCORE/4/2/127/DIV/normalized",22727,0,32.301887622651471
"DIVCORE/4/2/127/MOD/normalized",22727,0,31.904078848946188
"DIVCORE/4/2/127/DIV/top-clear",22727,0,35.939279271351253
"DIVCORE/4/2/127/MOD/top-clear",22727,0,32.859242310907732
"DIVCORE/4/2/127/DIV/top-one",22727,0,33.878602543230521
"DIVCORE/4/2/127/MOD/top-one",22727,0,32.553042636511641
"DIVCORE/4/2/127/DIV/padded",22727,0,31.792229506754079
"DIVCORE/4/2/127/MOD/padded",22727,0,31.161525938311261
"DIVCORE/8/2/17/DIV/normalized",19230,0,66.642797711908472
"DIVCORE/8/2/17/MOD/normalized",19230,0,70.902652106084247
"DIVCORE/8/2/17/DIV/top-clear",19230,0,80.848101924076957
"DIVCORE/8/2/17/MOD/top-clear",19230,0,82.388611544461781
"DIVCORE/8/2/17/DIV/top-one",19230,0,77.522100884035368
"DIVCORE/8/2/17/MOD/top-one",19230,0,79.84700988039522
"DIVCORE/8/2/17/DIV/padded",19230,0,72.781227249089966
"DIVCORE/8/2/17/MOD/padded",19230,0,66.105512220488819
"DIVCORE/8/2/127/DIV/normalized",19230,0,73.316432657306294
"DIVCORE/8/2/127/MOD/normalized",19230,0,73.881955278211123
"DIVCORE/8/2/127/DIV/top-clear",19230,0,77.054082163286537
"DIVCORE/8/2/127/MOD/top-clear",19230,0,79.745189807592297
"DIVCORE/8/2/127/DIV/top-one",19230,0,79.522048881955271
"DIVCORE/8/2/127/MOD/top-one",19230,0,77.981435257410297
"DIVCORE/8/2/127/DIV/padded",19230,0,70.163806552262088
"DIVCORE/8/2/127/MOD/padded",19230,0,73.286115444617778
"DIVCORE/34/2/17/DIV/normalized",9615,0,334.61164846593863
"DIVCORE/34/2/17/MOD/normalized",9615,0,341.11627665106602
"DIVCORE/34/2/17/DIV/top-clear",9615,0,353.60114404576183
"DIVCORE/34/2/17/MOD/top-clear",9615,0,353.05949037961517
"DIVCORE/34/2/17/DIV/top-one",9615,0,350.81903276131044
"DIVCORE/34/2/17/MOD/top-one",9615,0,350.16900676027041
"DIVCORE/34/2/17/DIV/padded",9615,0,342.34269370774831
"DIVCORE/34/2/17/MOD/padded",9615,0,340.70899635985438
"DIVCORE/34/2/127/DIV/normalized",9615,0,344.67405096203851
"DIVCORE/34/2/127/MOD/normalized",9615,0,346.472490899636
"DIVCORE/34/2/127/DIV/top-clear",9615,0,346.4854914196568
"DIVCORE/34/2/127/MOD/top-clear",9615,0,358.05595423816953
"DIVCORE/34/2/127/DIV/top-one",9615,0,354.95756630265208
"DIVCORE/34/2/127/MOD/top-one",9615,0,358.32470098803952
"DIVCORE/34/2/127/DIV/padded",9615,0,357.21528861154445
"DIVCORE/34/2/127/MOD/padded",9615,0,357.51003640145603
"DIVCORE/1026/2/17/DIV/normalized",478,0,10681.834728033473
"DIVCORE/1026/2/17/MOD/normalized",478,0,10831.851464435147
"DIVCORE/1026/2/17/DIV/top-clear",478,0,11343.792887029289
"DIVCORE/1026/2/17/MOD/top-clear",478,0,11162.483263598326
"DIVCORE/1026/2/17/DIV/top-one",478,0,11672.332635983264
"DIVCORE/1026/2/17/MOD/top-one",478,0,11280.246861924687
"DIVCORE/1026/2/17/DIV/padded",478,0,10752.441422594142
"DIVCORE/1026/2/17/MOD/padded",478,0,11389.644351464434
"DIVCORE/1026/2/127/DIV/normalized",478,0,10657.077405857741
"DIVCORE/1026/2/127/MOD/normalized",478,0,10565.290794979079
"DIVCORE/1026/2/127/DIV/top-clear",478,0,12438.023012552301
"DIVCORE/1026/2/127/MOD/top-clear",478,0,12404.725941422594
"DIVCORE/1026/2/127/DIV/top-one",478,0,12336.905857740585
"DIVCORE/1026/2/127/MOD/top-one",478,0,12296.374476987448
"DIVCORE/1026/2/127/DIV/padded",478,0,11975.244769874476
"DIVCORE/1026/2/127/MOD/padded",478,0,11904.723849372385
"DIVCORE/65536/2/17/DIV/normalized",7,0,945851.28571428568
"DIVCORE/65536/2/17/MOD/normalized",7,0,888041.71428571432
"DIVCORE/65536/2/17/DIV/top-one",7,0,912809.42857142852
"DIVCORE/65536/2/17/MOD/top-one",7,0,931779.85714285716
"DIVCORE/500000/2/17/DIV/normalized",1,0,6787625
"DIVCORE/500000/2/17/MOD/normalized",1,0,6906125
"DIVCORE/500000/2/17/DIV/top-one",1,0,6835958
"DIVCORE/500000/2/17/MOD/top-one",1,0,6820792
"DIVCORE/2/3/17/DIV/normalized",23809,0,6.4313914906127936
"DIVCORE/2/3/17/MOD/normalized",23809,0,6.1128564828426226
"DIVCORE/2/3/17/DIV/top-clear",23809,0,6.4611281448191864
"DIVCORE/2/3/17/MOD/top-clear",23809,0,6.1146625225754967
"DIVCORE/2/3/17/DIV/top-one",23809,0,7.8944516779369147
"DIVCORE/2/3/17/MOD/top-one",23809,0,6.2791381410391027
"DIVCORE/2/3/17/DIV/padded",23809,0,6.5136713007686167
"DIVCORE/2/3/17/MOD/padded",23809,0,6.1198706371540172
"DIVCORE/2/3/127/DIV/normalized",23809,0,6.5224074929648452
"DIVCORE/2/3/127/MOD/normalized",23809,0,6.1041202906463941
"DIVCORE/2/3/127/DIV/top-clear",23809,0,6.4279054139191061
"DIVCORE/2/3/127/MOD/top-clear",23809,0,6.1251207526565583
"DIVCORE/2/3/127/DIV/top-one",23809,0,6.4279054139191061
"DIVCORE/2/3/127/MOD/top-one",23809,0,5.453105968331303
"DIVCORE/2/3/127/DIV/padded",23809,0,6.3876685287076311
"DIVCORE/2/3/127/MOD/padded",23809,0,6.2948884875467259
"DIVCORE/3/3/17/DIV/normalized",22727,0,18.491221894662736
"DIVCORE/3/3/17/MOD/normalized",22727,0,15.332335988031856
"DIVCORE/3/3/17/DIV/top-clear",22727,0,21.362256347076165
"DIVCORE/3/3/17/MOD/top-clear",22727,0,18.406872882474591
"DIVCORE/3/3/17/DIV/top-one",22727,0,20.077088925067102
"DIVCORE/3/3/17/MOD/top-one",22727,0,19.279579354952258
"DIVCORE/3/3/17/DIV/padded",22727,0,17.831213974567696
"DIVCORE/3/3/17/MOD/padded",22727,0,15.814493773925287
"DIVCORE/3/3/127/DIV/normalized",22727,0,19.488581862982358
"DIVCORE/3/3/127/MOD/normalized",22727,0,15.730188762265147
"DIVCORE/3/3/127/DIV/top-clear",22727,0,19.653539842478111
"DIVCORE/3/3/127/MOD/top-clear",22727,0,17.941215294583536
"DIVCORE/3/3/127/DIV/top-one",22727,0,20.425397104765256
"DIVCORE/3/3/127/MOD/top-one",22727,0,21.409952919435032
"DIVCORE/3/3/127/DIV/padded",22727,0,18.287719452633432
"DIVCORE/3/3/127/MOD/padded",22727,0,13.975667708012496
"DIVCORE/4/3/17/DIV/normalized",21739,0,24.531579189475138
"DIVCORE/4/3/17/MOD/normalized",21739,0,21.246377478264868
"DIVCORE/4/3/17/DIV/top-clear",21739,0,28.807672846037075
"DIVCORE/4/3/17/MOD/top-clear",21739,0,28.039054234325405
"DIVCORE/4/3/17/DIV/top-one",21739,0,29.921293527761165
"DIVCORE/4/3/17/MOD/top-one",21739,0,28.14641887851327
"DIVCORE/4/3/17/DIV/padded",21739,0,21.809880859285155
"DIVCORE/4/3/17/MOD/padded",21739,0,21.844381066286399
"DIVCORE/4/3/17/DIV/add-back",21739,0,27.329913979483877
"DIVCORE/4/3/17/MOD/add-back",21739,0,22.306315837895028
"DIVCORE/4/3/127/DIV/normalized",21739,0,24.558397350384102
"DIVCORE/4/3/127/MOD/normalized",21739,0,23.820460922765538
"DIVCORE/4/3/127/DIV/top-clear",21739,0,28.023736142416855
"DIVCORE/4/3/127/MOD/top-clear",21739,0,28.313169879019274
"DIVCORE/4/3/127/DIV/top-one",21739,0,28.851741110446664
"DIVCORE/4/3/127/MOD/top-one",21739,0,30.293113758682551
"DIVCORE/4/3/127/DIV/padded",21739,0,25.658585951515708
"DIVCORE/4/3/127/MOD/padded",21739,0,24.822898937393624
"DIVCORE/6/3/17/DIV/normalized",20000,0,43.231250000000003
"DIVCORE/6/3/17/MOD/normalized",20000,0,44.587499999999999
"DIVCORE/6/3/17/DIV/top-clear",20000,0,54.087499999999999
"DIVCORE/6/3/17/MOD/top-clear",20000,0,52.837499999999999
"DIVCORE/6/3/17/DIV/top-one",20000,0,54.295850000000002
"DIVCORE/6/3/17/MOD/top-one",20000,0,56.756250000000001
"DIVCORE/6/3/17/DIV/padded",20000,0,43.910400000000003
"DIVCORE/6/3/17/MOD/padded",20000,0,39.847900000000003
"DIVCORE/6/3/17/DIV/add-back",20000,0,34.700000000000003
"DIVCORE/6/3/17/MOD/add-back",20000,0,31.160450000000001
"DIVCORE/6/3/127/DIV/normalized",20000,0,43.393749999999997
"DIVCORE/6/3/127/MOD/normalized",20000,0,42.089550000000003
"DIVCORE/6/3/127/DIV/top-clear",20000,0,53.272950000000002
"DIVCORE/6/3/127/MOD/top-clear",20000,0,53.081249999999997
"DIVCORE/6/3/127/DIV/top-one",20000,0,50.339550000000003
"DIVCORE/6/3/127/MOD/top-one",20000,0,52.889600000000002
"DIVCORE/6/3/127/DIV/padded",20000,0,43.714599999999997
"DIVCORE/6/3/127/MOD/padded",20000,0,40.589599999999997
"DIVCORE/12/3/17/DIV/normalized",16129,0,113.88647777295554
"DIVCORE/12/3/17/MOD/normalized",16129,0,115.73873147746295
"DIVCORE/12/3/17/DIV/top-clear",16129,0,120.72974145948292
"DIVCORE/12/3/17/MOD/top-clear",16129,0,130.51286502573006
"DIVCORE/12/3/17/DIV/top-one",16129,0,125.02585405170811
"DIVCORE/12/3/17/MOD/top-one",16129,0,125.52954305908612
"DIVCORE/12/3/17/DIV/padded",16129,0,117.50827701655403
"DIVCORE/12/3/17/MOD/padded",16129,0,115.81877363754728
"DIVCORE/12/3/17/DIV/add-back",16129,0,63.072230144460292
"DIVCORE/12/3/17/MOD/add-back",16129,0,61.269080538161077
"DIVCORE/12/3/127/DIV/normalized",16129,0,114.14222828445656
"DIVCORE/12/3/127/MOD/normalized",16129,0,116.94258788517577
"DIVCORE/12/3/127/DIV/top-clear",16129,0,124.20174840349681
"DIVCORE/12/3/127/MOD/top-clear",16129,0,124.89664579329158
"DIVCORE/12/3/127/DIV/top-one",16129,0,126.22704445408891
"DIVCORE/12/3/127/MOD/top-one",16129,0,125.78789757579516
"DIVCORE/12/3/127/DIV/padded",16129,0,116.54219108438217
"DIVCORE/12/3/127/MOD/padded",16129,0,114.3256246512493
"DIVCORE/35/3/17/DIV/normalized",9259,0,362.16567663894591
"DIVCORE/35/3/17/MOD/normalized",9259,0,366.48579760233287
"DIVCORE/35/3/17/DIV/top-clear",9259,0,397.80667458688845
"DIVCORE/35/3/17/MOD/top-clear",9259,0,391.48838967491088
"DIVCORE/35/3/17/DIV/top-one",9259,0,382.82579112215143
"DIVCORE/35/3/17/MOD/top-one",9259,0,387.54185117183283
"DIVCORE/35/3/17/DIV/padded",9259,0,368.13273571660005
"DIVCORE/35/3/17/MOD/padded",9259,0,370.13532778917812
"DIVCORE/35/3/17/DIV/add-back",9259,0,180.53601900853224
"DIVCORE/35/3/17/MOD/add-back",9259,0,181.18857328005186
"DIVCORE/35/3/127/DIV/normalized",9259,0,363.47510530294846
"DIVCORE/35/3/127/MOD/normalized",9259,0,379.68463116967274
"DIVCORE/35/3/127/DIV/top-clear",9259,0,374.23944270439574
"DIVCORE/35/3/127/MOD/top-clear",9259,0,387.79835835403389
"DIVCORE/35/3/127/DIV/top-one",9259,0,388.7433848147748
"DIVCORE/35/3/127/MOD/top-one",9259,0,403.8773085646398
"DIVCORE/35/3/127/DIV/padded",9259,0,385.33221730208447
"DIVCORE/35/3/127/MOD/padded",9259,0,381.89415703639702
"DIVCORE/1027/3/17/DIV/normalized",478,0,11709.901673640168
"DIVCORE/1027/3/17/MOD/normalized",478,0,12028.589958158997
"DIVCORE/1027/3/17/DIV/top-clear",478,0,12628.661087866109
"DIVCORE/1027/3/17/MOD/top-clear",478,0,12377.179916317991
"DIVCORE/1027/3/17/DIV/top-one",478,0,12181.39748953975
"DIVCORE/1027/3/17/MOD/top-one",478,0,12077.317991631799
"DIVCORE/1027/3/17/DIV/padded",478,0,12256.10251046025
"DIVCORE/1027/3/17/MOD/padded",478,0,11858.610878661088
"DIVCORE/1027/3/17/DIV/add-back",478,0,5048.5523012552303
"DIVCORE/1027/3/17/MOD/add-back",478,0,4839.6087866108783
"DIVCORE/1027/3/127/DIV/normalized",478,0,11861.401673640168
"DIVCORE/1027/3/127/MOD/normalized",478,0,11718.357740585774
"DIVCORE/1027/3/127/DIV/top-clear",478,0,12660.127615062762
"DIVCORE/1027/3/127/MOD/top-clear",478,0,12409.430962343096
"DIVCORE/1027/3/127/DIV/top-one",478,0,11734.744769874476
"DIVCORE/1027/3/127/MOD/top-one",478,0,12220.361924686193
"DIVCORE/1027/3/127/DIV/padded",478,0,11909.257322175732
"DIVCORE/1027/3/127/MOD/padded",478,0,13569.47280334728
"DIVCORE/3/4/17/DIV/normalized",21739,0,7.0955425732554396
"DIVCORE/3/4/17/MOD/normalized",21739,0,5.876535259211555
"DIVCORE/3/4/17/DIV/top-clear",21739,0,6.2177193063158382
"DIVCORE/3/4/17/MOD/top-clear",21739,0,6.2522195133170797
"DIVCORE/3/4/17/DIV/top-one",21739,0,6.8425410552463317
"DIVCORE/3/4/17/MOD/top-one",21739,0,6.5742214453286723
"DIVCORE/3/4/17/DIV/padded",21739,0,7.2814756888541332
"DIVCORE/3/4/17/MOD/padded",21739,0,6.0873545241271447
"DIVCORE/3/4/127/DIV/normalized",21739,0,6.5704034224205348
"DIVCORE/3/4/127/MOD/normalized",21739,0,5.746216477298864
"DIVCORE/3/4/127/DIV/top-clear",21739,0,5.7347164082984499
"DIVCORE/3/4/127/MOD/top-clear",21739,0,5.7442844657067944
"DIVCORE/3/4/127/DIV/top-one",21739,0,6.5090390542343251
"DIVCORE/3/4/127/MOD/top-one",21739,0,6.8061088366530198
"DIVCORE/3/4/127/DIV/padded",21739,0,6.0432862597175587
"DIVCORE/3/4/127/MOD/padded",21739,0,5.612033672202033
"DIVCORE/4/4/17/DIV/normalized",20833,0,18.588297412758603
"DIVCORE/4/4/17/MOD/normalized",20833,0,14.706235299764796
"DIVCORE/4/4/17/DIV/top-clear",20833,0,23.410358565737052
"DIVCORE/4/4/17/MOD/top-clear",20833,0,19.868285892574281
"DIVCORE/4/4/17/DIV/top-one",20833,0,20.612345797532761
"DIVCORE/4/4/17/MOD/top-one",20833,0,20.508328133250131
"DIVCORE/4/4/17/DIV/padded",20833,0,19.050304804876877
"DIVCORE/4/4/17/MOD/padded",20833,0,14.84625354005664
"DIVCORE/4/4/127/DIV/normalized",20833,0,20.806316901070417
"DIVCORE/4/4/127/MOD/normalized",20833,0,16.126242019872318
"DIVCORE/4/4/127/DIV/top-clear",20833,0,21.344357509720155
"DIVCORE/4/4/127/MOD/top-clear",20833,0,20.074305188883024
"DIVCORE/4/4/127/DIV/top-one",20833,0,21.740363845821534
"DIVCORE/4/4/127/MOD/top-one",20833,0,21.532328517256275
"DIVCORE/4/4/127/DIV/padded",20833,0,19.500312004992079
"DIVCORE/4/4/127/MOD/padded",20833,0,16.694283108529735
"DIVCORE/5/4/17/DIV/normalized",20000,0,28.57085
"DIVCORE/5/4/17/MOD/normalized",20000,0,27.220800000000001
"DIVCORE/5/4/17/DIV/top-clear",20000,0,32.847900000000003
"DIVCORE/5/4/17/MOD/top-clear",20000,0,33.212499999999999
"DIVCORE/5/4/17/DIV/top-one",20000,0,30.741700000000002
"DIVCORE/5/4/17/MOD/top-one",20000,0,32.833300000000001
"DIVCORE/5/4/17/DIV/padded",20000,0,24.433350000000001
"DIVCORE/5/4/17/MOD/padded",20000,0,25.554200000000002
"DIVCORE/5/4/17/DIV/add-back",20000,0,24.777049999999999
"DIVCORE/5/4/17/MOD/add-back",20000,0,22.635400000000001
"DIVCORE/5/4/127/DIV/normalized",20000,0,23.193750000000001
"DIVCORE/5/4/127/MOD/normalized",20000,0,24.193750000000001
"DIVCORE/5/4/127/DIV/top-clear",20000,0,32.954149999999998
"DIVCORE/5/4/127/MOD/top-clear",20000,0,33.543750000000003
"DIVCORE/5/4/127/DIV/top-one",20000,0,32.3979
"DIVCORE/5/4/127/MOD/top-one",20000,0,31.80415
"DIVCORE/5/4/127/DIV/padded",20000,0,24.629149999999999
"DIVCORE/5/4/127/MOD/padded",20000,0,24.377050000000001
"DIVCORE/8/4/17/DIV/normalized",17857,0,62.179201433611468
"DIVCORE/8/4/17/MOD/normalized",17857,0,57.28845830766646
"DIVCORE/8/4/17/DIV/top-clear",17857,0,74.207593660749282
"DIVCORE/8/4/17/MOD/top-clear",17857,0,75.670605364842913
"DIVCORE/8/4/17/DIV/top-one",17857,0,67.695189561516486
"DIVCORE/8/4/17/MOD/top-one",17857,0,71.918575348602786
"DIVCORE/8/4/17/DIV/padded",17857,0,61.178137425099401
"DIVCORE/8/4/17/MOD/padded",17857,0,56.712157697261581
"DIVCORE/8/4/17/DIV/add-back",17857,0,45.687069496555971
"DIVCORE/8/4/17/MOD/add-back",17857,0,40.628325026600216
"DIVCORE/8/4/127/DIV/normalized",17857,0,66.913535308282462
"DIVCORE/8/4/127/MOD/normalized",17857,0,62.508204065632526
"DIVCORE/8/4/127/DIV/top-clear",17857,0,73.015232121856968
"DIVCORE/8/4/127/MOD/top-clear",17857,0,72.788934311474492
"DIVCORE/8/4/127/DIV/top-one",17857,0,69.421907375258996
"DIVCORE/8/4/127/MOD/top-one",17857,0,70.903567228537824
"DIVCORE/8/4/127/DIV/padded",17857,0,68.157193257546055
"DIVCORE/8/4/127/MOD/padded",17857,0,63.366802934423475
"DIVCORE/16/4/17/DIV/normalized",13888,0,166.75964861751152
"DIVCORE/16/4/17/MOD/normalized",13888,0,166.57963709677421
"DIVCORE/16/4/17/DIV/top-clear",13888,0,178.88047235023041
"DIVCORE/16/4/17/MOD/top-clear",13888,0,180.72256624423963
"DIVCORE/16/4/17/DIV/top-one",13888,0,174.64415322580646
"DIVCORE/16/4/17/MOD/top-one",13888,0,175.50525633640552
"DIVCORE/16/4/17/DIV/padded",13888,0,174.43713997695852
"DIVCORE/16/4/17/MOD/padded",13888,0,173.04809907834101
"DIVCORE/16/4/17/DIV/add-back",13888,0,101.62255184331798
"DIVCORE/16/4/17/MOD/add-back",13888,0,101.77253744239631
"DIVCORE/16/4/127/DIV/normalized",13888,0,172.55609158986175
"DIVCORE/16/4/127/MOD/normalized",13888,0,171.10692684331798
"DIVCORE/16/4/127/DIV/top-clear",13888,0,177.76440092165899
"DIVCORE/16/4/127/MOD/top-clear",13888,0,181.20262096774192
"DIVCORE/16/4/127/DIV/top-one",13888,0,162.53240207373273
"DIVCORE/16/4/127/MOD/top-one",13888,0,167.89372119815667
"DIVCORE/16/4/127/DIV/padded",13888,0,167.13169642857142
"DIVCORE/16/4/127/MOD/padded",13888,0,168.208741359447
"DIVCORE/36/4/17/DIV/normalized",8928,0,402.12903225806451
"DIVCORE/36/4/17/MOD/normalized",8928,0,402.44175627240145
"DIVCORE/36/4/17/DIV/top-clear",8928,0,435.62387992831543
"DIVCORE/36/4/17/MOD/top-clear",8928,0,446.27385752688173
"DIVCORE/36/4/17/DIV/top-one",8928,0,431.5589157706093
"DIVCORE/36/4/17/MOD/top-one",8928,0,446.6285842293907
"DIVCORE/36/4/17/DIV/padded",8928,0,450.83355734767025
"DIVCORE/36/4/17/MOD/padded",8928,0,418.02934587813621
"DIVCORE/36/4/17/DIV/add-back",8928,0,236.46572580645162
"DIVCORE/36/4/17/MOD/add-back",8928,0,227.06193996415772
"DIVCORE/36/4/127/DIV/normalized",8928,0,432.96370967741933
"DIVCORE/36/4/127/MOD/normalized",8928,0,429.42148297491042
"DIVCORE/36/4/127/DIV/top-clear",8928,0,445.82123655913978
"DIVCORE/36/4/127/MOD/top-clear",8928,0,441.98499103942652
"DIVCORE/36/4/127/DIV/top-one",8928,0,418.81821236559142
"DIVCORE/36/4/127/MOD/top-one",8928,0,424.02643369175627
"DIVCORE/36/4/127/DIV/padded",8928,0,436.93996415770607
"DIVCORE/36/4/127/MOD/padded",8928,0,418.78080197132618
"DIVCORE/1028/4/17/DIV/normalized",477,0,12997.553459119497
"DIVCORE/1028/4/17/MOD/normalized",477,0,13153.825995807128
"DIVCORE/1028/4/17/DIV/top-clear",477,0,13742.83857442348
"DIVCORE/1028/4/17/MOD/top-clear",477,0,13154.786163522012
"DIVCORE/1028/4/17/DIV/top-one",477,0,12993.884696016772
"DIVCORE/1028/4/17/MOD/top-one",477,0,12850.805031446542
"DIVCORE/1028/4/17/DIV/padded",477,0,13154.700209643606
"DIVCORE/1028/4/17/MOD/padded",477,0,13254.979035639413
"DIVCORE/1028/4/17/DIV/add-back",477,0,6426.1886792452833
"DIVCORE/1028/4/17/MOD/add-back",477,0,7087.0901467505237
"DIVCORE/1028/4/127/DIV/normalized",477,0,13296.907756813418
"DIVCORE/1028/4/127/MOD/normalized",477,0,13106.656184486374
"DIVCORE/1028/4/127/DIV/top-clear",477,0,13537.299790356394
"DIVCORE/1028/4/127/MOD/top-clear",477,0,13440.77568134172
"DIVCORE/1028/4/127/DIV/top-one",477,0,13314.9035639413
"DIVCORE/1028/4/127/MOD/top-one",477,0,13088.050314465409
"DIVCORE/1028/4/127/DIV/padded",477,0,13387.490566037735
"DIVCORE/1028/4/127/MOD/padded",477,0,13785.289308176101
"DIVCORE/7/8/17/DIV/normalized",16129,0,6.2387624775249551
"DIVCORE/7/8/17/MOD/normalized",16129,0,5.7143654287308578
"DIVCORE/7/8/17/DIV/top-clear",16129,0,5.9003658007316018
"DIVCORE/7/8/17/MOD/top-clear",16129,0,5.7557195114390227
"DIVCORE/7/8/17/DIV/top-one",16129,0,6.2517205034410068
"DIVCORE/7/8/17/MOD/top-one",16129,0,6.4376588753177506
"DIVCORE/7/8/17/DIV/padded",16129,0,5.9158658317316632
"DIVCORE/7/8/17/MOD/padded",16129,0,5.7660115320230645
"DIVCORE/7/8/127/DIV/normalized",16129,0,6.228408456816914
"DIVCORE/7/8/127/MOD/normalized",16129,0,6.0217620435240873
"DIVCORE/7/8/127/DIV/top-clear",16129,0,7.2592225184450365
"DIVCORE/7/8/127/MOD/top-clear",16129,0,5.9726579453158903
"DIVCORE/7/8/127/DIV/top-one",16129,0,6.0708041416082832
"DIVCORE/7/8/127/MOD/top-one",16129,0,5.8150536301072604
"DIVCORE/7/8/127/DIV/padded",16129,0,6.2000124000248
"DIVCORE/7/8/127/MOD/padded",16129,0,6.0966581933163866
"DIVCORE/8/8/17/DIV/normalized",15625,0,21.634623999999999
"DIVCORE/8/8/17/MOD/normalized",15625,0,13.378624
"DIVCORE/8/8/17/DIV/top-clear",15625,0,28.346688
"DIVCORE/8/8/17/MOD/top-clear",15625,0,25.586687999999999
"DIVCORE/8/8/17/DIV/top-one",15625,0,28.536000000000001
"DIVCORE/8/8/17/MOD/top-one",15625,0,26.527999999999999
"DIVCORE/8/8/17/DIV/padded",15625,0,22.231999999999999
"DIVCORE/8/8/17/MOD/padded",15625,0,13.112
"DIVCORE/8/8/127/DIV/normalized",15625,0,21.005312
"DIVCORE/8/8/127/MOD/normalized",15625,0,12.930624
"DIVCORE/8/8/127/DIV/top-clear",15625,0,26.501311999999999
"DIVCORE/8/8/127/MOD/top-clear",15625,0,28.325312
"DIVCORE/8/8/127/DIV/top-one",15625,0,26.402688000000001
"DIVCORE/8/8/127/MOD/top-one",15625,0,26.557312
"DIVCORE/8/8/127/DIV/padded",15625,0,21.719999999999999
"DIVCORE/8/8/127/MOD/padded",15625,0,12.549376000000001
"DIVCORE/9/8/17/DIV/normalized",15151,0,27.096693287571778
"DIVCORE/9/8/17/MOD/normalized",15151,0,23.2960200646822
"DIVCORE/9/8/17/DIV/top-clear",15151,0,42.024156821331928
"DIVCORE/9/8/17/MOD/top-clear",15151,0,43.655006270213185
"DIVCORE/9/8/17/DIV/top-one",15151,0,42.205662992541747
"DIVCORE/9/8/17/MOD/top-one",15151,0,44.661540492376744
"DIVCORE/9/8/17/DIV/padded",15151,0,24.979077288627813
"DIVCORE/9/8/17/MOD/padded",15151,0,24.836116427958551
"DIVCORE/9/8/17/DIV/add-back",15151,0,30.451785360702264
"DIVCORE/9/8/17/MOD/add-back",15151,0,24.913075044551515
"DIVCORE/9/8/127/DIV/normalized",15151,0,27.195630651442148
"DIVCORE/9/8/127/MOD/normalized",15151,0,23.026532902118671
"DIVCORE/9/8/127/DIV/top-clear",15151,0,44.27371130618441
"DIVCORE/9/8/127/MOD/top-clear",15151,0,43.740215167315689
"DIVCORE/9/8/127/DIV/top-one",15151,0,42.678701075836578
"DIVCORE/9/8/127/MOD/top-one",15151,0,40.321892944360108
"DIVCORE/9/8/127/DIV/padded",15151,0,25.551118738037093
"DIVCORE/9/8/127/MOD/padded",15151,0,24.789320836908455
"DIVCORE/16/8/17/DIV/normalized",12500,0,147.28
"DIVCORE/16/8/17/MOD/normalized",12500,0,145.58336
"DIVCORE/16/8/17/DIV/top-clear",12500,0,160.95671999999999
"DIVCORE/16/8/17/MOD/top-clear",12500,0,165.72336000000001
"DIVCORE/16/8/17/DIV/top-one",12500,0,163.36663999999999
"DIVCORE/16/8/17/MOD/top-one",12500,0,166.63
"DIVCORE/16/8/17/DIV/padded",12500,0,151.10336000000001
"DIVCORE/16/8/17/MOD/padded",12500,0,141.18000000000001
"DIVCORE/16/8/17/DIV/add-back",12500,0,113.01336000000001
"DIVCORE/16/8/17/MOD/add-back",12500,0,110.84327999999999
"DIVCORE/16/8/127/DIV/normalized",12500,0,145.50999999999999
"DIVCORE/16/8/127/MOD/normalized",12500,0,144.59327999999999
"DIVCORE/16/8/127/DIV/top-clear",12500,0,163.83000000000001
"DIVCORE/16/8/127/MOD/top-clear",12500,0,165.09999999999999
"DIVCORE/16/8/127/DIV/top-one",12500,0,163.16999999999999
"DIVCORE/16/8/127/MOD/top-one",12500,0,166.19
"DIVCORE/16/8/127/DIV/padded",12500,0,147.20328000000001
"DIVCORE/16/8/127/MOD/padded",12500,0,147.60328000000001
"DIVCORE/32/8/17/DIV/normalized",8928,0,408.62544802867382
"DIVCORE/32/8/17/MOD/normalized",8928,0,416.8999775985663
"DIVCORE/32/8/17/DIV/top-clear",8928,0,441.95228494623655
"DIVCORE/32/8/17/MOD/top-clear",8928,0,422.37903225806451
"DIVCORE/32/8/17/DIV/top-one",8928,0,463.63967293906808
"DIVCORE/32/8/17/MOD/top-one",8928,0,453.16229838709677
"DIVCORE/32/8/17/DIV/padded",8928,0,426.67730734767025
"DIVCORE/32/8/17/MOD/padded",8928,0,421.65098566308245
"DIVCORE/32/8/17/DIV/add-back",8928,0,297.89706541218641
"DIVCORE/32/8/17/MOD/add-back",8928,0,304.40277777777777
"DIVCORE/32/8/127/DIV/normalized",8928,0,414.09050179211471
"DIVCORE/32/8/127/MOD/normalized",8928,0,421.28225806451616
"DIVCORE/32/8/127/DIV/top-clear",8928,0,431.7223342293907
"DIVCORE/32/8/127/MOD/top-clear",8928,0,437.53729838709677
"DIVCORE/32/8/127/DIV/top-one",8928,0,443.68380376344084
"DIVCORE/32/8/127/MOD/top-one",8928,0,447.1513216845878
"DIVCORE/32/8/127/DIV/padded",8928,0,426.83131720430106
"DIVCORE/32/8/127/MOD/padded",8928,0,452.01422491039426
"DIVCORE/40/8/17/DIV/normalized",7812,0,597.42498719918069
"DIVCORE/40/8/17/MOD/normalized",7812,0,609.50025601638504
"DIVCORE/40/8/17/DIV/top-clear",7812,0,581.66922683051712
"DIVCORE/40/8/17/MOD/top-clear",7812,0,588.34703020993345
"DIVCORE/40/8/17/DIV/top-one",7812,0,593.23259088581665
"DIVCORE/40/8/17/MOD/top-one",7812,0,613.47926267281105
"DIVCORE/40/8/17/DIV/padded",7812,0,565.71095750128006
"DIVCORE/40/8/17/MOD/padded",7812,0,595.48886328725041
"DIVCORE/40/8/17/DIV/add-back",7812,0,415.92524321556579
"DIVCORE/40/8/17/MOD/add-back",7812,0,407.49270353302609
"DIVCORE/40/8/127/DIV/normalized",7812,0,584.43215565796208
"DIVCORE/40/8/127/MOD/normalized",7812,0,589.57373271889401
"DIVCORE/40/8/127/DIV/top-clear",7812,0,614.57258064516134
"DIVCORE/40/8/127/MOD/top-clear",7812,0,609.3243727598566
"DIVCORE/40/8/127/DIV/top-one",7812,0,591.37122375832053
"DIVCORE/40/8/127/MOD/top-one",7812,0,588.77905785970302
"DIVCORE/40/8/127/DIV/padded",7812,0,561.93996415770607
"DIVCORE/40/8/127/MOD/padded",7812,0,546.30696364567336
"DIVCORE/1032/8/17/DIV/normalized",473,0,18434.372093023256
"DIVCORE/1032/8/17/MOD/normalized",473,0,18341.086680761098
"DIVCORE/1032/8/17/DIV/top-clear",473,0,17793.868921775898
"DIVCORE/1032/8/17/MOD/top-clear",473,0,18039.81818181818
"DIVCORE/1032/8/17/DIV/top-one",473,0,18322.587737843551
"DIVCORE/1032/8/17/MOD/top-one",473,0,18178.733615221987
"DIVCORE/1032/8/17/DIV/padded",473,0,18802.765327695561
"DIVCORE/1032/8/17/MOD/padded",473,0,18754.756871035941
"DIVCORE/1032/8/17/DIV/add-back",473,0,12424.771670190275
"DIVCORE/1032/8/17/MOD/add-back",473,0,12206.131078224102
"DIVCORE/1032/8/127/DIV/normalized",473,0,19368.746300211416
"DIVCORE/1032/8/127/MOD/normalized",473,0,18057.082452431288
"DIVCORE/1032/8/127/DIV/top-clear",473,0,17305.408033826639
"DIVCORE/1032/8/127/MOD/top-clear",473,0,18957.716701902747
"DIVCORE/1032/8/127/DIV/top-one",473,0,18430.849894291754
"DIVCORE/1032/8/127/MOD/top-one",473,0,18188.513742071882
"DIVCORE/1032/8/127/DIV/padded",473,0,18220.490486257928
"DIVCORE/1032/8/127/MOD/padded",473,0,18871.389006342495
"DIVCORE/15/16/17/DIV/normalized",10638,0,6.1532242902801277
"DIVCORE/15/16/17/MOD/normalized",10638,0,5.8751645046061292
"DIVCORE/15/16/17/DIV/top-clear",10638,0,5.8594660650498218
"DIVCORE/15/16/17/MOD/top-clear",10638,0,6.1649746192893398
"DIVCORE/15/16/17/DIV/top-one",10638,0,5.8791126151532245
"DIVCORE/15/16/17/MOD/top-one",10638,0,5.2993983831547284
"DIVCORE/15/16/17/DIV/padded",10638,0,6.7760857304004514
"DIVCORE/15/16/17/MOD/padded",10638,0,6.0827223162248547
"DIVCORE/15/16/127/DIV/normalized",10638,0,5.671460800902425
"DIVCORE/15/16/127/MOD/normalized",10638,0,6.0631697687535251
"DIVCORE/15/16/127/DIV/top-clear",10638,0,6.1689227298364351
"DIVCORE/15/16/127/MOD/top-clear",10638,0,5.5814062793758223
"DIVCORE/15/16/127/DIV/top-one",10638,0,6.0944726452340667
"DIVCORE/15/16/127/MOD/top-one",10638,0,5.9652190261327318
"DIVCORE/15/16/127/DIV/padded",10638,0,6.1415679639029896
"DIVCORE/15/16/127/MOD/padded",10638,0,6.08667042677195
"DIVCORE/16/16/17/DIV/normalized",10416,0,18.505184331797235
"DIVCORE/16/16/17/MOD/normalized",10416,0,14.560963901689709
"DIVCORE/16/16/17/DIV/top-clear",10416,0,35.634312596006147
"DIVCORE/16/16/17/MOD/top-clear",10416,0,41.266705069124427
"DIVCORE/16/16/17/DIV/top-one",10416,0,37.602342549923193
"DIVCORE/16/16/17/MOD/top-one",10416,0,41.554723502304149
"DIVCORE/16/16/17/DIV/padded",10416,0,18.769201228878647
"DIVCORE/16/16/17/MOD/padded",10416,0,14.240879416282642
"DIVCORE/16/16/127/DIV/normalized",10416,0,25.565668202764979
"DIVCORE/16/16/127/MOD/normalized",10416,0,23.549443164362518
"DIVCORE/16/16/127/DIV/top-clear",10416,0,35.730318740399383
"DIVCORE/16/16/127/MOD/top-clear",10416,0,38.786482334869433
"DIVCORE/16/16/127/DIV/top-one",10416,0,36.910330261136714
"DIVCORE/16/16/127/MOD/top-one",10416,0,41.050595238095241
"DIVCORE/16/16/127/DIV/padded",10416,0,25.989727342549923
"DIVCORE/16/16/127/MOD/padded",10416,0,23.4375
"DIVCORE/17/16/17/DIV/normalized",10204,0,51.662779302234419
"DIVCORE/17/16/17/MOD/normalized",10204,0,49.600646805174442
"DIVCORE/17/16/17/DIV/top-clear",10204,0,64.088396707173658
"DIVCORE/17/16/17/MOD/top-clear",10204,0,67.632791062328494
"DIVCORE/17/16/17/DIV/top-one",10204,0,64.729517836142691
"DIVCORE/17/16/17/MOD/top-one",10204,0,67.63690709525676
"DIVCORE/17/16/17/DIV/padded",10204,0,51.025774206193653
"DIVCORE/17/16/17/MOD/padded",10204,0,50.221285770286165
"DIVCORE/17/16/17/DIV/add-back",10204,0,41.08682869462956
"DIVCORE/17/16/17/MOD/add-back",10204,0,35.386417091336732
"DIVCORE/17/16/127/DIV/normalized",10204,0,52.544786358290864
"DIVCORE/17/16/127/MOD/normalized",10204,0,51.523912191297534
"DIVCORE/17/16/127/DIV/top-clear",10204,0,58.775970207761659
"DIVCORE/17/16/127/MOD/top-clear",10204,0,63.745393963151706
"DIVCORE/17/16/127/DIV/top-one",10204,0,63.614758918071345
"DIVCORE/17/16/127/MOD/top-one",10204,0,67.216287730301843
"DIVCORE/17/16/127/DIV/padded",10204,0,49.968149745197962
"DIVCORE/17/16/127/MOD/padded",10204,0,47.563014504116033
"DIVCORE/32/16/17/DIV/normalized",7812,0,399.90834613415257
"DIVCORE/32/16/17/MOD/normalized",7812,0,401.46031746031747
"DIVCORE/32/16/17/DIV/top-clear",7812,0,428.71018945212495
"DIVCORE/32/16/17/MOD/top-clear",7812,0,429.47811059907832
"DIVCORE/32/16/17/DIV/top-one",7812,0,416.90668202764977
"DIVCORE/32/16/17/MOD/top-one",7812,0,430.87557603686633
"DIVCORE/32/16/17/DIV/padded",7812,0,410.41026625704046
"DIVCORE/32/16/17/MOD/padded",7812,0,403.73246287762419
"DIVCORE/32/16/17/DIV/add-back",7812,0,459.34139784946234
"DIVCORE/32/16/17/MOD/add-back",7812,0,454.29582693292372
"DIVCORE/32/16/127/DIV/normalized",7812,0,411.35432667690731
"DIVCORE/32/16/127/MOD/normalized",7812,0,412.23975934459804
"DIVCORE/32/16/127/DIV/top-clear",7812,0,434.68381976446494
"DIVCORE/32/16/127/MOD/top-clear",7812,0,434.47043010752691
"DIVCORE/32/16/127/DIV/top-one",7812,0,421.64298515104969
"DIVCORE/32/16/127/MOD/top-one",7812,0,421.15757808499745
"DIVCORE/32/16/127/DIV/padded",7812,0,411.93036354326676
"DIVCORE/32/16/127/MOD/padded",7812,0,400.69764464925754
"DIVCORE/48/16/17/DIV/normalized",6250,0,756.02671999999995
"DIVCORE/48/16/17/MOD/normalized",6250,0,749.02656000000002
"DIVCORE/48/16/17/DIV/top-clear",6250,0,815.15328
"DIVCORE/48/16/17/MOD/top-clear",6250,0,791.15999999999997
"DIVCORE/48/16/17/DIV/top-one",6250,0,837.88656000000003
"DIVCORE/48/16/17/MOD/top-one",6250,0,835.81327999999996
"DIVCORE/48/16/17/DIV/padded",6250,0,760.61343999999997
"DIVCORE/48/16/17/MOD/padded",6250,0,779.26656000000003
"DIVCORE/48/16/17/DIV/add-back",6250,0,889.74000000000001
"DIVCORE/48/16/17/MOD/add-back",6250,0,867.22000000000003
"DIVCORE/48/16/127/DIV/normalized",6250,0,808.09328000000005
"DIVCORE/48/16/127/MOD/normalized",6250,0,804.79999999999995
"DIVCORE/48/16/127/DIV/top-clear",6250,0,855.48671999999999
"DIVCORE/48/16/127/MOD/top-clear",6250,0,823.59328000000005
"DIVCORE/48/16/127/DIV/top-one",6250,0,806.46655999999996
"DIVCORE/48/16/127/MOD/top-one",6250,0,782.40656000000001
"DIVCORE/48/16/127/DIV/padded",6250,0,807.08672000000001
"DIVCORE/48/16/127/MOD/padded",6250,0,800.40656000000001
"DIVCORE/64/16/17/DIV/normalized",5208,0,1164.5625960061443
"DIVCORE/64/16/17/MOD/normalized",5208,0,1149.1376728110599
"DIVCORE/64/16/17/DIV/top-clear",5208,0,1237.9752304147466
"DIVCORE/64/16/17/MOD/top-clear",5208,0,1191.5163210445469
"DIVCORE/64/16/17/DIV/top-one",5208,0,1227.0464669738863
"DIVCORE/64/16/17/MOD/top-one",5208,0,1231.6388248847927
"DIVCORE/64/16/17/DIV/padded",5208,0,1163.1703149001537
"DIVCORE/64/16/17/MOD/padded",5208,0,1154.0979262672811
"DIVCORE/64/16/17/DIV/add-back",5208,0,1295.2507680491551
"DIVCORE/64/16/17/MOD/add-back",5208,0,1291.9786866359448
"DIVCORE/64/16/127/DIV/normalized",5208,0,1163.2425115207373
"DIVCORE/64/16/127/MOD/normalized",5208,0,1163.1624423963133
"DIVCORE/64/16/127/DIV/top-clear",5208,0,1199.5408986175116
"DIVCORE/64/16/127/MOD/top-clear",5208,0,1288.6745391705069
"DIVCORE/64/16/127/DIV/top-one",5208,0,1212.3095238095239
"DIVCORE/64/16/127/MOD/top-one",5208,0,1223.8143241167434
"DIVCORE/64/16/127/DIV/padded",5208,0,1216.6138632872503
"DIVCORE/64/16/127/MOD/padded",5208,0,1198.0205453149001
"DIVCORE/1040/16/17/DIV/normalized",466,0,24577.69957081545
"DIVCORE/1040/16/17/MOD/normalized",418,0,24842.602870813396
"DIVCORE/1040/16/17/DIV/top-clear",466,0,26908.798283261804
"DIVCORE/1040/16/17/MOD/top-clear",466,0,26881.706008583689
"DIVCORE/1040/16/17/DIV/top-one",376,0,25938.718085106382
"DIVCORE/1040/16/17/MOD/top-one",383,0,26242.819843342037
"DIVCORE/1040/16/17/DIV/padded",466,0,24854.43347639485
"DIVCORE/1040/16/17/MOD/padded",466,0,25211.015021459229
"DIVCORE/1040/16/17/DIV/add-back",466,0,27161.480686695279
"DIVCORE/1040/16/17/MOD/add-back",466,0,27231.937768240343
"DIVCORE/1040/16/127/DIV/normalized",372,0,27637.096774193549
"DIVCORE/1040/16/127/MOD/normalized",375,0,27509.223999999998
"DIVCORE/1040/16/127/DIV/top-clear",367,0,27046.888283378747
"DIVCORE/1040/16/127/MOD/top-clear",466,0,27591.201716738196
"DIVCORE/1040/16/127/DIV/top-one",466,0,25511.802575107296
"DIVCORE/1040/16/127/MOD/top-one",400,0,25035.625
"DIVCORE/1040/16/127/DIV/padded",466,0,27580.472103004293
"DIVCORE/1040/16/127/MOD/padded",376,0,27652.925531914894
"DIVCORE/31/32/17/DIV/normalized",6329,0,7.8541633749407493
"DIVCORE/31/32/17/MOD/normalized",6329,0,7.0442407963343339
"DIVCORE/31/32/17/DIV/top-clear",6329,0,8.1371464686364359
"DIVCORE/31/32/17/MOD/top-clear",6329,0,8.4334018012324226
"DIVCORE/31/32/17/DIV/top-one",6329,0,8.4201295623321215
"DIVCORE/31/32/17/MOD/top-one",6329,0,8.1700110601990836
"DIVCORE/31/32/17/DIV/padded",6329,0,7.8344130194343498
"DIVCORE/31/32/17/MOD/padded",6329,0,7.4591562648127665
"DIVCORE/31/32/127/DIV/normalized",6329,0,7.8342550165902987
"DIVCORE/31/32/127/MOD/normalized",6329,0,7.5117712118818138
"DIVCORE/31/32/127/DIV/top-clear",6329,0,7.7223890030020543
"DIVCORE/31/32/127/MOD/top-clear",6329,0,7.3799968399431188
"DIVCORE/31/32/127/DIV/top-one",6329,0,7.7881181861273499
"DIVCORE/31/32/127/MOD/top-one",6329,0,7.1363564544161795
"DIVCORE/31/32/127/DIV/padded",6329,0,7.5906146310633593
"DIVCORE/31/32/127/MOD/padded",6329,0,7.0772633907410336
"DIVCORE/32/32/17/DIV/normalized",6250,0,44.213279999999997
"DIVCORE/32/32/17/MOD/normalized",6250,0,38.926720000000003
"DIVCORE/32/32/17/DIV/top-clear",6250,0,66.053439999999995
"DIVCORE/32/32/17/MOD/top-clear",6250,0,68.853279999999998
"DIVCORE/32/32/17/DIV/top-one",6250,0,63.333440000000003
"DIVCORE/32/32/17/MOD/top-one",6250,0,70.893280000000004
"DIVCORE/32/32/17/DIV/padded",6250,0,42.479999999999997
"DIVCORE/32/32/17/MOD/padded",6250,0,39.533279999999998
"DIVCORE/32/32/127/DIV/normalized",6250,0,42.82
"DIVCORE/32/32/127/MOD/normalized",6250,0,38.793439999999997
"DIVCORE/32/32/127/DIV/top-clear",6250,0,63.780000000000001
"DIVCORE/32/32/127/MOD/top-clear",6250,0,69.113280000000003
"DIVCORE/32/32/127/DIV/top-one",6250,0,66.346720000000005
"DIVCORE/32/32/127/MOD/top-one",6250,0,70.773439999999994
"DIVCORE/32/32/127/DIV/padded",6250,0,43.119999999999997
"DIVCORE/32/32/127/MOD/padded",6250,0,38.619999999999997
"DIVCORE/33/32/17/DIV/normalized",6172,0,54.054601425793905
"DIVCORE/33/32/17/MOD/normalized",6172,0,47.526409591704471
"DIVCORE/33/32/17/DIV/top-clear",6172,0,106.91429034348671
"DIVCORE/33/32/17/MOD/top-clear",6172,0,111.47780298120544
"DIVCORE/33/32/17/DIV/top-one",6172,0,98.41477640959171
"DIVCORE/33/32/17/MOD/top-one",6172,0,104.32193778353856
"DIVCORE/33/32/17/DIV/padded",6172,0,50.064808813998702
"DIVCORE/33/32/17/MOD/padded",6172,0,45.433570965651327
"DIVCORE/33/32/17/DIV/add-back",6172,0,66.59769928710304
"DIVCORE/33/32/17/MOD/add-back",6172,0,59.846889176928059
"DIVCORE/33/32/127/DIV/normalized",6172,0,84.237848347375248
"DIVCORE/33/32/127/MOD/normalized",6172,0,78.519928710304598
"DIVCORE/33/32/127/DIV/top-clear",6172,0,105.17919637070642
"DIVCORE/33/32/127/MOD/top-clear",6172,0,102.72877511341542
"DIVCORE/33/32/127/DIV/top-one",6172,0,103.67384964355152
"DIVCORE/33/32/127/MOD/top-one",6172,0,109.99270900842515
"DIVCORE/33/32/127/DIV/padded",6172,0,83.171257290991576
"DIVCORE/33/32/127/MOD/padded",6172,0,81.139176928062213
"DIVCORE/64/32/17/DIV/normalized",4464,0,1287.5689964157707
"DIVCORE/64/32/17/MOD/normalized",4464,0,1281.2968189964158
"DIVCORE/64/32/17/DIV/top-clear",4464,0,1371.5557795698924
"DIVCORE/64/32/17/MOD/top-clear",4464,0,1382.4298835125448
"DIVCORE/64/32/17/DIV/top-one",4464,0,1326.3517025089607
"DIVCORE/64/32/17/MOD/top-one",4464,0,1320.9659498207886
"DIVCORE/64/32/17/DIV/padded",4464,0,1278.2258064516129
"DIVCORE/64/32/17/MOD/padded",4464,0,1313.2840501792114
"DIVCORE/64/32/17/DIV/add-back",4464,0,1612.5672043010752
"DIVCORE/64/32/17/MOD/add-back",4464,0,1595.682123655914
"DIVCORE/64/32/127/DIV/normalized",4464,0,1417.9081541218638
"DIVCORE/64/32/127/MOD/normalized",4464,0,1338.4950716845879
"DIVCORE/64/32/127/DIV/top-clear",4464,0,1393.3879928315412
"DIVCORE/64/32/127/MOD/top-clear",4464,0,1407.258064516129
"DIVCORE/64/32/127/DIV/top-one",4464,0,1379.2096774193549
"DIVCORE/64/32/127/MOD/top-one",4464,0,1490.2927867383512
"DIVCORE/64/32/127/DIV/padded",4464,0,1356.2762096774193
"DIVCORE/64/32/127/MOD/padded",4464,0,1376.6241039426523
"DIVCORE/128/32/17/DIV/normalized",2425,0,4239.6907216494847
"DIVCORE/128/32/17/MOD/normalized",2840,0,4097.0802816901405
"DIVCORE/128/32/17/DIV/top-clear",2364,0,4282.1137901861248
"DIVCORE/128/32/17/MOD/top-clear",2840,0,4141.4172535211264
"DIVCORE/128/32/17/DIV/top-one",2840,0,3921.5080985915492
"DIVCORE/128/32/17/MOD/top-one",2670,0,3862.0161048689138
"DIVCORE/128/32/17/DIV/padded",2840,0,4018.8672535211267
"DIVCORE/128/32/17/MOD/padded",2599,0,3980.5051943055023
"DIVCORE/128/32/17/DIV/add-back",2131,0,4799.9178789300795
"DIVCORE/128/32/17/MOD/add-back",2133,0,4736.3647444913267
"DIVCORE/128/32/127/DIV/normalized",2643,0,3884.9950813469541
"DIVCORE/128/32/127/MOD/normalized",2840,0,3903.5359154929579
"DIVCORE/128/32/127/DIV/top-clear",2840,0,4088.6147887323946
"DIVCORE/128/32/127/MOD/top-clear",2840,0,4103.4475352112677
"DIVCORE/128/32/127/DIV/top-one",2514,0,4047.0696101829753
"DIVCORE/128/32/127/MOD/top-one",2840,0,4029.1373239436621
"DIVCORE/128/32/127/DIV/padded",2557,0,3959.5717637856865
"DIVCORE/128/32/127/MOD/padded",2525,0,3980.7425742574255
"DIVCORE/1056/32/17/DIV/normalized",221,0,45506.031674208141
"DIVCORE/1056/32/17/MOD/normalized",220,0,44532.954545454544
"DIVCORE/1056/32/17/DIV/top-clear",229,0,44812.043668122271
"DIVCORE/1056/32/17/MOD/top-clear",228,0,44815.241228070176
"DIVCORE/1056/32/17/DIV/top-one",252,0,42868.55158730159
"DIVCORE/1056/32/17/MOD/top-one",452,0,43470.042035398234
"DIVCORE/1056/32/17/DIV/padded",216,0,46908.175925925927
"DIVCORE/1056/32/17/MOD/padded",438,0,45357.40182648402
"DIVCORE/1056/32/17/DIV/add-back",396,0,51197.391414141413
"DIVCORE/1056/32/17/MOD/add-back",196,0,54235.117346938772
"DIVCORE/1056/32/127/DIV/normalized",438,0,43332.762557077629
"DIVCORE/1056/32/127/MOD/normalized",452,0,42580.199115044248
"DIVCORE/1056/32/127/DIV/top-clear",436,0,46267.582568807338
"DIVCORE/1056/32/127/MOD/top-clear",219,0,44789
"DIVCORE/1056/32/127/DIV/top-one",228,0,45544.039473684214
"DIVCORE/1056/32/127/MOD/top-one",219,0,45782.15525114155
"DIVCORE/1056/32/127/DIV/padded",452,0,42894.35840707965
"DIVCORE/1056/32/127/MOD/padded",452,0,42901.455752212387
"DIVCORE/63/64/17/DIV/normalized",3496,0,7.7588672768878721
"DIVCORE/63/64/17/MOD/normalized",3496,0,7.6636155606407321
"DIVCORE/63/64/17/DIV/top-clear",3496,0,6.8887299771167045
"DIVCORE/63/64/17/MOD/top-clear",3496,0,7.0317505720823803
"DIVCORE/63/64/17/DIV/top-one",3496,0,6.9485125858123569
"DIVCORE/63/64/17/MOD/top-one",3496,0,6.4118993135011442
"DIVCORE/63/64/17/DIV/padded",3496,0,6.721967963386728
"DIVCORE/63/64/17/MOD/padded",3496,0,6.3764302059496565
"DIVCORE/63/64/127/DIV/normalized",3496,0,7.5443363844393589
"DIVCORE/63/64/127/MOD/normalized",3496,0,6.4836956521739131
"DIVCORE/63/64/127/DIV/top-clear",3496,0,7.5443363844393589
"DIVCORE/63/64/127/MOD/top-clear",3496,0,7.0080091533180777
"DIVCORE/63/64/127/DIV/top-one",3496,0,6.9485125858123569
"DIVCORE/63/64/127/MOD/top-one",3496,0,7.2700228832951943
"DIVCORE/63/64/127/DIV/padded",3496,0,8.9982837528604112
"DIVCORE/63/64/127/MOD/padded",3496,0,6.6741990846681922
"DIVCORE/64/64/17/DIV/normalized",3472,0,23.209389400921658
"DIVCORE/64/64/17/MOD/normalized",3472,0,14.028801843317972
"DIVCORE/64/64/17/DIV/top-clear",3472,0,129.27217741935485
"DIVCORE/64/64/17/MOD/top-clear",3472,0,132.17655529953916
"DIVCORE/64/64/17/DIV/top-one",3472,0,126.32027649769586
"DIVCORE/64/64/17/MOD/top-one",3472,0,133.2684331797235
"DIVCORE/64/64/17/DIV/padded",3472,0,22.597638248847925
"DIVCORE/64/64/17/MOD/padded",3472,0,15.38508064516129
"DIVCORE/64/64/127/DIV/normalized",3472,0,77.933179723502306
"DIVCORE/64/64/127/MOD/normalized",3472,0,74.116935483870961
"DIVCORE/64/64/127/DIV/top-clear",3472,0,124.05184331797236
"DIVCORE/64/64/127/MOD/top-clear",3472,0,132.72868663594471
"DIVCORE/64/64/127/DIV/top-one",3472,0,127.22004608294931
"DIVCORE/64/64/127/MOD/top-one",3472,0,132.38047235023041
"DIVCORE/64/64/127/DIV/padded",3472,0,81.725230414746548
"DIVCORE/64/64/127/MOD/padded",3472,0,71.056451612903231
"DIVCORE/65/64/17/DIV/normalized",3448,0,148.04466357308584
"DIVCORE/65/64/17/MOD/normalized",3448,0,142.46171693735499
"DIVCORE/65/64/17/DIV/top-clear",3448,0,189.78393271461718
"DIVCORE/65/64/17/MOD/top-clear",3448,0,203.125
"DIVCORE/65/64/17/DIV/top-one",3448,0,192.62354988399071
"DIVCORE/65/64/17/MOD/top-one",3448,0,204.33352668213456
"DIVCORE/65/64/17/DIV/padded",3448,0,148.83004640371229
"DIVCORE/65/64/17/MOD/padded",3448,0,140.60063805104409
"DIVCORE/65/64/17/DIV/add-back",3448,0,122.69170533642692
"DIVCORE/65/64/17/MOD/add-back",3448,0,117.27813225058004
"DIVCORE/65/64/127/DIV/normalized",3448,0,149.94199535962878
"DIVCORE/65/64/127/MOD/normalized",3448,0,143.47679814385151
"DIVCORE/65/64/127/DIV/top-clear",3448,0,189.56641531322506
"DIVCORE/65/64/127/MOD/top-clear",3448,0,200.04350348027842
"DIVCORE/65/64/127/DIV/top-one",3448,0,195.92285382830627
"DIVCORE/65/64/127/MOD/top-one",3448,0,206.3636890951276
"DIVCORE/65/64/127/DIV/padded",3448,0,148.89066125290023
"DIVCORE/65/64/127/MOD/padded",3448,0,141.0237819025522
"DIVCORE/96/64/17/DIV/normalized",2840,0,2354.342605633803
"DIVCORE/96/64/17/MOD/normalized",2840,0,2338.1306338028171
"DIVCORE/96/64/17/DIV/top-clear",2840,0,2501.2323943661972
"DIVCORE/96/64/17/MOD/top-clear",2840,0,2500.9683098591549
"DIVCORE/96/64/17/DIV/top-one",2840,0,2353.6971830985917
"DIVCORE/96/64/17/MOD/top-one",2840,0,2446.0535211267606
"DIVCORE/96/64/17/DIV/padded",2840,0,2360.1672535211269
"DIVCORE/96/64/17/MOD/padded",2840,0,2351.4669014084507
"DIVCORE/96/64/17/DIV/add-back",2840,0,3302.0978873239437
"DIVCORE/96/64/17/MOD/add-back",2840,0,3309.1693661971831
"DIVCORE/96/64/127/DIV/normalized",2840,0,2337.5880281690143
"DIVCORE/96/64/127/MOD/normalized",2840,0,2222.3883802816899
"DIVCORE/96/64/127/DIV/top-clear",2840,0,2365.067253521127
"DIVCORE/96/64/127/MOD/top-clear",2840,0,2396.9774647887325
"DIVCORE/96/64/127/DIV/top-one",2840,0,2446.9630281690143
"DIVCORE/96/64/127/MOD/top-one",2840,0,2466.4464788732394
"DIVCORE/96/64/127/DIV/padded",2840,0,2333.9492957746479
"DIVCORE/96/64/127/MOD/padded",2840,0,2350.1908450704227
"DIVCORE/128/64/17/DIV/normalized",2403,0,4743.1856013316683
"DIVCORE/128/64/17/MOD/normalized",2125,0,4726.8037647058827
"DIVCORE/128/64/17/DIV/top-clear",2403,0,4627.8784852268
"DIVCORE/128/64/17/MOD/top-clear",2403,0,4711.9225967540578
"DIVCORE/128/64/17/DIV/top-one",2403,0,4801.8622555139409
"DIVCORE/128/64/17/MOD/top-one",2403,0,4836.2983770287137
"DIVCORE/128/64/17/DIV/padded",2119,0,4625.3737612081168
"DIVCORE/128/64/17/MOD/padded",2215,0,4702.4081264108354
"DIVCORE/128/64/17/DIV/add-back",1542,0,6873.1089494163425
"DIVCORE/128/64/17/MOD/add-back",2403,0,6548.7062005826047
"DIVCORE/128/64/127/DIV/normalized",2150,0,4675.7944186046516
"DIVCORE/128/64/127/MOD/normalized",2403,0,4693.3695380774034
"DIVCORE/128/64/127/DIV/top-clear",2047,0,4900.566194430874
"DIVCORE/128/64/127/MOD/top-clear",2024,0,4914.937747035573
"DIVCORE/128/64/127/DIV/top-one",2403,0,4850.2392842280478
"DIVCORE/128/64/127/MOD/top-one",2059,0,4867.4720738222441
"DIVCORE/128/64/127/DIV/padded",2117,0,4693.5323571091167
"DIVCORE/128/64/127/MOD/padded",2228,0,4635.3231597845597
"DIVCORE/256/64/17/DIV/normalized",1024,0,14275.87890625
"DIVCORE/256/64/17/MOD/normalized",1024,0,14300.7412109375
"DIVCORE/256/64/17/DIV/top-clear",1024,0,13952.595703125
"DIVCORE/256/64/17/MOD/top-clear",1024,0,13464.2333984375
"DIVCORE/256/64/17/DIV/top-one",1024,0,14488.5654296875
"DIVCORE/256/64/17/MOD/top-one",1024,0,14576.130859375
"DIVCORE/256/64/17/DIV/padded",1024,0,13977.0107421875
"DIVCORE/256/64/17/MOD/padded",1024,0,14357.748046875
"DIVCORE/256/64/17/DIV/add-back",1024,0,19497.2734375
"DIVCORE/256/64/17/MOD/add-back",1010,0,19501.237623762376
"DIVCORE/256/64/127/DIV/normalized",1024,0,14276.7333984375
"DIVCORE/256/64/127/MOD/normalized",1024,0,14322.8759765625
"DIVCORE/256/64/127/DIV/top-clear",1024,0,14505.2080078125
"DIVCORE/256/64/127/MOD/top-clear",1024,0,14272.0947265625
"DIVCORE/256/64/127/DIV/top-one",1024,0,14064.4931640625
"DIVCORE/256/64/127/MOD/top-one",1024,0,14314.208984375
"DIVCORE/256/64/127/DIV/padded",1024,0,14271.240234375
"DIVCORE/256/64/127/MOD/padded",1024,0,14118.693359375
"DIVCORE/1088/64/17/DIV/normalized",135,0,83538.888888888891
"DIVCORE/1088/64/17/MOD/normalized",256,0,77504.06640625
"DIVCORE/1088/64/17/DIV/top-clear",268,0,74081.156716417914
"DIVCORE/1088/64/17/MOD/top-clear",266,0,71827.849624060153
"DIVCORE/1088/64/17/DIV/top-one",260,0,77401.603846153841
"DIVCORE/1088/64/17/MOD/top-one",130,0,77542.307692307688
"DIVCORE/1088/64/17/DIV/padded",129,0,77758.720930232565
"DIVCORE/1088/64/17/MOD/padded",130,0,78092.307692307688
"DIVCORE/1088/64/17/DIV/add-back",128,0,103747.0703125
"DIVCORE/1088/64/17/MOD/add-back",128,0,104209.3125
"DIVCORE/1088/64/127/DIV/normalized",130,0,77389.100000000006
"DIVCORE/1088/64/127/MOD/normalized",130,0,77354.807692307688
"DIVCORE/1088/64/127/DIV/top-clear",131,0,74846.374045801524
"DIVCORE/1088/64/127/MOD/top-clear",139,0,74995.503597122297
"DIVCORE/1088/64/127/DIV/top-one",133,0,75481.827067669175
"DIVCORE/1088/64/127/MOD/top-one",133,0,75621.55639097745
"DIVCORE/1088/64/127/DIV/padded",130,0,77246.476923076916
"DIVCORE/1088/64/127/MOD/padded",131,0,77801.847328244272
"DIVCORE/65536/64/17/DIV/normalized",3,0,4847152.666666667
"DIVCORE/65536/64/17/MOD/normalized",3,0,4947250
"DIVCORE/65536/64/17/DIV/top-one",3,0,4998375
"DIVCORE/65536/64/17/MOD/top-one",3,0,4963569.333333333
"DIVCORE/65536/64/17/DIV/add-back",2,0,6588125
"DIVCORE/65536/64/17/MOD/add-back",2,0,6507104
"DIVCORE/500000/64/17/DIV/normalized",1,0,39564375
"DIVCORE/500000/64/17/MOD/normalized",1,0,38848583
"DIVCORE/500000/64/17/DIV/top-one",1,0,38894500
"DIVCORE/500000/64/17/MOD/top-one",1,0,37793792
"DIVCORE/500000/64/17/DIV/add-back",1,0,49621292
"DIVCORE/500000/64/17/MOD/add-back",1,0,50280625
"DIVCORE/127/128/17/DIV/normalized",1845,0,5.9620596205962055
"DIVCORE/127/128/17/MOD/normalized",1845,0,5.8265582655826558
"DIVCORE/127/128/17/DIV/top-clear",1845,0,5.9392953929539294
"DIVCORE/127/128/17/MOD/top-clear",1845,0,5.8265582655826558
"DIVCORE/127/128/17/DIV/top-one",1845,0,5.9842818428184286
"DIVCORE/127/128/17/MOD/top-one",1845,0,5.691056910569106
"DIVCORE/127/128/17/DIV/padded",1845,0,6.07479674796748
"DIVCORE/127/128/17/MOD/padded",1845,0,5.7360433604336043
"DIVCORE/127/128/127/DIV/normalized",1845,0,5.8943089430894311
"DIVCORE/127/128/127/MOD/normalized",1845,0,5.6460704607046068
"DIVCORE/127/128/127/DIV/top-clear",1845,0,5.8043360433604336
"DIVCORE/127/128/127/MOD/top-clear",1845,0,5.7365853658536583
"DIVCORE/127/128/127/DIV/top-one",1845,0,6.1203252032520323
"DIVCORE/127/128/127/MOD/top-one",1845,0,5.7365853658536583
"DIVCORE/127/128/127/DIV/padded",1845,0,6.5490514905149055
"DIVCORE/127/128/127/MOD/padded",1845,0,5.8037940379403796
"DIVCORE/128/128/17/DIV/normalized",1838,0,28.382480957562567
"DIVCORE/128/128/17/MOD/normalized",1838,0,15.120239390642002
"DIVCORE/128/128/17/DIV/top-clear",1838,0,260.3144722524483
"DIVCORE/128/128/17/MOD/top-clear",1838,0,247.39281828073993
"DIVCORE/128/128/17/DIV/top-one",1838,0,212.3911860718172
"DIVCORE/128/128/17/MOD/top-one",1838,0,265.32480957562569
"DIVCORE/128/128/17/DIV/padded",1838,0,26.59140369967356
"DIVCORE/128/128/17/MOD/padded",1838,0,12.128400435255713
"DIVCORE/128/128/127/DIV/normalized",1838,0,141.25408052230685
"DIVCORE/128/128/127/MOD/normalized",1838,0,143.4075081610446
"DIVCORE/128/128/127/DIV/top-clear",1838,0,226.12894450489662
"DIVCORE/128/128/127/MOD/top-clear",1838,0,261.47062023939066
"DIVCORE/128/128/127/DIV/top-one",1838,0,227.14907508161045
"DIVCORE/128/128/127/MOD/top-one",1838,0,259.20402611534274
"DIVCORE/128/128/127/DIV/padded",1838,0,153.67682263329706
"DIVCORE/128/128/127/MOD/padded",1838,0,145.76496191512513
"DIVCORE/129/128/17/DIV/normalized",1831,0,286.9557618787548
"DIVCORE/129/128/17/MOD/normalized",1831,0,270.54888039322776
"DIVCORE/129/128/17/DIV/top-clear",1831,0,368.28672856362641
"DIVCORE/129/128/17/MOD/top-clear",1831,0,402.1250682687056
"DIVCORE/129/128/17/DIV/top-one",1831,0,369.78864008738395
"DIVCORE/129/128/17/MOD/top-one",1831,0,398.598033861278
"DIVCORE/129/128/17/DIV/padded",1831,0,291.07536865101036
"DIVCORE/129/128/17/MOD/padded",1831,0,275.9421081376297
"DIVCORE/129/128/17/DIV/add-back",1831,0,240.8973238667395
"DIVCORE/129/128/17/MOD/add-back",1831,0,233.1605679956308
"DIVCORE/129/128/127/DIV/normalized",1831,0,282.4959038776625
"DIVCORE/129/128/127/MOD/normalized",1831,0,275.9421081376297
"DIVCORE/129/128/127/DIV/top-clear",1831,0,368.90114691425453
"DIVCORE/129/128/127/MOD/top-clear",1831,0,416.53031130529763
"DIVCORE/129/128/127/DIV/top-one",1831,0,368.51447296559257
"DIVCORE/129/128/127/MOD/top-one",1831,0,404.35554341889679
"DIVCORE/129/128/127/DIV/padded",1831,0,278.53631895139267
"DIVCORE/129/128/127/MOD/padded",1831,0,283.45166575641724
"DIVCORE/160/128/17/DIV/normalized",1644,0,4410.2542579075425
"DIVCORE/160/128/17/MOD/normalized",1644,0,4433.2676399026768
"DIVCORE/160/128/17/DIV/top-clear",1644,0,4631.7165450121656
"DIVCORE/160/128/17/MOD/top-clear",1644,0,4659.4178832116786
"DIVCORE/160/128/17/DIV/top-one",1644,0,4610.1989051094888
"DIVCORE/160/128/17/MOD/top-one",1644,0,5022.9118004866177
"DIVCORE/160/128/17/DIV/padded",1644,0,4263.7877128953769
"DIVCORE/160/128/17/MOD/padded",1644,0,4774.6855231143554
"DIVCORE/160/128/17/DIV/add-back",1393,0,7230.2584350323041
"DIVCORE/160/128/17/MOD/add-back",1644,0,7239.6843065693429
"DIVCORE/160/128/127/DIV/normalized",1644,0,4784.1392944038926
"DIVCORE/160/128/127/MOD/normalized",1644,0,4487.0997566909973
"DIVCORE/160/128/127/DIV/top-clear",1644,0,4830.2408759124091
"DIVCORE/160/128/127/MOD/top-clear",1644,0,4799.9543795620439
"DIVCORE/160/128/127/DIV/top-one",1644,0,5012.4190997566911
"DIVCORE/160/128/127/MOD/top-one",1644,0,4983.8558394160582
"DIVCORE/160/128/127/DIV/padded",1644,0,4438.3868613138684
"DIVCORE/160/128/127/MOD/padded",1644,0,4434.5346715328469
"DIVCORE/256/128/17/DIV/normalized",1024,0,17201.130859375
"DIVCORE/256/128/17/MOD/normalized",1024,0,17246.9072265625
"DIVCORE/256/128/17/DIV/top-clear",1024,0,17697.6318359375
"DIVCORE/256/128/17/MOD/top-clear",1024,0,17507.9345703125
"DIVCORE/256/128/17/DIV/top-one",1024,0,17768.595703125
"DIVCORE/256/128/17/MOD/top-one",1024,0,18255.0048828125
"DIVCORE/256/128/17/DIV/padded",1024,0,16984.78125
"DIVCORE/256/128/17/MOD/padded",1024,0,17453.2060546875
"DIVCORE/256/128/17/DIV/add-back",748,0,26672.906417112299
"DIVCORE/256/128/17/MOD/add-back",750,0,26586.944
"DIVCORE/256/128/127/DIV/normalized",1024,0,17436.279296875
"DIVCORE/256/128/127/MOD/normalized",1024,0,16876.5869140625
"DIVCORE/256/128/127/DIV/top-clear",1024,0,17317.7890625
"DIVCORE/256/128/127/MOD/top-clear",1024,0,17370.19921875
"DIVCORE/256/128/127/DIV/top-one",1024,0,17905.9248046875
"DIVCORE/256/128/127/MOD/top-one",1024,0,17829.630859375
"DIVCORE/256/128/127/DIV/padded",1024,0,17282.9990234375
"DIVCORE/256/128/127/MOD/padded",1024,0,17189.2900390625
"DIVCORE/512/128/17/DIV/normalized",199,0,51322.236180904525
"DIVCORE/512/128/17/MOD/normalized",384,0,52181.098958333336
"DIVCORE/512/128/17/DIV/top-clear",384,0,51747.1796875
"DIVCORE/512/128/17/MOD/top-clear",197,0,51403.553299492385
"DIVCORE/512/128/17/DIV/top-one",192,0,51623.911458333336
"DIVCORE/512/128/17/MOD/top-one",193,0,51745.25388601036
"DIVCORE/512/128/17/DIV/padded",384,0,51411.567708333336
"DIVCORE/512/128/17/MOD/padded",192,0,51358.505208333336
"DIVCORE/512/128/17/DIV/add-back",131,0,78156.809160305347
"DIVCORE/512/128/17/MOD/add-back",128,0,76591.796875
"DIVCORE/512/128/127/DIV/normalized",197,0,51642.131979695434
"DIVCORE/512/128/127/MOD/normalized",192,0,52065.973958333336
"DIVCORE/512/128/127/DIV/top-clear",193,0,52081.17616580311
"DIVCORE/512/128/127/MOD/top-clear",330,0,50611.866666666669
"DIVCORE/512/128/127/DIV/top-one",382,0,52596.858638743455
"DIVCORE/512/128/127/MOD/top-one",372,0,53793.682795698922
"DIVCORE/512/128/127/DIV/padded",376,0,52056.627659574471
"DIVCORE/512/128/127/MOD/padded",200,0,50797.709999999999
"DIVCORE/1152/128/17/DIV/normalized",128,0,140130.2109375
"DIVCORE/1152/128/17/MOD/normalized",128,0,140696.2890625
"DIVCORE/1152/128/17/DIV/top-clear",128,0,137533.8515625
"DIVCORE/1152/128/17/MOD/top-clear",128,0,136894.8515625
"DIVCORE/1152/128/17/DIV/top-one",128,0,138184.8984375
"DIVCORE/1152/128/17/MOD/top-one",128,0,138776.3671875
"DIVCORE/1152/128/17/DIV/padded",128,0,138574.5390625
"DIVCORE/1152/128/17/MOD/padded",128,0,147826.5
"DIVCORE/1152/128/17/DIV/add-back",46,0,211686.60869565216
"DIVCORE/1152/128/17/MOD/add-back",94,0,209990.25531914894
"DIVCORE/1152/128/127/DIV/normalized",128,0,136842.4453125
"DIVCORE/1152/128/127/MOD/normalized",128,0,137854.1640625
"DIVCORE/1152/128/127/DIV/top-clear",128,0,137207.03125
"DIVCORE/1152/128/127/MOD/top-clear",128,0,137581.3828125
"DIVCORE/1152/128/127/DIV/top-one",128,0,138679.6875
"DIVCORE/1152/128/127/MOD/top-one",128,0,143106.7734375
"DIVCORE/1152/128/127/DIV/padded",128,0,139750.9765625
"DIVCORE/1152/128/127/MOD/padded",128,0,135700.5234375
"DIVCORE/255/256/17/DIV/normalized",948,0,6.3291139240506329
"DIVCORE/255/256/17/MOD/normalized",948,0,5.9778481012658231
"DIVCORE/255/256/17/DIV/top-clear",948,0,6.3291139240506329
"DIVCORE/255/256/17/MOD/top-clear",948,0,6.7246835443037973
"DIVCORE/255/256/17/DIV/top-one",948,0,6.9451476793248945
"DIVCORE/255/256/17/MOD/top-one",948,0,6.5928270042194095
"DIVCORE/255/256/17/DIV/padded",948,0,5.6255274261603372
"DIVCORE/255/256/17/MOD/padded",948,0,6.8997890295358646
"DIVCORE/255/256/127/DIV/normalized",948,0,6.2415611814345988
"DIVCORE/255/256/127/MOD/normalized",948,0,6.5495780590717301
"DIVCORE/255/256/127/DIV/top-clear",948,0,6.9451476793248945
"DIVCORE/255/256/127/MOD/top-clear",948,0,5.3628691983122359
"DIVCORE/255/256/127/DIV/top-one",948,0,5.9767932489451479
"DIVCORE/255/256/127/MOD/top-one",948,0,5.8892405063291138
"DIVCORE/255/256/127/DIV/padded",948,0,6.2858649789029535
"DIVCORE/255/256/127/MOD/padded",948,0,6.6371308016877641
"DIVCORE/256/256/17/DIV/normalized",946,0,275.14904862579283
"DIVCORE/256/256/17/MOD/normalized",946,0,264.53488372093022
"DIVCORE/256/256/17/DIV/top-clear",946,0,448.99577167019027
"DIVCORE/256/256/17/MOD/top-clear",946,0,508.23678646934462
"DIVCORE/256/256/17/DIV/top-one",946,0,457.67230443974631
"DIVCORE/256/256/17/MOD/top-one",946,0,520.96511627906978
"DIVCORE/256/256/17/DIV/padded",946,0,275.10570824524314
"DIVCORE/256/256/17/MOD/padded",946,0,261.98097251585625
"DIVCORE/256/256/127/DIV/normalized",946,0,277.21987315010568
"DIVCORE/256/256/127/MOD/normalized",946,0,279.2463002114165
"DIVCORE/256/256/127/DIV/top-clear",946,0,458.2019027484144
"DIVCORE/256/256/127/MOD/top-clear",946,0,511.8044397463002
"DIVCORE/256/256/127/DIV/top-one",946,0,467.62684989429175
"DIVCORE/256/256/127/MOD/top-one",946,0,537.17441860465112
"DIVCORE/256/256/127/DIV/padded",946,0,273.96088794926004
"DIVCORE/256/256/127/MOD/padded",946,0,273.25581395348837
"DIVCORE/257/256/17/DIV/normalized",945,0,548.98624338624336
"DIVCORE/257/256/17/MOD/normalized",945,0,520.59047619047624
"DIVCORE/257/256/17/DIV/top-clear",945,0,700.26455026455028
"DIVCORE/257/256/17/MOD/top-clear",945,0,774.03068783068784
"DIVCORE/257/256/17/DIV/top-one",945,0,693.87089947089942
"DIVCORE/257/256/17/MOD/top-one",945,0,772.31005291005295
"DIVCORE/257/256/17/DIV/padded",945,0,546.16402116402116
"DIVCORE/257/256/17/MOD/padded",945,0,519.48783068783064
"DIVCORE/257/256/17/DIV/add-back",945,0,462.34603174603177
"DIVCORE/257/256/17/MOD/add-back",945,0,450.92592592592592
"DIVCORE/257/256/127/DIV/normalized",945,0,578.48253968253971
"DIVCORE/257/256/127/MOD/normalized",945,0,526.80740740740737
"DIVCORE/257/256/127/DIV/top-clear",945,0,704.3650793650794
"DIVCORE/257/256/127/MOD/top-clear",945,0,762.25714285714287
"DIVCORE/257/256/127/DIV/top-one",945,0,708.73015873015868
"DIVCORE/257/256/127/MOD/top-one",945,0,769.04761904761904
"DIVCORE/257/256/127/DIV/padded",945,0,558.11322751322746
"DIVCORE/257/256/127/MOD/padded",945,0,519.04761904761904
"DIVCORE/288/256/17/DIV/normalized",892,0,8249.5795964125555
"DIVCORE/288/256/17/MOD/normalized",892,0,8215.9943946188341
"DIVCORE/288/256/17/DIV/top-clear",892,0,8468.2836322869953
"DIVCORE/288/256/17/MOD/top-clear",892,0,8523.0751121076228
"DIVCORE/288/256/17/DIV/top-one",892,0,8633.7354260089687
"DIVCORE/288/256/17/MOD/top-one",892,0,8731.8295964125555
"DIVCORE/288/256/17/DIV/padded",892,0,8197.7769058295962
"DIVCORE/288/256/17/MOD/padded",892,0,8198.2903587443943
"DIVCORE/288/256/17/DIV/add-back",892,0,13471.17937219731
"DIVCORE/288/256/17/MOD/add-back",892,0,13304.325112107623
"DIVCORE/288/256/127/DIV/normalized",892,0,8324.4114349775791
"DIVCORE/288/256/127/MOD/normalized",892,0,8300.5414798206275
"DIVCORE/288/256/127/DIV/top-clear",892,0,8408.2578475336322
"DIVCORE/288/256/127/MOD/top-clear",892,0,8485.8004484304929
"DIVCORE/288/256/127/DIV/top-one",892,0,8606.3621076233176
"DIVCORE/288/256/127/MOD/top-one",892,0,8647.3273542600891
"DIVCORE/288/256/127/DIV/padded",892,0,8417.4607623318389
"DIVCORE/288/256/127/MOD/padded",892,0,8148.9159192825109
"DIVCORE/512/256/17/DIV/normalized",156,0,65206.993589743586
"DIVCORE/512/256/17/MOD/normalized",310,0,64987.903225806454
"DIVCORE/512/256/17/DIV/top-clear",306,0,65180.82679738562
"DIVCORE/512/256/17/MOD/top-clear",154,0,65575.487012987011
"DIVCORE/512/256/17/DIV/top-one",151,0,66968.543046357619
"DIVCORE/512/256/17/MOD/top-one",151,0,66741.45033112583
"DIVCORE/512/256/17/DIV/padded",152,0,65775.493421052626
"DIVCORE/512/256/17/MOD/padded",152,0,65960.526315789481
"DIVCORE/512/256/17/DIV/add-back",128,0,108179.6875
"DIVCORE/512/256/17/MOD/add-back",128,0,106170.578125
"DIVCORE/512/256/127/DIV/normalized",308,0,64994.4512987013
"DIVCORE/512/256/127/MOD/normalized",308,0,64989.584415584417
"DIVCORE/512/256/127/DIV/top-clear",161,0,63533.385093167701
"DIVCORE/512/256/127/MOD/top-clear",157,0,64219.477707006372
"DIVCORE/512/256/127/DIV/top-one",154,0,70119.318181818177
"DIVCORE/512/256/127/MOD/top-one",282,0,65761.524822695035
"DIVCORE/512/256/127/DIV/padded",302,0,65350.443708609273
"DIVCORE/512/256/127/MOD/padded",308,0,65174.64935064935
"DIVCORE/1024/256/17/DIV/normalized",51,0,195356.21568627452
"DIVCORE/1024/256/17/MOD/normalized",51,0,196259.80392156861
"DIVCORE/1024/256/17/DIV/top-clear",52,0,194935.90384615384
"DIVCORE/1024/256/17/MOD/top-clear",104,0,195019.63461538462
"DIVCORE/1024/256/17/DIV/top-one",51,0,199364.37254901961
"DIVCORE/1024/256/17/MOD/top-one",51,0,198776.96078431373
"DIVCORE/1024/256/17/DIV/padded",51,0,197075.98039215687
"DIVCORE/1024/256/17/MOD/padded",51,0,196944.45098039217
"DIVCORE/1024/256/17/DIV/add-back",34,0,317790.4411764706
"DIVCORE/1024/256/17/MOD/add-back",32,0,322592.4375
"DIVCORE/1024/256/127/DIV/normalized",53,0,194133.66037735849
"DIVCORE/1024/256/127/MOD/normalized",102,0,194764.29411764705
"DIVCORE/1024/256/127/DIV/top-clear",53,0,189770.45283018867
"DIVCORE/1024/256/127/MOD/top-clear",54,0,190931.33333333334
"DIVCORE/1024/256/127/DIV/top-one",53,0,194937.09433962265
"DIVCORE/1024/256/127/MOD/top-one",52,0,195068.92307692306
"DIVCORE/1024/256/127/DIV/padded",52,0,196693.92307692306
"DIVCORE/1024/256/127/MOD/padded",52,0,198392.63461538462
"DIVCORE/1280/256/17/DIV/normalized",39,0,259387.8205128205
"DIVCORE/1280/256/17/MOD/normalized",39,0,263173.07692307694
"DIVCORE/1280/256/17/DIV/top-clear",76,0,256280.69736842104
"DIVCORE/1280/256/17/MOD/top-clear",40,0,257676.04999999999
"DIVCORE/1280/256/17/DIV/top-one",39,0,263974.358974359
"DIVCORE/1280/256/17/MOD/top-one",39,0,263175.23076923075
"DIVCORE/1280/256/17/DIV/padded",39,0,261081.20512820513
"DIVCORE/1280/256/17/MOD/padded",39,0,259658.12820512822
"DIVCORE/1280/256/17/DIV/add-back",24,0,450248.25
"DIVCORE/1280/256/17/MOD/add-back",24,0,432441
"DIVCORE/1280/256/127/DIV/normalized",39,0,261611.12820512822
"DIVCORE/1280/256/127/MOD/normalized",39,0,261945.51282051281
"DIVCORE/1280/256/127/DIV/top-clear",39,0,257442.30769230769
"DIVCORE/1280/256/127/MOD/top-clear",39,0,258102.56410256409
"DIVCORE/1280/256/127/DIV/top-one",76,0,261674.89473684211
"DIVCORE/1280/256/127/MOD/top-one",40,0,259932.29999999999
"DIVCORE/1280/256/127/DIV/padded",39,0,260125
"DIVCORE/1280/256/127/MOD/padded",39,0,260738.25641025641
"DIVCORE/1023/1024/17/DIV/normalized",484,0,6.285123966942149
"DIVCORE/1023/1024/17/MOD/normalized",484,0,5.5082644628099171
"DIVCORE/1023/1024/17/DIV/top-clear",484,0,6.026859504132231
"DIVCORE/1023/1024/17/MOD/top-clear",484,0,5.9380165289256199
"DIVCORE/1023/1024/17/DIV/top-one",484,0,5.7685950413223139
"DIVCORE/1023/1024/17/MOD/top-one",484,0,6.714876033057851
"DIVCORE/1023/1024/17/DIV/padded",484,0,5.3367768595041323
"DIVCORE/1023/1024/17/MOD/padded",484,0,5.5950413223140494
"DIVCORE/1023/1024/127/DIV/normalized",484,0,6.1115702479338845
"DIVCORE/1023/1024/127/MOD/normalized",484,0,5.8533057851239674
"DIVCORE/1023/1024/127/DIV/top-clear",484,0,5.6818181818181817
"DIVCORE/1023/1024/127/MOD/top-clear",484,0,5.4235537190082646
"DIVCORE/1023/1024/127/DIV/top-one",484,0,5.9421487603305785
"DIVCORE/1023/1024/127/MOD/top-one",484,0,5.9421487603305785
"DIVCORE/1023/1024/127/DIV/padded",484,0,5.9400826446280988
"DIVCORE/1023/1024/127/MOD/padded",484,0,5.4235537190082646
"DIVCORE/1024/1024/17/DIV/normalized",242,0,105.37190082644628
"DIVCORE/1024/1024/17/MOD/normalized",242,0,14.293388429752065
"DIVCORE/1024/1024/17/DIV/top-clear",242,0,1662.3636363636363
"DIVCORE/1024/1024/17/MOD/top-clear",242,0,1885.8471074380166
"DIVCORE/1024/1024/17/DIV/top-one",242,0,1707.3016528925621
"DIVCORE/1024/1024/17/MOD/top-one",242,0,1897.3842975206612
"DIVCORE/1024/1024/17/DIV/padded",242,0,105.88842975206612
"DIVCORE/1024/1024/17/MOD/padded",242,0,13.603305785123966
"DIVCORE/1024/1024/127/DIV/normalized",242,0,106.23140495867769
"DIVCORE/1024/1024/127/MOD/normalized",242,0,12.396694214876034
"DIVCORE/1024/1024/127/DIV/top-clear",242,0,1654.2727272727273
"DIVCORE/1024/1024/127/MOD/top-clear",242,0,1895.6611570247933
"DIVCORE/1024/1024/127/DIV/top-one",242,0,1702.3057851239669
"DIVCORE/1024/1024/127/MOD/top-one",242,0,1875.8636363636363
"DIVCORE/1024/1024/127/DIV/padded",242,0,108.47107438016529
"DIVCORE/1024/1024/127/MOD/padded",242,0,13.946280991735538
"DIVCORE/1025/1024/17/DIV/normalized",242,0,1122.590909090909
"DIVCORE/1025/1024/17/MOD/normalized",242,0,995.8677685950413
"DIVCORE/1025/1024/17/DIV/top-clear",242,0,2654.4421487603304
"DIVCORE/1025/1024/17/MOD/top-clear",242,0,2862.2603305785124
"DIVCORE/1025/1024/17/DIV/top-one",242,0,2641.3553719008264
"DIVCORE/1025/1024/17/MOD/top-one",242,0,2885.6776859504134
"DIVCORE/1025/1024/17/DIV/padded",242,0,1016.0123966942149
"DIVCORE/1025/1024/17/MOD/padded",242,0,1056.8181818181818
"DIVCORE/1025/1024/17/DIV/add-back",242,0,1756.0247933884298
"DIVCORE/1025/1024/17/MOD/add-back",242,0,1731.404958677686
"DIVCORE/1025/1024/127/DIV/normalized",242,0,2037.3595041322315
"DIVCORE/1025/1024/127/MOD/normalized",242,0,2040.4586776859503
"DIVCORE/1025/1024/127/DIV/top-clear",242,0,2597.1074380165287
"DIVCORE/1025/1024/127/MOD/top-clear",242,0,2904.2685950413224
"DIVCORE/1025/1024/127/DIV/top-one",242,0,2651.1694214876034
"DIVCORE/1025/1024/127/MOD/top-one",242,0,2883.7809917355371
"DIVCORE/1025/1024/127/DIV/padded",242,0,2094.8677685950415
"DIVCORE/1025/1024/127/MOD/padded",242,0,2065.7685950413224
"DIVCORE/1056/1024/17/DIV/normalized",238,0,31091.558823529413
"DIVCORE/1056/1024/17/MOD/normalized",238,0,31139.878151260506
"DIVCORE/1056/1024/17/DIV/top-clear",238,0,31500.176470588234
"DIVCORE/1056/1024/17/MOD/top-clear",238,0,32707.10924369748
"DIVCORE/1056/1024/17/DIV/top-one",238,0,32914.39075630252
"DIVCORE/1056/1024/17/MOD/top-one",238,0,33214.634453781509
"DIVCORE/1056/1024/17/DIV/padded",238,0,31020.13025210084
"DIVCORE/1056/1024/17/MOD/padded",238,0,31127.626050420167
"DIVCORE/1056/1024/17/DIV/add-back",238,0,53974.966386554624
"DIVCORE/1056/1024/17/MOD/add-back",185,0,53934.232432432429
"DIVCORE/1056/1024/127/DIV/normalized",238,0,31252.449579831933
"DIVCORE/1056/1024/127/MOD/normalized",238,0,31073.352941176472
"DIVCORE/1056/1024/127/DIV/top-clear",238,0,33172.268907563026
"DIVCORE/1056/1024/127/MOD/top-clear",238,0,33238.970588235294
"DIVCORE/1056/1024/127/DIV/top-one",238,0,32945.201680672268
"DIVCORE/1056/1024/127/MOD/top-one",238,0,33185.046218487398
"DIVCORE/1056/1024/127/DIV/padded",238,0,31029.411764705881
"DIVCORE/1056/1024/127/MOD/padded",238,0,31354.163865546219
"DIVCORE/2048/1024/17/DIV/normalized",16,0,1002276
"DIVCORE/2048/1024/17/MOD/normalized",16,0,1002955.6875
"DIVCORE/2048/1024/17/DIV/top-clear",16,0,1011052.0625
"DIVCORE/2048/1024/17/MOD/top-clear",16,0,987835.9375
"DIVCORE/2048/1024/17/DIV/top-one",16,0,993455.75
"DIVCORE/2048/1024/17/MOD/top-one",16,0,997226.5625
"DIVCORE/2048/1024/17/DIV/padded",16,0,988872.375
"DIVCORE/2048/1024/17/MOD/padded",16,0,993947.875
"DIVCORE/2048/1024/17/DIV/add-back",6,0,1726659.6666666667
"DIVCORE/2048/1024/17/MOD/add-back",6,0,1725236.1666666667
"DIVCORE/2048/1024/127/DIV/normalized",16,0,977070.3125
"DIVCORE/2048/1024/127/MOD/normalized",16,0,996786.5
"DIVCORE/2048/1024/127/DIV/top-clear",16,0,995304.6875
"DIVCORE/2048/1024/127/MOD/top-clear",16,0,1094679.6875
"DIVCORE/2048/1024/127/DIV/top-one",16,0,996382.8125
"DIVCORE/2048/1024/127/MOD/top-one",16,0,1005138.0625
"DIVCORE/2048/1024/127/DIV/padded",16,0,1005890.625
"DIVCORE/2048/1024/127/MOD/padded",16,0,1015083.375
"DIVCORE/4096/1024/17/DIV/normalized",4,0,2982073
"DIVCORE/4096/1024/17/MOD/normalized",4,0,2998937.5
"DIVCORE/4096/1024/17/DIV/top-clear",4,0,2998031.25
"DIVCORE/4096/1024/17/MOD/top-clear",4,0,3014052
"DIVCORE/4096/1024/17/DIV/top-one",4,0,2987625
"DIVCORE/4096/1024/17/MOD/top-one",4,0,2924593.75
"DIVCORE/4096/1024/17/DIV/padded",4,0,2973812.5
"DIVCORE/4096/1024/17/MOD/padded",4,0,2988468.75
"DIVCORE/4096/1024/17/DIV/add-back",2,0,5186916.5
"DIVCORE/4096/1024/17/MOD/add-back",2,0,5193208
"DIVCORE/4096/1024/127/DIV/normalized",4,0,3004198
"DIVCORE/4096/1024/127/MOD/normalized",4,0,2997802
"DIVCORE/4096/1024/127/DIV/top-clear",4,0,2973312.5
"DIVCORE/4096/1024/127/MOD/top-clear",4,0,2978593.75
"DIVCORE/4096/1024/127/DIV/top-one",4,0,2987541.75
"DIVCORE/4096/1024/127/MOD/top-one",4,0,2986145.75
"DIVCORE/4096/1024/127/DIV/padded",4,0,2932354.25
"DIVCORE/4096/1024/127/MOD/padded",4,0,2899354.25
"DIVCORE/1/1/17/DIV/normalized",27777,1,7.1896893113007163
"DIVCORE/1/1/17/MOD/normalized",27777,1,6.9931958094826658
"DIVCORE/1/1/17/DIV/top-clear",27777,1,7.084710371890413
"DIVCORE/1/1/17/MOD/top-clear",27777,1,7.4522086618425316
"DIVCORE/1/1/17/DIV/top-one",27777,1,7.4776973755265148
"DIVCORE/1/1/17/MOD/top-one",27777,1,7.417719696151492
"DIVCORE/1/1/17/DIV/padded",27777,1,7.2467149080174247
"DIVCORE/1/1/17/MOD/padded",27777,1,7.236202613673183
"DIVCORE/1/1/127/DIV/normalized",27777,1,7.3547179321020986
"DIVCORE/1/1/127/MOD/normalized",27777,1,7.3156928393995031
"DIVCORE/1/1/127/DIV/top-clear",27777,1,7.7252403067285886
"DIVCORE/1/1/127/MOD/top-clear",27777,1,7.1552003456096767
"DIVCORE/1/1/127/DIV/top-one",27777,1,7.5107102998883972
"DIVCORE/1/1/127/MOD/top-one",27777,1,7.6277135759801276
"DIVCORE/1/1/127/DIV/padded",27777,1,7.3622061417719697
"DIVCORE/1/1/127/MOD/padded",27777,1,7.417719696151492
"DIVCORE/2/1/17/DIV/normalized",26315,1,17.181265437963138
"DIVCORE/2/1/17/MOD/normalized",26315,1,15.876572297168915
"DIVCORE/2/1/17/DIV/top-clear",26315,1,17.24776743302299
"DIVCORE/2/1/17/MOD/top-clear",26315,1,18.900817024510737
"DIVCORE/2/1/17/DIV/top-one",26315,1,19.228576857305718
"DIVCORE/2/1/17/MOD/top-one",26315,1,17.36336690100703
"DIVCORE/2/1/17/DIV/padded",26315,1,19.944290328709862
"DIVCORE/2/1/17/MOD/padded",26315,1,18.098042941288238
"DIVCORE/2/1/127/DIV/normalized",26315,1,17.627778833364999
"DIVCORE/2/1/127/MOD/normalized",26315,1,15.677066311989361
"DIVCORE/2/1/127/DIV/top-clear",26315,1,18.49390081702451
"DIVCORE/2/1/127/MOD/top-clear",26315,1,16.851909557286717
"DIVCORE/2/1/127/DIV/top-one",26315,1,18.455861675850276
"DIVCORE/2/1/127/MOD/top-one",26315,1,18.071138134144025
"DIVCORE/2/1/127/DIV/padded",26315,1,18.118601558046741
"DIVCORE/2/1/127/MOD/padded",26315,1,17.866882006460195
"DIVCORE/4/1/17/DIV/normalized",23809,1,26.024822546096015
"DIVCORE/4/1/17/MOD/normalized",23809,1,22.323491116804568
"DIVCORE/4/1/17/DIV/top-clear",23809,1,27.830862278970137
"DIVCORE/4/1/17/MOD/top-clear",23809,1,26.210298626569784
"DIVCORE/4/1/17/DIV/top-one",23809,1,24.612541475912469
"DIVCORE/4/1/17/MOD/top-one",23809,1,23.865261035742787
"DIVCORE/4/1/17/DIV/padded",23809,1,23.527489604771304
"DIVCORE/4/1/17/MOD/padded",23809,1,24.381536393800662
"DIVCORE/4/1/127/DIV/normalized",23809,1,23.873997227939014
"DIVCORE/4/1/127/MOD/normalized",23809,1,24.649292284430256
"DIVCORE/4/1/127/DIV/top-clear",23809,1,27.725859968919316
"DIVCORE/4/1/127/MOD/top-clear",23809,1,25.365072031584695
"DIVCORE/4/1/127/DIV/top-one",23809,1,23.167037674828848
"DIVCORE/4/1/127/MOD/top-one",23809,1,23.424251333529337
"DIVCORE/4/1/127/DIV/padded",23809,1,24.168003696081314
"DIVCORE/4/1/127/MOD/padded",23809,1,25.204082489814777
"DIVCORE/33/1/17/DIV/normalized",10000,1,223.40000000000001
"DIVCORE/33/1/17/MOD/normalized",10000,1,219.7167
"DIVCORE/33/1/17/DIV/top-clear",10000,1,251.8708
"DIVCORE/33/1/17/MOD/top-clear",10000,1,249.94579999999999
"DIVCORE/33/1/17/DIV/top-one",10000,1,211.1208
"DIVCORE/33/1/17/MOD/top-one",10000,1,207.24590000000001
"DIVCORE/33/1/17/DIV/padded",10000,1,232.57910000000001
"DIVCORE/33/1/17/MOD/padded",10000,1,231.58340000000001
"DIVCORE/33/1/127/DIV/normalized",10000,1,222.91249999999999
"DIVCORE/33/1/127/MOD/normalized",10000,1,220.42089999999999
"DIVCORE/33/1/127/DIV/top-clear",10000,1,241.39580000000001
"DIVCORE/33/1/127/MOD/top-clear",10000,1,238.36670000000001
"DIVCORE/33/1/127/DIV/top-one",10000,1,209.83750000000001
"DIVCORE/33/1/127/MOD/top-one",10000,1,204.875
"DIVCORE/33/1/127/DIV/padded",10000,1,234.72499999999999
"DIVCORE/33/1/127/MOD/padded",10000,1,232.63329999999999
"DIVCORE/1025/1/17/DIV/normalized",479,1,7202.5929018789147
"DIVCORE/1025/1/17/MOD/normalized",479,1,7208.4196242171192
"DIVCORE/1025/1/17/DIV/top-clear",479,1,7734.8643006263046
"DIVCORE/1025/1/17/MOD/top-clear",479,1,7689.9791231732779
"DIVCORE/1025/1/17/DIV/top-one",479,1,6467.3799582463462
"DIVCORE/1025/1/17/MOD/top-one",479,1,6380.1315240083504
"DIVCORE/1025/1/17/DIV/padded",479,1,7518.1795407098125
"DIVCORE/1025/1/17/MOD/padded",479,1,7524.9645093945719
"DIVCORE/1025/1/127/DIV/normalized",479,1,7597.5991649269308
"DIVCORE/1025/1/127/MOD/normalized",479,1,7642.1377870563674
"DIVCORE/1025/1/127/DIV/top-clear",479,1,7482.6012526096038
"DIVCORE/1025/1/127/MOD/top-clear",479,1,7626.3048016701459
"DIVCORE/1025/1/127/DIV/top-one",479,1,6341.9436325678498
"DIVCORE/1025/1/127/MOD/top-one",479,1,6405.8810020876826
"DIVCORE/1025/1/127/DIV/padded",479,1,7935.4551148225473
"DIVCORE/1025/1/127/MOD/padded",479,1,7864.9102296450938
"DIVCORE/65536/1/17/DIV/normalized",7,1,721779.71428571432
"DIVCORE/65536/1/17/MOD/normalized",7,1,758184.42857142852
"DIVCORE/65536/1/17/DIV/top-one",7,1,410398.85714285716
"DIVCORE/65536/1/17/MOD/top-one",7,1,410571.42857142858
"DIVCORE/500000/1/17/DIV/normalized",1,1,6018417
"DIVCORE/500000/1/17/MOD/normalized",1,1,6015292
"DIVCORE/500000/1/17/DIV/top-one",1,1,3070208
"DIVCORE/500000/1/17/MOD/top-one",1,1,3065916
"DIVCORE/1/2/17/DIV/normalized",26315,1,5.6542656279688392
"DIVCORE/1/2/17/MOD/normalized",26315,1,6.1070872126163787
"DIVCORE/1/2/17/DIV/top-clear",26315,1,6.1292798783963516
"DIVCORE/1/2/17/MOD/top-clear",26315,1,6.213186395591868
"DIVCORE/1/2/17/DIV/top-one",26315,1,5.8838305149154477
"DIVCORE/1/2/17/MOD/top-one",26315,1,6.1704351130533919
"DIVCORE/1/2/17/DIV/padded",26315,1,6.2195325859775794
"DIVCORE/1/2/17/MOD/padded",26315,1,6.338248147444423
"DIVCORE/1/2/127/DIV/normalized",26315,1,6.1355880676420291
"DIVCORE/1/2/127/MOD/normalized",26315,1,6.1909937298118942
"DIVCORE/1/2/127/DIV/top-clear",26315,1,6.3097852935588064
"DIVCORE/1/2/127/MOD/top-clear",26315,1,6.0864905947178416
"DIVCORE/1/2/127/DIV/top-one",26315,1,6.4285388561656847
"DIVCORE/1/2/127/MOD/top-one",26315,1,7.7047311419342579
"DIVCORE/1/2/127/DIV/padded",26315,1,6.9083032490974725
"DIVCORE/1/2/127/MOD/padded",26315,1,6.8417632528975867
"DIVCORE/2/2/17/DIV/normalized",25000,1,20.098320000000001
"DIVCORE/2/2/17/MOD/normalized",25000,1,15.27332
"DIVCORE/2/2/17/DIV/top-clear",25000,1,19.77168
"DIVCORE/2/2/17/MOD/top-clear",25000,1,17.085000000000001
"DIVCORE/2/2/17/DIV/top-one",25000,1,19.015000000000001
"DIVCORE/2/2/17/MOD/top-one",25000,1,18.82668
"DIVCORE/2/2/17/DIV/padded",25000,1,18.114999999999998
"DIVCORE/2/2/17/MOD/padded",25000,1,16.301680000000001
"DIVCORE/2/2/127/DIV/normalized",25000,1,18.309999999999999
"DIVCORE/2/2/127/MOD/normalized",25000,1,15.22336
"DIVCORE/2/2/127/DIV/top-clear",25000,1,19.07668
"DIVCORE/2/2/127/MOD/top-clear",25000,1,17.253319999999999
"DIVCORE/2/2/127/DIV/top-one",25000,1,20.586639999999999
"DIVCORE/2/2/127/MOD/top-one",25000,1,17.855
"DIVCORE/2/2/127/DIV/padded",25000,1,18.77
"DIVCORE/2/2/127/MOD/padded",25000,1,15.051640000000001
"DIVCORE/3/2/17/DIV/normalized",23809,1,24.089251963543198
"DIVCORE/3/2/17/MOD/normalized",23809,1,22.943004746104414
"DIVCORE/3/2/17/DIV/top-clear",23809,1,24.44625981771599
"DIVCORE/3/2/17/MOD/top-clear",23809,1,25.984543659960519
"DIVCORE/3/2/17/DIV/top-one",23809,1,25.729052039144861
"DIVCORE/3/2/17/MOD/top-one",23809,1,25.473560418329203
"DIVCORE/3/2/17/DIV/padded",23809,1,25.118316602965265
"DIVCORE/3/2/17/MOD/padded",23809,1,21.817757990675794
"DIVCORE/3/2/127/DIV/normalized",23809,1,25.165567642488135
"DIVCORE/3/2/127/MOD/normalized",23809,1,23.965013230291067
"DIVCORE/3/2/127/DIV/top-clear",23809,1,26.231299088579949
"DIVCORE/3/2/127/MOD/top-clear",23809,1,26.840354487798731
"DIVCORE/3/2/127/DIV/top-one",23809,1,24.52152547356042
"DIVCORE/3/2/127/MOD/top-one",23809,1,26.110588432945526
"DIVCORE/3/2/127/DIV/padded",23809,1,27.129068839514471
"DIVCORE/3/2/127/MOD/padded",23809,1,24.077029694653284
"DIVCORE/4/2/17/DIV/normalized",22727,1,29.924011088133057
"DIVCORE/4/2/17/MOD/normalized",22727,1,30.156861882342589
"DIVCORE/4/2/17/DIV/top-clear",22727,1,36.294935539226472
"DIVCORE/4/2/17/MOD/top-clear",22727,1,36.676288115457389
"DIVCORE/4/2/17/DIV/top-one",22727,1,35.719232630791566
"DIVCORE/4/2/17/MOD/top-one",22727,1,36.069432833194
"DIVCORE/4/2/17/DIV/padded",22727,1,30.0541646499758
"DIVCORE/4/2/17/MOD/padded",22727,1,29.773705284463414
"DIVCORE/4/2/127/DIV/normalized",22727,1,33.370704448453381
"DIVCORE/4/2/127/MOD/normalized",22727,1,31.040524486293837
"DIVCORE/4/2/127/DIV/top-clear",22727,1,36.241782901394814
"DIVCORE/4/2/127/MOD/top-clear",22727,1,36.17943415320984
"DIVCORE/4/2/127/DIV/top-one",22727,1,34.789721476657718
"DIVCORE/4/2/127/MOD/top-one",22727,1,35.99062788753465
"DIVCORE/4/2/127/DIV/padded",22727,1,32.496237954855459
"DIVCORE/4/2/127/MOD/padded",22727,1,32.747392968715623
"DIVCORE/8/2/17/DIV/normalized",19230,1,73.970826833073318
"DIVCORE/8/2/17/MOD/normalized",19230,1,71.990379615184608
"DIVCORE/8/2/17/DIV/top-clear",19230,1,83.781851274050965
"DIVCORE/8/2/17/MOD/top-clear",19230,1,84.631201248049919
"DIVCORE/8/2/17/DIV/top-one",19230,1,82.28460738429537
"DIVCORE/8/2/17/MOD/top-one",19230,1,81.612948517940723
"DIVCORE/8/2/17/DIV/padded",19230,1,72.961102444097762
"DIVCORE/8/2/17/MOD/padded",19230,1,72.291523660946439
"DIVCORE/8/2/127/DIV/normalized",19230,1,75.548153926157042
"DIVCORE/8/2/127/MOD/normalized",19230,1,76.399687987519499
"DIVCORE/8/2/127/DIV/top-clear",19230,1,83.998543941757674
"DIVCORE/8/2/127/MOD/top-clear",19230,1,81.857774310972445
"DIVCORE/8/2/127/DIV/top-one",19230,1,80.969370774830992
"DIVCORE/8/2/127/MOD/top-one",19230,1,81.019240769630784
"DIVCORE/8/2/127/DIV/padded",19230,1,75.450702028081125
"DIVCORE/8/2/127/MOD/padded",19230,1,74.087779511180443
"DIVCORE/34/2/17/DIV/normalized",9615,1,346.38148725949037
"DIVCORE/34/2/17/MOD/normalized",9615,1,348.5915756630265
"DIVCORE/34/2/17/DIV/top-clear",9615,1,360.57805512220489
"DIVCORE/34/2/17/MOD/top-clear",9615,1,361.63972958918356
"DIVCORE/34/2/17/DIV/top-one",9615,1,366.58003120124806
"DIVCORE/34/2/17/MOD/top-one",9615,1,358.24232969318774
"DIVCORE/34/2/17/DIV/padded",9615,1,352.61747269890793
"DIVCORE/34/2/17/MOD/padded",9615,1,355.16983879355172
"DIVCORE/34/2/127/DIV/normalized",9615,1,356.13624544981798
"DIVCORE/34/2/127/MOD/normalized",9615,1,345.59282371294853
"DIVCORE/34/2/127/DIV/top-clear",9615,1,365.15423816952676
"DIVCORE/34/2/127/MOD/top-clear",9615,1,362.61487259490377
"DIVCORE/34/2/127/DIV/top-one",9615,1,359.18273530941235
"DIVCORE/34/2/127/MOD/top-one",9615,1,359.97566302652103
"DIVCORE/34/2/127/DIV/padded",9615,1,360.06240249609982
"DIVCORE/34/2/127/MOD/padded",9615,1,359.15663026521059
"DIVCORE/1026/2/17/DIV/normalized",478,1,11246.424686192469
"DIVCORE/1026/2/17/MOD/normalized",478,1,10813.458158995816
"DIVCORE/1026/2/17/DIV/top-clear",478,1,11315.899581589958
"DIVCORE/1026/2/17/MOD/top-clear",478,1,10996.426778242678
"DIVCORE/1026/2/17/DIV/top-one",478,1,11287.830543933054
"DIVCORE/1026/2/17/MOD/top-one",478,1,11334.989539748954
"DIVCORE/1026/2/17/DIV/padded",478,1,10955.719665271967
"DIVCORE/1026/2/17/MOD/padded",478,1,10794.803347280334
"DIVCORE/1026/2/127/DIV/normalized",478,1,10757.060669456067
"DIVCORE/1026/2/127/MOD/normalized",478,1,10767.520920502093
"DIVCORE/1026/2/127/DIV/top-clear",478,1,12001.483263598326
"DIVCORE/1026/2/127/MOD/top-clear",478,1,11881.014644351464
"DIVCORE/1026/2/127/DIV/top-one",478,1,11729.428870292886
"DIVCORE/1026/2/127/MOD/top-one",478,1,11742.242677824268
"DIVCORE/1026/2/127/DIV/padded",478,1,11201.18410041841
"DIVCORE/1026/2/127/MOD/padded",478,1,11113.320083682009
"DIVCORE/65536/2/17/DIV/normalized",7,1,917553.57142857148
"DIVCORE/65536/2/17/MOD/normalized",7,1,902012
"DIVCORE/65536/2/17/DIV/top-one",7,1,891083.42857142852
"DIVCORE/65536/2/17/MOD/top-one",7,1,867125
"DIVCORE/500000/2/17/DIV/normalized",1,1,7158500
"DIVCORE/500000/2/17/MOD/normalized",1,1,7202583
"DIVCORE/500000/2/17/DIV/top-one",1,1,6677666
"DIVCORE/500000/2/17/MOD/top-one",1,1,6780833
"DIVCORE/2/3/17/DIV/normalized",23809,1,6.3754042588936954
"DIVCORE/2/3/17/MOD/normalized",23809,1,6.1461212146667226
"DIVCORE/2/3/17/DIV/top-clear",23809,1,6.2703599479188545
"DIVCORE/2/3/17/MOD/top-clear",23809,1,5.9676172875803264
"DIVCORE/2/3/17/DIV/top-one",23809,1,6.2441513713301688
"DIVCORE/2/3/17/MOD/top-one",23809,1,6.1653996387920538
"DIVCORE/2/3/17/DIV/padded",23809,1,6.5714225712965684
"DIVCORE/2/3/17/MOD/padded",23809,1,5.9693813263891808
"DIVCORE/2/3/127/DIV/normalized",23809,1,6.5504221092864041
"DIVCORE/2/3/127/MOD/normalized",23809,1,5.8766432861522953
"DIVCORE/2/3/127/DIV/top-clear",23809,1,6.3928766432861526
"DIVCORE/2/3/127/MOD/top-clear",23809,1,6.1619135620983663
"DIVCORE/2/3/127/DIV/top-one",23809,1,6.5696585324877148
"DIVCORE/2/3/127/MOD/top-one",23809,1,6.0516191356209834
"DIVCORE/2/3/127/DIV/padded",23809,1,6.630895879709354
"DIVCORE/2/3/127/MOD/padded",23809,1,6.0498550968121299
"DIVCORE/3/3/17/DIV/normalized",22727,1,19.990935891230695
"DIVCORE/3/3/17/MOD/normalized",22727,1,15.715536586439038
"DIVCORE/3/3/17/DIV/top-clear",22727,1,21.710608527302327
"DIVCORE/3/3/17/MOD/top-clear",22727,1,20.808553702644431
"DIVCORE/3/3/17/DIV/top-one",22727,1,21.34945219342632
"DIVCORE/3/3/17/MOD/top-one",22727,1,21.004752057024685
"DIVCORE/3/3/17/DIV/padded",22727,1,18.650723808685704
"DIVCORE/3/3/17/MOD/padded",22727,1,16.193998327979937
"DIVCORE/3/3/127/DIV/normalized",22727,1,18.086021032252386
"DIVCORE/3/3/127/MOD/normalized",22727,1,13.372508470101641
"DIVCORE/3/3/127/DIV/top-clear",22727,1,21.475909710916532
"DIVCORE/3/3/127/MOD/top-clear",22727,1,20.964403572842873
"DIVCORE/3/3/127/DIV/top-one",22727,1,21.090905090861089
"DIVCORE/3/3/127/MOD/top-one",22727,1,20.451049412592951
"DIVCORE/3/3/127/DIV/padded",22727,1,18.571874862498351
"DIVCORE/3/3/127/MOD/padded",22727,1,16.975007700092402
"DIVCORE/4/3/17/DIV/normalized",21739,1,24.50857905147431
"DIVCORE/4/3/17/MOD/normalized",21739,1,21.041308247849486
"DIVCORE/4/3/17/DIV/top-clear",21739,1,29.085560513363081
"DIVCORE/4/3/17/MOD/top-clear",21739,1,29.166106996641979
"DIVCORE/4/3/17/DIV/top-one",21739,1,31.257187543125259
"DIVCORE/4/3/17/MOD/top-one",21739,1,30.992685956115736
"DIVCORE/4/3/17/DIV/padded",21739,1,23.174525047150283
"DIVCORE/4/3/17/MOD/padded",21739,1,20.638805832834997
"DIVCORE/4/3/17/DIV/add-back",21739,1,24.644647867887208
"DIVCORE/4/3/17/MOD/add-back",21739,1,22.036018216109298
"DIVCORE/4/3/127/DIV/normalized",21739,1,24.414646487878926
"DIVCORE/4/3/127/MOD/normalized",21739,1,26.340908045448273
"DIVCORE/4/3/127/DIV/top-clear",21739,1,28.617921707530247
"DIVCORE/4/3/127/MOD/top-clear",21739,1,29.014674088044529
"DIVCORE/4/3/127/DIV/top-one",21739,1,30.515433092598556
"DIVCORE/4/3/127/MOD/top-one",21739,1,30.053544321265928
"DIVCORE/4/3/127/DIV/padded",21739,1,25.263765582593496
"DIVCORE/4/3/127/MOD/padded",21739,1,24.38971433828603
"DIVCORE/6/3/17/DIV/normalized",20000,1,44.027099999999997
"DIVCORE/6/3/17/MOD/normalized",20000,1,43.850000000000001
"DIVCORE/6/3/17/DIV/top-clear",20000,1,48.604149999999997
"DIVCORE/6/3/17/MOD/top-clear",20000,1,51.40625
"DIVCORE/6/3/17/DIV/top-one",20000,1,54.608350000000002
"DIVCORE/6/3/17/MOD/top-one",20000,1,55.585450000000002
"DIVCORE/6/3/17/DIV/padded",20000,1,43.662500000000001
"DIVCORE/6/3/17/MOD/padded",20000,1,42.302100000000003
"DIVCORE/6/3/17/DIV/add-back",20000,1,33.483350000000002
"DIVCORE/6/3/17/MOD/add-back",20000,1,30.068750000000001
"DIVCORE/6/3/127/DIV/normalized",20000,1,43.231250000000003
"DIVCORE/6/3/127/MOD/normalized",20000,1,43.256250000000001
"DIVCORE/6/3/127/DIV/top-clear",20000,1,52.9542
"DIVCORE/6/3/127/MOD/top-clear",20000,1,52.885449999999999
"DIVCORE/6/3/127/DIV/top-one",20000,1,52.5458
"DIVCORE/6/3/127/MOD/top-one",20000,1,52.689599999999999
"DIVCORE/6/3/127/DIV/padded",20000,1,43.708350000000003
"DIVCORE/6/3/127/MOD/padded",20000,1,44.262500000000003
"DIVCORE/12/3/17/DIV/normalized",16129,1,115.80587761175522
"DIVCORE/12/3/17/MOD/normalized",16129,1,113.82193564387129
"DIVCORE/12/3/17/DIV/top-clear",16129,1,127.36375472750946
"DIVCORE/12/3/17/MOD/top-clear",16129,1,128.76129952259905
"DIVCORE/12/3/17/DIV/top-one",16129,1,125.59414718829437
"DIVCORE/12/3/17/MOD/top-one",16129,1,125.17825035650071
"DIVCORE/12/3/17/DIV/padded",16129,1,116.03062806125612
"DIVCORE/12/3/17/MOD/padded",16129,1,114.6976253952508
"DIVCORE/12/3/17/DIV/add-back",16129,1,60.726579453158905
"DIVCORE/12/3/17/MOD/add-back",16129,1,56.262508525017047
"DIVCORE/12/3/127/DIV/normalized",16129,1,115.68962737925476
"DIVCORE/12/3/127/MOD/normalized",16129,1,113.72893545787092
"DIVCORE/12/3/127/DIV/top-clear",16129,1,124.41620683241366
"DIVCORE/12/3/127/MOD/top-clear",16129,1,124.77270754541509
"DIVCORE/12/3/127/DIV/top-one",16129,1,123.86335172670346
"DIVCORE/12/3/127/MOD/top-one",16129,1,123.2252464504929
"DIVCORE/12/3/127/DIV/padded",16129,1,113.96651993303986
"DIVCORE/12/3/127/MOD/padded",16129,1,114.86818773637548
"DIVCORE/35/3/17/DIV/normalized",9259,1,378.56863592180582
"DIVCORE/35/3/17/MOD/normalized",9259,1,375.14850415811645
"DIVCORE/35/3/17/DIV/top-clear",9259,1,410.13705583756348
"DIVCORE/35/3/17/MOD/top-clear",9259,1,409.5339669510746
"DIVCORE/35/3/17/DIV/top-one",9259,1,400.53375094502644
"DIVCORE/35/3/17/MOD/top-one",9259,1,399.84523166648665
"DIVCORE/35/3/17/DIV/padded",9259,1,376.14753213089966
"DIVCORE/35/3/17/MOD/padded",9259,1,376.75947726536344
"DIVCORE/35/3/17/DIV/add-back",9259,1,182.07063397775138
"DIVCORE/35/3/17/MOD/add-back",9259,1,180.33804946538504
"DIVCORE/35/3/127/DIV/normalized",9259,1,387.39334701371638
"DIVCORE/35/3/127/MOD/normalized",9259,1,381.07074198077544
"DIVCORE/35/3/127/DIV/top-clear",9259,1,388.42391186953233
"DIVCORE/35/3/127/MOD/top-clear",9259,1,390.7864780213846
"DIVCORE/35/3/127/DIV/top-one",9259,1,394.45404471325196
"DIVCORE/35/3/127/MOD/top-one",9259,1,376.57057997623934
"DIVCORE/35/3/127/DIV/padded",9259,1,368.39377902581271
"DIVCORE/35/3/127/MOD/padded",9259,1,377.57403607301006
"DIVCORE/1027/3/17/DIV/normalized",478,1,11996.512552301256
"DIVCORE/1027/3/17/MOD/normalized",478,1,11724.284518828452
"DIVCORE/1027/3/17/DIV/top-clear",478,1,12698.048117154811
"DIVCORE/1027/3/17/MOD/top-clear",478,1,12692.556485355648
"DIVCORE/1027/3/17/DIV/top-one",478,1,12512.029288702928
"DIVCORE/1027/3/17/MOD/top-one",478,1,12229.516736401674
"DIVCORE/1027/3/17/DIV/padded",478,1,12200.052301255229
"DIVCORE/1027/3/17/MOD/padded",478,1,12124.301255230126
"DIVCORE/1027/3/17/DIV/add-back",478,1,4998.7803347280333
"DIVCORE/1027/3/17/MOD/add-back",478,1,4666.8410041841007
"DIVCORE/1027/3/127/DIV/normalized",478,1,11968.096234309623
"DIVCORE/1027/3/127/MOD/normalized",478,1,11872.993723849373
"DIVCORE/1027/3/127/DIV/top-clear",478,1,12725.941422594142
"DIVCORE/1027/3/127/MOD/top-clear",478,1,12838.127615062762
"DIVCORE/1027/3/127/DIV/top-one",478,1,12322.349372384937
"DIVCORE/1027/3/127/MOD/top-one",478,1,12153.939330543933
"DIVCORE/1027/3/127/DIV/padded",478,1,12206.502092050208
"DIVCORE/1027/3/127/MOD/padded",478,1,12161.349372384937
"DIVCORE/3/4/17/DIV/normalized",21739,1,6.4917889507337048
"DIVCORE/3/4/17/MOD/normalized",21739,1,5.7001702010212059
"DIVCORE/3/4/17/DIV/top-clear",21739,1,6.5320391922351533
"DIVCORE/3/4/17/MOD/top-clear",21739,1,6.4879709278255673
"DIVCORE/3/4/17/DIV/top-one",21739,1,6.5895395372372239
"DIVCORE/3/4/17/MOD/top-one",21739,1,5.7500345002070015
"DIVCORE/3/4/17/DIV/padded",21739,1,6.545471272827637
"DIVCORE/3/4/17/MOD/padded",21739,1,5.2037812226873363
"DIVCORE/3/4/127/DIV/normalized",21739,1,6.3652881917291504
"DIVCORE/3/4/127/MOD/normalized",21739,1,6.0854225125350752
"DIVCORE/3/4/127/DIV/top-clear",21739,1,6.3001058006348041
"DIVCORE/3/4/127/MOD/top-clear",21739,1,6.4266525599153592
"DIVCORE/3/4/127/DIV/top-one",21739,1,6.238787432724596
"DIVCORE/3/4/127/MOD/top-one",21739,1,6.7639725838355034
"DIVCORE/3/4/127/DIV/padded",21739,1,5.7404204425226553
"DIVCORE/3/4/127/MOD/padded",21739,1,6.325037950227701
"DIVCORE/4/4/17/DIV/normalized",20833,1,18.540296644746316
"DIVCORE/4/4/17/MOD/normalized",20833,1,15.01824029184467
"DIVCORE/4/4/17/DIV/top-clear",20833,1,23.274372389958238
"DIVCORE/4/4/17/MOD/top-clear",20833,1,21.170306724907597
"DIVCORE/4/4/17/DIV/top-one",20833,1,20.942303076849228
"DIVCORE/4/4/17/MOD/top-one",20833,1,20.310324965199442
"DIVCORE/4/4/17/DIV/padded",20833,1,19.598329573273173
"DIVCORE/4/4/17/MOD/padded",20833,1,14.81226899630394
"DIVCORE/4/4/127/DIV/normalized",20833,1,20.164354629674076
"DIVCORE/4/4/127/MOD/normalized",20833,1,17.594249507992128
"DIVCORE/4/4/127/DIV/top-clear",20833,1,21.056352901646427
"DIVCORE/4/4/127/MOD/top-clear",20833,1,20.340325445207124
"DIVCORE/4/4/127/DIV/top-one",20833,1,21.198339173426774
"DIVCORE/4/4/127/MOD/top-one",20833,1,22.058368933902944
"DIVCORE/4/4/127/DIV/padded",20833,1,19.352325637210196
"DIVCORE/4/4/127/MOD/padded",20833,1,16.55426486823789
"DIVCORE/5/4/17/DIV/normalized",20000,1,27.175000000000001
"DIVCORE/5/4/17/MOD/normalized",20000,1,26.035399999999999
"DIVCORE/5/4/17/DIV/top-clear",20000,1,33.291649999999997
"DIVCORE/5/4/17/MOD/top-clear",20000,1,33.508299999999998
"DIVCORE/5/4/17/DIV/top-one",20000,1,33.4375
"DIVCORE/5/4/17/MOD/top-one",20000,1,33.318750000000001
"DIVCORE/5/4/17/DIV/padded",20000,1,27.847899999999999
"DIVCORE/5/4/17/MOD/padded",20000,1,24.88955
"DIVCORE/5/4/17/DIV/add-back",20000,1,25.006250000000001
"DIVCORE/5/4/17/MOD/add-back",20000,1,21.762499999999999
"DIVCORE/5/4/127/DIV/normalized",20000,1,25.3917
"DIVCORE/5/4/127/MOD/normalized",20000,1,25.166650000000001
"DIVCORE/5/4/127/DIV/top-clear",20000,1,32.908299999999997
"DIVCORE/5/4/127/MOD/top-clear",20000,1,33.950000000000003
"DIVCORE/5/4/127/DIV/top-one",20000,1,32.893749999999997
"DIVCORE/5/4/127/MOD/top-one",20000,1,32.71875
"DIVCORE/5/4/127/DIV/padded",20000,1,25.014600000000002
"DIVCORE/5/4/127/MOD/padded",20000,1,24.300000000000001
"DIVCORE/8/4/17/DIV/normalized",17857,1,60.431483451867614
"DIVCORE/8/4/17/MOD/normalized",17857,1,59.999831998655992
"DIVCORE/8/4/17/DIV/top-clear",17857,1,74.5202441619533
"DIVCORE/8/4/17/MOD/top-clear",17857,1,75.068600548804397
"DIVCORE/8/4/17/DIV/top-one",17857,1,72.583580668645354
"DIVCORE/8/4/17/MOD/top-one",17857,1,71.962927703421627
"DIVCORE/8/4/17/DIV/padded",17857,1,62.599148793190345
"DIVCORE/8/4/17/MOD/padded",17857,1,60.370778966231732
"DIVCORE/8/4/17/DIV/add-back",17857,1,46.053368426947415
"DIVCORE/8/4/17/MOD/add-back",17857,1,46.018368146945178
"DIVCORE/8/4/127/DIV/normalized",17857,1,67.907543260346088
"DIVCORE/8/4/127/MOD/normalized",17857,1,66.516828134625072
"DIVCORE/8/4/127/DIV/top-clear",17857,1,74.891247129977046
"DIVCORE/8/4/127/MOD/top-clear",17857,1,73.108584868678946
"DIVCORE/8/4/127/DIV/top-one",17857,1,69.715909727277818
"DIVCORE/8/4/127/MOD/top-one",17857,1,69.762558100464801
"DIVCORE/8/4/127/DIV/padded",17857,1,68.047544380355049
"DIVCORE/8/4/127/MOD/padded",17857,1,67.716189729517836
"DIVCORE/16/4/17/DIV/normalized",13888,1,196.37161578341014
"DIVCORE/16/4/17/MOD/normalized",13888,1,181.94362039170508
"DIVCORE/16/4/17/DIV/top-clear",13888,1,176.19225230414747
"DIVCORE/16/4/17/MOD/top-clear",13888,1,194.80846774193549
"DIVCORE/16/4/17/DIV/top-one",13888,1,178.60145449308754
"DIVCORE/16/4/17/MOD/top-one",13888,1,174.46118951612902
"DIVCORE/16/4/17/DIV/padded",13888,1,166.75972062211983
"DIVCORE/16/4/17/MOD/padded",13888,1,169.11477534562212
"DIVCORE/16/4/17/DIV/add-back",13888,1,91.367799539170505
"DIVCORE/16/4/17/MOD/add-back",13888,1,96.04817108294931
"DIVCORE/16/4/127/DIV/normalized",13888,1,177.25439228110599
"DIVCORE/16/4/127/MOD/normalized",13888,1,168.4217309907834
"DIVCORE/16/4/127/DIV/top-clear",13888,1,168.02880184331798
"DIVCORE/16/4/127/MOD/top-clear",13888,1,178.76346486175115
"DIVCORE/16/4/127/DIV/top-one",13888,1,167.96875
"DIVCORE/16/4/127/MOD/top-one",13888,1,167.50676843317973
"DIVCORE/16/4/127/DIV/padded",13888,1,169.42986751152074
"DIVCORE/16/4/127/MOD/padded",13888,1,160.46522177419354
"DIVCORE/36/4/17/DIV/normalized",8928,1,410.73969534050178
"DIVCORE/36/4/17/MOD/normalized",8928,1,411.58434139784947
"DIVCORE/36/4/17/DIV/top-clear",8928,1,437.60741487455198
"DIVCORE/36/4/17/MOD/top-clear",8928,1,432.10495071684591
"DIVCORE/36/4/17/DIV/top-one",8928,1,416.02732974910396
"DIVCORE/36/4/17/MOD/top-one",8928,1,420.17618727598568
"DIVCORE/36/4/17/DIV/padded",8928,1,423.5878136200717
"DIVCORE/36/4/17/MOD/padded",8928,1,429.0621639784946
"DIVCORE/36/4/17/DIV/add-back",8928,1,243.84431003584228
"DIVCORE/36/4/17/MOD/add-back",8928,1,228.01859318996415
"DIVCORE/36/4/127/DIV/normalized",8928,1,429.13676075268819
"DIVCORE/36/4/127/MOD/normalized",8928,1,421.91700268817203
"DIVCORE/36/4/127/DIV/top-clear",8928,1,443.58568548387098
"DIVCORE/36/4/127/MOD/top-clear",8928,1,429.93951612903226
"DIVCORE/36/4/127/DIV/top-one",8928,1,426.62130376344084
"DIVCORE/36/4/127/MOD/top-one",8928,1,406.65143369175627
"DIVCORE/36/4/127/DIV/padded",8928,1,435.26915322580646
"DIVCORE/36/4/127/MOD/padded",8928,1,427.20934139784947
"DIVCORE/1028/4/17/DIV/normalized",477,1,12972.222222222223
"DIVCORE/1028/4/17/MOD/normalized",477,1,12912.909853249475
"DIVCORE/1028/4/17/DIV/top-clear",477,1,13618.622641509433
"DIVCORE/1028/4/17/MOD/top-clear",477,1,13460.07966457023
"DIVCORE/1028/4/17/DIV/top-one",477,1,13395.002096436059
"DIVCORE/1028/4/17/MOD/top-one",477,1,12922.605870020965
"DIVCORE/1028/4/17/DIV/padded",477,1,13302.672955974842
"DIVCORE/1028/4/17/MOD/padded",477,1,12959.557651991614
"DIVCORE/1028/4/17/DIV/add-back",477,1,6953.7023060796646
"DIVCORE/1028/4/17/MOD/add-back",477,1,6312.0209643605867
"DIVCORE/1028/4/127/DIV/normalized",477,1,13552.584905660377
"DIVCORE/1028/4/127/MOD/normalized",477,1,12940.77568134172
"DIVCORE/1028/4/127/DIV/top-clear",477,1,13588.748427672956
"DIVCORE/1028/4/127/MOD/top-clear",477,1,13534.415094339623
"DIVCORE/1028/4/127/DIV/top-one",477,1,13415.880503144654
"DIVCORE/1028/4/127/MOD/top-one",477,1,13510.570230607966
"DIVCORE/1028/4/127/DIV/padded",477,1,13423.30607966457
"DIVCORE/1028/4/127/MOD/padded",477,1,13539.394129979035
"DIVCORE/7/8/17/DIV/normalized",16129,1,6.2697625395250789
"DIVCORE/7/8/17/MOD/normalized",16129,1,6.6082212164424332
"DIVCORE/7/8/17/DIV/top-clear",16129,1,6.0527621055242111
"DIVCORE/7/8/17/MOD/top-clear",16129,1,5.6730113460226921
"DIVCORE/7/8/17/DIV/top-one",16129,1,6.2723665447330896
"DIVCORE/7/8/17/MOD/top-one",16129,1,5.897761795523591
"DIVCORE/7/8/17/DIV/padded",16129,1,5.8538037076074154
"DIVCORE/7/8/17/MOD/padded",16129,1,5.6962613925227847
"DIVCORE/7/8/127/DIV/normalized",16129,1,6.2775125550251101
"DIVCORE/7/8/127/MOD/normalized",16129,1,5.8770537541075081
"DIVCORE/7/8/127/DIV/top-clear",16129,1,6.1276582553165104
"DIVCORE/7/8/127/MOD/top-clear",16129,1,5.9597619195238387
"DIVCORE/7/8/127/DIV/top-one",16129,1,6.4557629115258228
"DIVCORE/7/8/127/MOD/top-one",16129,1,5.7117614235228471
"DIVCORE/7/8/127/DIV/padded",16129,1,6.0140120280240561
"DIVCORE/7/8/127/MOD/padded",16129,1,6.0502201004402005
"DIVCORE/8/8/17/DIV/normalized",15625,1,22.805312000000001
"DIVCORE/8/8/17/MOD/normalized",15625,1,14.208
"DIVCORE/8/8/17/DIV/top-clear",15625,1,27.634623999999999
"DIVCORE/8/8/17/MOD/top-clear",15625,1,26.626624
"DIVCORE/8/8/17/DIV/top-one",15625,1,27.693311999999999
"DIVCORE/8/8/17/MOD/top-one",15625,1,27.133312
"DIVCORE/8/8/17/DIV/padded",15625,1,20.015999999999998
"DIVCORE/8/8/17/MOD/padded",15625,1,13.757312000000001
"DIVCORE/8/8/127/DIV/normalized",15625,1,20.298687999999999
"DIVCORE/8/8/127/MOD/normalized",15625,1,13.48
"DIVCORE/8/8/127/DIV/top-clear",15625,1,28.637312000000001
"DIVCORE/8/8/127/MOD/top-clear",15625,1,26.344000000000001
"DIVCORE/8/8/127/DIV/top-one",15625,1,27.093312000000001
"DIVCORE/8/8/127/MOD/top-one",15625,1,27.213311999999998
"DIVCORE/8/8/127/DIV/padded",15625,1,22.069312
"DIVCORE/8/8/127/MOD/padded",15625,1,13.506624
"DIVCORE/9/8/17/DIV/normalized",15151,1,28.130684443271072
"DIVCORE/9/8/17/MOD/normalized",15151,1,24.541878423866411
"DIVCORE/9/8/17/DIV/top-clear",15151,1,43.935515807537456
"DIVCORE/9/8/17/MOD/top-clear",15151,1,44.375486766550061
"DIVCORE/9/8/17/DIV/top-one",15151,1,43.97122302158273
"DIVCORE/9/8/17/MOD/top-one",15151,1,44.301234241964224
"DIVCORE/9/8/17/DIV/padded",15151,1,26.510923371394629
"DIVCORE/9/8/17/MOD/padded",15151,1,24.833344333707345
"DIVCORE/9/8/17/DIV/add-back",15151,1,28.947528215959341
"DIVCORE/9/8/17/MOD/add-back",15151,1,27.162695531648076
"DIVCORE/9/8/127/DIV/normalized",15151,1,25.732624909246915
"DIVCORE/9/8/127/MOD/normalized",15151,1,24.343805689393438
"DIVCORE/9/8/127/DIV/top-clear",15151,1,43.492772754273645
"DIVCORE/9/8/127/MOD/top-clear",15151,1,45.189558444987128
"DIVCORE/9/8/127/DIV/top-one",15151,1,42.631971487030562
"DIVCORE/9/8/127/MOD/top-one",15151,1,44.862253316612765
"DIVCORE/9/8/127/DIV/padded",15151,1,25.666622665170618
"DIVCORE/9/8/127/MOD/padded",15151,1,25.01214441291004
"DIVCORE/16/8/17/DIV/normalized",12500,1,147.29336000000001
"DIVCORE/16/8/17/MOD/normalized",12500,1,148.22672
"DIVCORE/16/8/17/DIV/top-clear",12500,1,163.69999999999999
"DIVCORE/16/8/17/MOD/top-clear",12500,1,167.33663999999999
"DIVCORE/16/8/17/DIV/top-one",12500,1,170.99664000000001
"DIVCORE/16/8/17/MOD/top-one",12500,1,167.93335999999999
"DIVCORE/16/8/17/DIV/padded",12500,1,147.37664000000001
"DIVCORE/16/8/17/MOD/padded",12500,1,147.33000000000001
"DIVCORE/16/8/17/DIV/add-back",12500,1,115.87
"DIVCORE/16/8/17/MOD/add-back",12500,1,110.95999999999999
"DIVCORE/16/8/127/DIV/normalized",12500,1,146.44336000000001
"DIVCORE/16/8/127/MOD/normalized",12500,1,147.75999999999999
"DIVCORE/16/8/127/DIV/top-clear",12500,1,150.09
"DIVCORE/16/8/127/MOD/top-clear",12500,1,155.23336
"DIVCORE/16/8/127/DIV/top-one",12500,1,157.82328000000001
"DIVCORE/16/8/127/MOD/top-one",12500,1,156.63999999999999
"DIVCORE/16/8/127/DIV/padded",12500,1,138.26664
"DIVCORE/16/8/127/MOD/padded",12500,1,140.96672000000001
"DIVCORE/32/8/17/DIV/normalized",8928,1,417.25470430107526
"DIVCORE/32/8/17/MOD/normalized",8928,1,421.46426971326167
"DIVCORE/32/8/17/DIV/top-clear",8928,1,426.52329749103944
"DIVCORE/32/8/17/MOD/top-clear",8928,1,426.30398745519716
"DIVCORE/32/8/17/DIV/top-one",8928,1,450.59554211469532
"DIVCORE/32/8/17/MOD/top-one",8928,1,449.06003584229393
"DIVCORE/32/8/17/DIV/padded",8928,1,431.44690860215053
"DIVCORE/32/8/17/MOD/padded",8928,1,423.83512544802869
"DIVCORE/32/8/17/DIV/add-back",8928,1,322.27721774193549
"DIVCORE/32/8/17/MOD/add-back",8928,1,289.29581093189967
"DIVCORE/32/8/127/DIV/normalized",8928,1,420.09229390681003
"DIVCORE/32/8/127/MOD/normalized",8928,1,448.73801523297493
"DIVCORE/32/8/127/DIV/top-clear",8928,1,437.72401433691755
"DIVCORE/32/8/127/MOD/top-clear",8928,1,426.20127688172045
"DIVCORE/32/8/127/DIV/top-one",8928,1,474.82638888888891
"DIVCORE/32/8/127/MOD/top-one",8928,1,439.11480734767025
"DIVCORE/32/8/127/DIV/padded",8928,1,462.02016129032256
"DIVCORE/32/8/127/MOD/padded",8928,1,420.92293906810033
"DIVCORE/40/8/17/DIV/normalized",7812,1,539.92255504352283
"DIVCORE/40/8/17/MOD/normalized",7812,1,554.92613927291347
"DIVCORE/40/8/17/DIV/top-clear",7812,1,574.70878136200713
"DIVCORE/40/8/17/MOD/top-clear",7812,1,576.15949820788535
"DIVCORE/40/8/17/DIV/top-one",7812,1,584.75742447516643
"DIVCORE/40/8/17/MOD/top-one",7812,1,587.98963133640552
"DIVCORE/40/8/17/DIV/padded",7812,1,559.63044034818233
"DIVCORE/40/8/17/MOD/padded",7812,1,543.05337941628261
"DIVCORE/40/8/17/DIV/add-back",7812,1,411.86635944700458
"DIVCORE/40/8/17/MOD/add-back",7812,1,381.03238607270868
"DIVCORE/40/8/127/DIV/normalized",7812,1,549.48054275473635
"DIVCORE/40/8/127/MOD/normalized",7812,1,576.6875320020481
"DIVCORE/40/8/127/DIV/top-clear",7812,1,591.89388120839737
"DIVCORE/40/8/127/MOD/top-clear",7812,1,565.44418842805942
"DIVCORE/40/8/127/DIV/top-one",7812,1,575.55683563748084
"DIVCORE/40/8/127/MOD/top-one",7812,1,579.35445468509988
"DIVCORE/40/8/127/DIV/padded",7812,1,562.36661546338962
"DIVCORE/40/8/127/MOD/padded",7812,1,542.51472094214034
"DIVCORE/1032/8/17/DIV/normalized",473,1,18453.488372093023
"DIVCORE/1032/8/17/MOD/normalized",473,1,18239.7822410148
"DIVCORE/1032/8/17/DIV/top-clear",473,1,17876.321353065538
"DIVCORE/1032/8/17/MOD/top-clear",473,1,17998.150105708246
"DIVCORE/1032/8/17/DIV/top-one",473,1,18185.693446088793
"DIVCORE/1032/8/17/MOD/top-one",473,1,18284.090909090908
"DIVCORE/1032/8/17/DIV/padded",473,1,18837.649048625794
"DIVCORE/1032/8/17/MOD/padded",473,1,18655.919661733617
"DIVCORE/1032/8/17/DIV/add-back",473,1,12380.900634249472
"DIVCORE/1032/8/17/MOD/add-back",473,1,11923.978858350951
"DIVCORE/1032/8/127/DIV/normalized",473,1,17959.566596194501
"DIVCORE/1032/8/127/MOD/normalized",473,1,18134.77801268499
"DIVCORE/1032/8/127/DIV/top-clear",473,1,17644.906976744187
"DIVCORE/1032/8/127/MOD/top-clear",473,1,17516.649048625794
"DIVCORE/1032/8/127/DIV/top-one",473,1,18438.511627906977
"DIVCORE/1032/8/127/MOD/top-one",473,1,18073.99577167019
"DIVCORE/1032/8/127/DIV/padded",473,1,19124.38266384778
"DIVCORE/1032/8/127/MOD/padded",473,1,17978.065539112049
"DIVCORE/15/16/17/DIV/normalized",10638,1,6.4979319420943789
"DIVCORE/15/16/17/MOD/normalized",10638,1,5.9534686971235198
"DIVCORE/15/16/17/DIV/top-clear",10638,1,6.5644858056025566
"DIVCORE/15/16/17/MOD/top-clear",10638,1,5.2131979695431472
"DIVCORE/15/16/17/DIV/top-one",10638,1,5.7773077646174089
"DIVCORE/15/16/17/MOD/top-one",10638,1,5.9809174656890391
"DIVCORE/15/16/17/DIV/padded",10638,1,6.1179733032524908
"DIVCORE/15/16/17/MOD/padded",10638,1,6.0592216582064298
"DIVCORE/15/16/127/DIV/normalized",10638,1,6.1493701823651064
"DIVCORE/15/16/127/MOD/normalized",10638,1,5.8438616281255875
"DIVCORE/15/16/127/DIV/top-clear",10638,1,6.0944726452340667
"DIVCORE/15/16/127/MOD/top-clear",10638,1,6.0161684527166761
"DIVCORE/15/16/127/DIV/top-one",10638,1,6.1962774957698814
"DIVCORE/15/16/127/MOD/top-one",10638,1,6.08667042677195
"DIVCORE/15/16/127/DIV/padded",10638,1,5.7106598984771573
"DIVCORE/15/16/127/MOD/padded",10638,1,6.2786238014664413
"DIVCORE/16/16/17/DIV/normalized",10416,1,18.873175883256529
"DIVCORE/16/16/17/MOD/normalized",10416,1,17.273041474654377
"DIVCORE/16/16/17/DIV/top-clear",10416,1,35.70228494623656
"DIVCORE/16/16/17/MOD/top-clear",10416,1,39.034466205837177
"DIVCORE/16/16/17/DIV/top-one",10416,1,34.322196620583718
"DIVCORE/16/16/17/MOD/top-one",10416,1,39.894585253456221
"DIVCORE/16/16/17/DIV/padded",10416,1,18.989247311827956
"DIVCORE/16/16/17/MOD/padded",10416,1,13.904857910906298
"DIVCORE/16/16/127/DIV/normalized",10416,1,26.109735023041473
"DIVCORE/16/16/127/MOD/normalized",10416,1,23.521505376344088
"DIVCORE/16/16/127/DIV/top-clear",10416,1,37.150345622119815
"DIVCORE/16/16/127/MOD/top-clear",10416,1,42.630760368663594
"DIVCORE/16/16/127/DIV/top-one",10416,1,37.690380184331801
"DIVCORE/16/16/127/MOD/top-one",10416,1,39.826516897081412
"DIVCORE/16/16/127/DIV/padded",10416,1,26.105606758832565
"DIVCORE/16/16/127/MOD/padded",10416,1,24.11760752688172
"DIVCORE/17/16/17/DIV/normalized",10204,1,52.222167777342221
"DIVCORE/17/16/17/MOD/normalized",10204,1,49.719031752254018
"DIVCORE/17/16/17/DIV/top-clear",10204,1,64.215013720109766
"DIVCORE/17/16/17/MOD/top-clear",10204,1,60.989121912975307
"DIVCORE/17/16/17/DIV/top-one",10204,1,64.051646413171312
"DIVCORE/17/16/17/MOD/top-one",10204,1,66.94678557428459
"DIVCORE/17/16/17/DIV/padded",10204,1,51.417777342218734
"DIVCORE/17/16/17/MOD/padded",10204,1,49.935515484123876
"DIVCORE/17/16/17/DIV/add-back",10204,1,39.159447275578202
"DIVCORE/17/16/17/MOD/add-back",10204,1,35.390533124264991
"DIVCORE/17/16/127/DIV/normalized",10204,1,51.552430419443354
"DIVCORE/17/16/127/MOD/normalized",10204,1,49.739513916111328
"DIVCORE/17/16/127/DIV/top-clear",10204,1,64.362014896119163
"DIVCORE/17/16/127/MOD/top-clear",10204,1,67.249019992159944
"DIVCORE/17/16/127/DIV/top-one",10204,1,64.378381027048221
"DIVCORE/17/16/127/MOD/top-one",10204,1,65.391023128185026
"DIVCORE/17/16/127/DIV/padded",10204,1,46.436103488827911
"DIVCORE/17/16/127/MOD/padded",10204,1,47.264994119952959
"DIVCORE/32/16/17/DIV/normalized",7812,1,389.83294930875576
"DIVCORE/32/16/17/MOD/normalized",7812,1,396.39336917562724
"DIVCORE/32/16/17/DIV/top-clear",7812,1,435.7078853046595
"DIVCORE/32/16/17/MOD/top-clear",7812,1,442.43906810035844
"DIVCORE/32/16/17/DIV/top-one",7812,1,431.37698412698415
"DIVCORE/32/16/17/MOD/top-one",7812,1,447.81528417818743
"DIVCORE/32/16/17/DIV/padded",7812,1,412.31976446492575
"DIVCORE/32/16/17/MOD/padded",7812,1,409.68484383000509
"DIVCORE/32/16/17/DIV/add-back",7812,1,455.11175115207374
"DIVCORE/32/16/17/MOD/add-back",7812,1,452.52496159754224
"DIVCORE/32/16/127/DIV/normalized",7812,1,412.93842805939579
"DIVCORE/32/16/127/MOD/normalized",7812,1,410.58090117767534
"DIVCORE/32/16/127/DIV/top-clear",7812,1,440.44418842805942
"DIVCORE/32/16/127/MOD/top-clear",7812,1,441.19623655913978
"DIVCORE/32/16/127/DIV/top-one",7812,1,433.05171530977981
"DIVCORE/32/16/127/MOD/top-one",7812,1,436.64669738863284
"DIVCORE/32/16/127/DIV/padded",7812,1,417.26408090117769
"DIVCORE/32/16/127/MOD/padded",7812,1,420.36827956989248
"DIVCORE/48/16/17/DIV/normalized",6250,1,769.83327999999995
"DIVCORE/48/16/17/MOD/normalized",6250,1,762.76671999999996
"DIVCORE/48/16/17/DIV/top-clear",6250,1,823.01343999999995
"DIVCORE/48/16/17/MOD/top-clear",6250,1,836.79999999999995
"DIVCORE/48/16/17/DIV/top-one",6250,1,839.63999999999999
"DIVCORE/48/16/17/MOD/top-one",6250,1,846.65999999999997
"DIVCORE/48/16/17/DIV/padded",6250,1,768.76671999999996
"DIVCORE/48/16/17/MOD/padded",6250,1,752.08000000000004
"DIVCORE/48/16/17/DIV/add-back",6250,1,836.66672000000005
"DIVCORE/48/16/17/MOD/add-back",6250,1,840.65328
"DIVCORE/48/16/127/DIV/normalized",6250,1,781.86000000000001
"DIVCORE/48/16/127/MOD/normalized",6250,1,789.14656000000002
"DIVCORE/48/16/127/DIV/top-clear",6250,1,815.53327999999999
"DIVCORE/48/16/127/MOD/top-clear",6250,1,821.62671999999998
"DIVCORE/48/16/127/DIV/top-one",6250,1,796.31344000000001
"DIVCORE/48/16/127/MOD/top-one",6250,1,840.47328000000005
"DIVCORE/48/16/127/DIV/padded",6250,1,798.96655999999996
"DIVCORE/48/16/127/MOD/padded",6250,1,801.46000000000004
"DIVCORE/64/16/17/DIV/normalized",5208,1,1161.4183947772658
"DIVCORE/64/16/17/MOD/normalized",5208,1,1151.4097542242703
"DIVCORE/64/16/17/DIV/top-clear",5208,1,1232.5508832565283
"DIVCORE/64/16/17/MOD/top-clear",5208,1,1350.2304147465438
"DIVCORE/64/16/17/DIV/top-one",5208,1,1303.4994239631337
"DIVCORE/64/16/17/MOD/top-one",5208,1,1324.0046082949309
"DIVCORE/64/16/17/DIV/padded",5208,1,1185.4598694316437
"DIVCORE/64/16/17/MOD/padded",5208,1,1181.4036098310291
"DIVCORE/64/16/17/DIV/add-back",5208,1,1322.9886712749617
"DIVCORE/64/16/17/MOD/add-back",5208,1,1325.0528033794162
"DIVCORE/64/16/127/DIV/normalized",5208,1,1211.8774961597542
"DIVCORE/64/16/127/MOD/normalized",5208,1,1189.1401689708141
"DIVCORE/64/16/127/DIV/top-clear",5208,1,1244.0796850998463
"DIVCORE/64/16/127/MOD/top-clear",5208,1,1230.6307603686637
"DIVCORE/64/16/127/DIV/top-one",5208,1,1220.9581413210446
"DIVCORE/64/16/127/MOD/top-one",5208,1,1171.3310291858679
"DIVCORE/64/16/127/DIV/padded",5208,1,1199.6127112135177
"DIVCORE/64/16/127/MOD/padded",5208,1,1196.2044930875577
"DIVCORE/1040/16/17/DIV/normalized",466,1,24483.547210300429
"DIVCORE/1040/16/17/MOD/normalized",418,1,24706.23923444976
"DIVCORE/1040/16/17/DIV/top-clear",466,1,26672.122317596568
"DIVCORE/1040/16/17/MOD/top-clear",466,1,26854.701716738196
"DIVCORE/1040/16/17/DIV/top-one",376,1,26075.132978723403
"DIVCORE/1040/16/17/MOD/top-one",383,1,26446.691906005221
"DIVCORE/1040/16/17/DIV/padded",466,1,24607.118025751071
"DIVCORE/1040/16/17/MOD/padded",466,1,25159.693133047211
"DIVCORE/1040/16/17/DIV/add-back",466,1,27708.6008583691
"DIVCORE/1040/16/17/MOD/add-back",466,1,28002.772532188843
"DIVCORE/1040/16/127/DIV/normalized",372,1,27839.045698924732
"DIVCORE/1040/16/127/MOD/normalized",375,1,27741.666666666668
"DIVCORE/1040/16/127/DIV/top-clear",367,1,27735.242506811988
"DIVCORE/1040/16/127/MOD/top-clear",466,1,27690.718884120171
"DIVCORE/1040/16/127/DIV/top-one",466,1,25981.313304721029
"DIVCORE/1040/16/127/MOD/top-one",400,1,25528.645
"DIVCORE/1040/16/127/DIV/padded",466,1,27567.238197424893
"DIVCORE/1040/16/127/MOD/padded",376,1,27402.484042553191
"DIVCORE/31/32/17/DIV/normalized",6329,1,7.7223890030020543
"DIVCORE/31/32/17/MOD/normalized",6329,1,5.7802180439247905
"DIVCORE/31/32/17/DIV/top-clear",6329,1,6.8731237162268917
"DIVCORE/31/32/17/MOD/top-clear",6329,1,7.7355032390583034
"DIVCORE/31/32/17/DIV/top-one",6329,1,6.807236530257545
"DIVCORE/31/32/17/MOD/top-one",6329,1,7.3406541317743716
"DIVCORE/31/32/17/DIV/padded",6329,1,7.9593932690788431
"DIVCORE/31/32/17/MOD/padded",6329,1,7.0573550323905829
"DIVCORE/31/32/127/DIV/normalized",6329,1,7.6565018170327068
"DIVCORE/31/32/127/MOD/normalized",6329,1,6.4188655395797127
"DIVCORE/31/32/127/DIV/top-clear",6329,1,7.8672776109969975
"DIVCORE/31/32/127/MOD/top-clear",6329,1,7.2550165902986254
"DIVCORE/31/32/127/DIV/top-one",6329,1,7.4130194343498186
"DIVCORE/31/32/127/MOD/top-one",6329,1,7.0772633907410336
"DIVCORE/31/32/127/DIV/padded",6329,1,7.3404961289303206
"DIVCORE/31/32/127/MOD/padded",6329,1,6.9587612577026388
"DIVCORE/32/32/17/DIV/normalized",6250,1,42.653280000000002
"DIVCORE/32/32/17/MOD/normalized",6250,1,38.31344
"DIVCORE/32/32/17/DIV/top-clear",6250,1,63.746720000000003
"DIVCORE/32/32/17/MOD/top-clear",6250,1,69.786720000000003
"DIVCORE/32/32/17/DIV/top-one",6250,1,66.153440000000003
"DIVCORE/32/32/17/MOD/top-one",6250,1,70.286559999999994
"DIVCORE/32/32/17/DIV/padded",6250,1,42.640000000000001
"DIVCORE/32/32/17/MOD/padded",6250,1,35.353279999999998
"DIVCORE/32/32/127/DIV/normalized",6250,1,38.566560000000003
"DIVCORE/32/32/127/MOD/normalized",6250,1,35.240000000000002
"DIVCORE/32/32/127/DIV/top-clear",6250,1,62.646720000000002
"DIVCORE/32/32/127/MOD/top-clear",6250,1,69.633279999999999
"DIVCORE/32/32/127/DIV/top-one",6250,1,66.633279999999999
"DIVCORE/32/32/127/MOD/top-one",6250,1,69.780000000000001
"DIVCORE/32/32/127/DIV/padded",6250,1,41.399999999999999
"DIVCORE/32/32/127/MOD/padded",6250,1,38.613280000000003
"DIVCORE/33/32/17/DIV/normalized",6172,1,51.205605962410885
"DIVCORE/33/32/17/MOD/normalized",6172,1,46.331659105638366
"DIVCORE/33/32/17/DIV/top-clear",6172,1,106.50923525599481
"DIVCORE/33/32/17/MOD/top-clear",6172,1,111.81545690213869
"DIVCORE/33/32/17/DIV/top-one",6172,1,107.93373298768633
"DIVCORE/33/32/17/MOD/top-one",6172,1,112.64581983149708
"DIVCORE/33/32/17/DIV/padded",6172,1,53.885774465327287
"DIVCORE/33/32/17/MOD/padded",6172,1,49.207388204795855
"DIVCORE/33/32/17/DIV/add-back",6172,1,66.563998703823714
"DIVCORE/33/32/17/MOD/add-back",6172,1,55.202203499675953
"DIVCORE/33/32/127/DIV/normalized",6172,1,80.835547634478289
"DIVCORE/33/32/127/MOD/normalized",6172,1,80.491088788075174
"DIVCORE/33/32/127/DIV/top-clear",6172,1,106.21889176928062
"DIVCORE/33/32/127/MOD/top-clear",6172,1,108.90570317563188
"DIVCORE/33/32/127/DIV/top-one",6172,1,105.88139987038237
"DIVCORE/33/32/127/MOD/top-one",6172,1,110.95819831497083
"DIVCORE/33/32/127/DIV/padded",6172,1,88.295204147764096
"DIVCORE/33/32/127/MOD/padded",6172,1,74.550388852883998
"DIVCORE/64/32/17/DIV/normalized",4464,1,1320.0604838709678
"DIVCORE/64/32/17/MOD/normalized",4464,1,1293.3187724014338
"DIVCORE/64/32/17/DIV/top-clear",4464,1,1387.6288082437277
"DIVCORE/64/32/17/MOD/top-clear",4464,1,1409.0501792114696
"DIVCORE/64/32/17/DIV/top-one",4464,1,1316.9522849462367
"DIVCORE/64/32/17/MOD/top-one",4464,1,1351.133288530466
"DIVCORE/64/32/17/DIV/padded",4464,1,1290.6771953405018
"DIVCORE/64/32/17/MOD/padded",4464,1,1281.7726254480287
"DIVCORE/64/32/17/DIV/add-back",4464,1,1585.2186379928316
"DIVCORE/64/32/17/MOD/add-back",4464,1,1597.2408154121863
"DIVCORE/64/32/127/DIV/normalized",4464,1,1319.5564516129032
"DIVCORE/64/32/127/MOD/normalized",4464,1,1308.2343189964158
"DIVCORE/64/32/127/DIV/top-clear",4464,1,1364.6859318996417
"DIVCORE/64/32/127/MOD/top-clear",4464,1,1378.2576164874552
"DIVCORE/64/32/127/DIV/top-one",4464,1,1353.2240143369177
"DIVCORE/64/32/127/MOD/top-one",4464,1,1348.6691308243728
"DIVCORE/64/32/127/DIV/padded",4464,1,1327.9289874551971
"DIVCORE/64/32/127/MOD/padded",4464,1,1322.5246415770609
"DIVCORE/128/32/17/DIV/normalized",2425,1,3980.841649484536
"DIVCORE/128/32/17/MOD/normalized",2840,1,3972.3443661971833
"DIVCORE/128/32/17/DIV/top-clear",2364,1,4158.6649746192898
"DIVCORE/128/32/17/MOD/top-clear",2840,1,4245.5105633802814
"DIVCORE/128/32/17/DIV/top-one",2840,1,3845.8919014084508
"DIVCORE/128/32/17/MOD/top-one",2670,1,3880.7584269662921
"DIVCORE/128/32/17/DIV/padded",2840,1,4001.4964788732395
"DIVCORE/128/32/17/MOD/padded",2599,1,3998.0761831473642
"DIVCORE/128/32/17/DIV/add-back",2131,1,4662.7954012200844
"DIVCORE/128/32/17/MOD/add-back",2133,1,4783.0323488045005
"DIVCORE/128/32/127/DIV/normalized",2643,1,3833.4752175558078
"DIVCORE/128/32/127/MOD/normalized",2840,1,3903.6239436619717
"DIVCORE/128/32/127/DIV/top-clear",2840,1,4048.5475352112676
"DIVCORE/128/32/127/MOD/top-clear",2840,1,4148.2686619718306
"DIVCORE/128/32/127/DIV/top-one",2514,1,4016.607000795545
"DIVCORE/128/32/127/MOD/top-one",2840,1,4101.217605633803
"DIVCORE/128/32/127/DIV/padded",2557,1,3883.7180289401645
"DIVCORE/128/32/127/MOD/padded",2525,1,3929.0265346534652
"DIVCORE/1056/32/17/DIV/normalized",221,1,44647.814479638007
"DIVCORE/1056/32/17/MOD/normalized",220,1,45034.849999999999
"DIVCORE/1056/32/17/DIV/top-clear",229,1,44382.462882096072
"DIVCORE/1056/32/17/MOD/top-clear",228,1,45159.90789473684
"DIVCORE/1056/32/17/DIV/top-one",252,1,39494.047619047618
"DIVCORE/1056/32/17/MOD/top-one",452,1,40637.907079646015
"DIVCORE/1056/32/17/DIV/padded",216,1,45117.087962962964
"DIVCORE/1056/32/17/MOD/padded",438,1,45077.436073059362
"DIVCORE/1056/32/17/DIV/add-back",396,1,49515.36363636364
"DIVCORE/1056/32/17/MOD/add-back",196,1,48861.607142857145
"DIVCORE/1056/32/127/DIV/normalized",438,1,42160.95890410959
"DIVCORE/1056/32/127/MOD/normalized",452,1,42323.008849557526
"DIVCORE/1056/32/127/DIV/top-clear",436,1,45693.137614678897
"DIVCORE/1056/32/127/MOD/top-clear",219,1,45737.821917808222
"DIVCORE/1056/32/127/DIV/top-one",228,1,45779.42105263158
"DIVCORE/1056/32/127/MOD/top-one",219,1,45833.904109589042
"DIVCORE/1056/32/127/DIV/padded",452,1,43152.008849557526
"DIVCORE/1056/32/127/MOD/padded",452,1,42637.721238938051
"DIVCORE/63/64/17/DIV/normalized",3496,1,11.763443935926773
"DIVCORE/63/64/17/MOD/normalized",3496,1,7.6636155606407321
"DIVCORE/63/64/17/DIV/top-clear",3496,1,7.3177917620137301
"DIVCORE/63/64/17/MOD/top-clear",3496,1,8.6287185354691083
"DIVCORE/63/64/17/DIV/top-one",3496,1,7.4013157894736841
"DIVCORE/63/64/17/MOD/top-one",3496,1,7.3298054919908466
"DIVCORE/63/64/17/DIV/padded",3496,1,6.9127574370709386
"DIVCORE/63/64/17/MOD/padded",3496,1,6.5552059496567505
"DIVCORE/63/64/127/DIV/normalized",3496,1,7.3298054919908466
"DIVCORE/63/64/127/MOD/normalized",3496,1,6.8770022883295194
"DIVCORE/63/64/127/DIV/top-clear",3496,1,7.5323226544622424
"DIVCORE/63/64/127/MOD/top-clear",3496,1,7.1987986270022883
"DIVCORE/63/64/127/DIV/top-one",3496,1,6.7934782608695654
"DIVCORE/63/64/127/MOD/top-one",3496,1,6.4716819221967965
"DIVCORE/63/64/127/DIV/padded",3496,1,7.9139016018306636
"DIVCORE/63/64/127/MOD/padded",3496,1,7.0912471395881003
"DIVCORE/64/64/17/DIV/normalized",3472,1,23.029665898617512
"DIVCORE/64/64/17/MOD/normalized",3472,1,15.396889400921658
"DIVCORE/64/64/17/DIV/top-clear",3472,1,120.54781105990783
"DIVCORE/64/64/17/MOD/top-clear",3472,1,128.27620967741936
"DIVCORE/64/64/17/DIV/top-one",3472,1,127.42425115207374
"DIVCORE/64/64/17/MOD/top-one",3472,1,130.90437788018434
"DIVCORE/64/64/17/DIV/padded",3472,1,23.917626728110598
"DIVCORE/64/64/17/MOD/padded",3472,1,14.36491935483871
"DIVCORE/64/64/127/DIV/normalized",3472,1,72.364631336405523
"DIVCORE/64/64/127/MOD/normalized",3472,1,69.352534562211986
"DIVCORE/64/64/127/DIV/top-clear",3472,1,113.93519585253456
"DIVCORE/64/64/127/MOD/top-clear",3472,1,122.25201612903226
"DIVCORE/64/64/127/DIV/top-one",3472,1,122.58784562211981
"DIVCORE/64/64/127/MOD/top-one",3472,1,124.6278801843318
"DIVCORE/64/64/127/DIV/padded",3472,1,75.55702764976958
"DIVCORE/64/64/127/MOD/padded",3472,1,70.912730414746548
"DIVCORE/65/64/17/DIV/normalized",3448,1,149.03567285382832
"DIVCORE/65/64/17/MOD/normalized",3448,1,139.70649651972158
"DIVCORE/65/64/17/DIV/top-clear",3448,1,183.9715777262181
"DIVCORE/65/64/17/MOD/top-clear",3448,1,187.14965197215778
"DIVCORE/65/64/17/DIV/top-one",3448,1,177.20417633410673
"DIVCORE/65/64/17/MOD/top-one",3448,1,192.33352668213456
"DIVCORE/65/64/17/DIV/padded",3448,1,145.48288863109047
"DIVCORE/65/64/17/MOD/padded",3448,1,136.39530162412993
"DIVCORE/65/64/17/DIV/add-back",3448,1,117.25406032482599
"DIVCORE/65/64/17/MOD/add-back",3448,1,110.97012761020882
"DIVCORE/65/64/127/DIV/normalized",3448,1,148.10498839907191
"DIVCORE/65/64/127/MOD/normalized",3448,1,142.54640371229698
"DIVCORE/65/64/127/DIV/top-clear",3448,1,176.40661252900233
"DIVCORE/65/64/127/MOD/top-clear",3448,1,198.4240139211137
"DIVCORE/65/64/127/DIV/top-one",3448,1,190.42430394431554
"DIVCORE/65/64/127/MOD/top-one",3448,1,192.40603248259862
"DIVCORE/65/64/127/DIV/padded",3448,1,139.39240139211137
"DIVCORE/65/64/127/MOD/padded",3448,1,140.26247099767983
"DIVCORE/96/64/17/DIV/normalized",2840,1,2283.157042253521
"DIVCORE/96/64/17/MOD/normalized",2840,1,2306.0591549295773
"DIVCORE/96/64/17/DIV/top-clear",2840,1,2649.0464788732393
"DIVCORE/96/64/17/MOD/top-clear",2840,1,2638.0137323943663
"DIVCORE/96/64/17/DIV/top-one",2840,1,2518.2218309859154
"DIVCORE/96/64/17/MOD/top-one",2840,1,2383.7003521126762
"DIVCORE/96/64/17/DIV/padded",2840,1,2255.0031690140845
"DIVCORE/96/64/17/MOD/padded",2840,1,2296.9926056338027
"DIVCORE/96/64/17/DIV/add-back",2840,1,3271.7429577464791
"DIVCORE/96/64/17/MOD/add-back",2840,1,3274.0904929577464
"DIVCORE/96/64/127/DIV/normalized",2840,1,2331.9250000000002
"DIVCORE/96/64/127/MOD/normalized",2840,1,2309.756690140845
"DIVCORE/96/64/127/DIV/top-clear",2840,1,2414.8767605633802
"DIVCORE/96/64/127/MOD/top-clear",2840,1,2421.038732394366
"DIVCORE/96/64/127/DIV/top-one",2840,1,2454.5042253521128
"DIVCORE/96/64/127/MOD/top-one",2840,1,2478.0517605633804
"DIVCORE/96/64/127/DIV/padded",2840,1,2334.7271126760565
"DIVCORE/96/64/127/MOD/padded",2840,1,2334.1693661971831
"DIVCORE/128/64/17/DIV/normalized",2403,1,4628.3466500208069
"DIVCORE/128/64/17/MOD/normalized",2125,1,4613.6272941176467
"DIVCORE/128/64/17/DIV/top-clear",2403,1,4637.7965043695385
"DIVCORE/128/64/17/MOD/top-clear",2403,1,4676.7927590511863
"DIVCORE/128/64/17/DIV/top-one",2403,1,4812.5955056179773
"DIVCORE/128/64/17/MOD/top-one",2403,1,4810.4277985851022
"DIVCORE/128/64/17/DIV/padded",2119,1,4744.9858423784808
"DIVCORE/128/64/17/MOD/padded",2215,1,4726.693002257336
"DIVCORE/128/64/17/DIV/add-back",1542,1,6539.7211413748382
"DIVCORE/128/64/17/MOD/add-back",2403,1,6557.9309196837285
"DIVCORE/128/64/127/DIV/normalized",2150,1,4716.4534883720926
"DIVCORE/128/64/127/MOD/normalized",2403,1,4527.0669995838534
"DIVCORE/128/64/127/DIV/top-clear",2047,1,4816.4186614557893
"DIVCORE/128/64/127/MOD/top-clear",2024,1,4756.710968379447
"DIVCORE/128/64/127/DIV/top-one",2403,1,4717.8526841448192
"DIVCORE/128/64/127/MOD/top-one",2059,1,4715.0111704711026
"DIVCORE/128/64/127/DIV/padded",2117,1,4617.7175247992445
"DIVCORE/128/64/127/MOD/padded",2228,1,4537.2903949730699
"DIVCORE/256/64/17/DIV/normalized",1024,1,14238.525390625
"DIVCORE/256/64/17/MOD/normalized",1024,1,14123.005859375
"DIVCORE/256/64/17/DIV/top-clear",1024,1,13722.5751953125
"DIVCORE/256/64/17/MOD/top-clear",1024,1,13819.2548828125
"DIVCORE/256/64/17/DIV/top-one",1024,1,14238.484375
"DIVCORE/256/64/17/MOD/top-one",1024,1,14289.8359375
"DIVCORE/256/64/17/DIV/padded",1024,1,14194.6611328125
"DIVCORE/256/64/17/MOD/padded",1024,1,14315.4296875
"DIVCORE/256/64/17/DIV/add-back",1024,1,19341.6748046875
"DIVCORE/256/64/17/MOD/add-back",1010,1,18977.31089108911
"DIVCORE/256/64/127/DIV/normalized",1024,1,13976.3994140625
"DIVCORE/256/64/127/MOD/normalized",1024,1,14019.3681640625
"DIVCORE/256/64/127/DIV/top-clear",1024,1,13906.16796875
"DIVCORE/256/64/127/MOD/top-clear",1024,1,14190.470703125
"DIVCORE/256/64/127/DIV/top-one",1024,1,14198.2421875
"DIVCORE/256/64/127/MOD/top-one",1024,1,14282.2265625
"DIVCORE/256/64/127/DIV/padded",1024,1,14168.4169921875
"DIVCORE/256/64/127/MOD/padded",1024,1,14053.140625
"DIVCORE/1088/64/17/DIV/normalized",135,1,75703.088888888888
"DIVCORE/1088/64/17/MOD/normalized",256,1,76131.34765625
"DIVCORE/1088/64/17/DIV/top-clear",268,1,72597.791044776124
"DIVCORE/1088/64/17/MOD/top-clear",266,1,73113.567669172931
"DIVCORE/1088/64/17/DIV/top-one",260,1,76910.899999999994
"DIVCORE/1088/64/17/MOD/top-one",130,1,76316.669230769228
"DIVCORE/1088/64/17/DIV/padded",129,1,76607.240310077526
"DIVCORE/1088/64/17/MOD/padded",130,1,75758.007692307699
"DIVCORE/1088/64/17/DIV/add-back",128,1,101362.9609375
"DIVCORE/1088/64/17/MOD/add-back",128,1,100620.4453125
"DIVCORE/1088/64/127/DIV/normalized",130,1,75602.561538461538
"DIVCORE/1088/64/127/MOD/normalized",130,1,76781.730769230766
"DIVCORE/1088/64/127/DIV/top-clear",131,1,74916.664122137401
"DIVCORE/1088/64/127/MOD/top-clear",139,1,75472.424460431648
"DIVCORE/1088/64/127/DIV/top-one",133,1,74938.278195488718
"DIVCORE/1088/64/127/MOD/top-one",133,1,75068.924812030076
"DIVCORE/1088/64/127/DIV/padded",130,1,74106.415384615379
"DIVCORE/1088/64/127/MOD/padded",131,1,76642.496183206109
"DIVCORE/65536/64/17/DIV/normalized",3,1,4987180.666666667
"DIVCORE/65536/64/17/MOD/normalized",3,1,5001138.666666667
"DIVCORE/65536/64/17/DIV/top-one",3,1,4991764
"DIVCORE/65536/64/17/MOD/top-one",3,1,4982097.333333333
"DIVCORE/65536/64/17/DIV/add-back",2,1,6524500
"DIVCORE/65536/64/17/MOD/add-back",2,1,6451646
"DIVCORE/500000/64/17/DIV/normalized",1,1,37539250
"DIVCORE/500000/64/17/MOD/normalized",1,1,38940250
"DIVCORE/500000/64/17/DIV/top-one",1,1,36821792
"DIVCORE/500000/64/17/MOD/top-one",1,1,37109000
"DIVCORE/500000/64/17/DIV/add-back",1,1,49505500
"DIVCORE/500000/64/17/MOD/add-back",1,1,50565917
"DIVCORE/127/128/17/DIV/normalized",1845,1,6.5262872628726285
"DIVCORE/127/128/17/MOD/normalized",1845,1,5.8265582655826558
"DIVCORE/127/128/17/DIV/top-clear",1845,1,6.07479674796748
"DIVCORE/127/128/17/MOD/top-clear",1845,1,5.8943089430894311
"DIVCORE/127/128/17/DIV/top-one",1845,1,6.1197831978319783
"DIVCORE/127/128/17/MOD/top-one",1845,1,5.8037940379403796
"DIVCORE/127/128/17/DIV/padded",1845,1,6.1430894308943094
"DIVCORE/127/128/17/MOD/padded",1845,1,5.6460704607046068
"DIVCORE/127/128/127/DIV/normalized",1845,1,6.1425474254742545
"DIVCORE/127/128/127/MOD/normalized",1845,1,5.8043360433604336
"DIVCORE/127/128/127/DIV/top-clear",1845,1,6.639566395663957
"DIVCORE/127/128/127/MOD/top-clear",1845,1,5.8037940379403796
"DIVCORE/127/128/127/DIV/top-one",1845,1,6.0298102981029809
"DIVCORE/127/128/127/MOD/top-one",1845,1,5.8943089430894311
"DIVCORE/127/128/127/DIV/padded",1845,1,5.9842818428184286
"DIVCORE/127/128/127/MOD/padded",1845,1,5.7815718157181575
"DIVCORE/128/128/17/DIV/normalized",1838,1,28.676822633297061
"DIVCORE/128/128/17/MOD/normalized",1838,1,13.465723612622416
"DIVCORE/128/128/17/DIV/top-clear",1838,1,238.21164309031556
"DIVCORE/128/128/17/MOD/top-clear",1838,1,264.71273122959741
"DIVCORE/128/128/17/DIV/top-one",1838,1,232.86180631120783
"DIVCORE/128/128/17/MOD/top-one",1838,1,279.13003264417847
"DIVCORE/128/128/17/DIV/padded",1838,1,28.699673558215451
"DIVCORE/128/128/17/MOD/padded",1838,1,14.077801958650708
"DIVCORE/128/128/127/DIV/normalized",1838,1,153.31447225244833
"DIVCORE/128/128/127/MOD/normalized",1838,1,144.26877040261152
"DIVCORE/128/128/127/DIV/top-clear",1838,1,236.28454842219804
"DIVCORE/128/128/127/MOD/top-clear",1838,1,262.53590859630032
"DIVCORE/128/128/127/DIV/top-one",1838,1,241.13656147986941
"DIVCORE/128/128/127/MOD/top-one",1838,1,269.3144722524483
"DIVCORE/128/128/127/DIV/padded",1838,1,151.2056583242655
"DIVCORE/128/128/127/MOD/padded",1838,1,145.69695321001089
"DIVCORE/129/128/17/DIV/normalized",1831,1,287.04696886947022
"DIVCORE/129/128/17/MOD/normalized",1831,1,281.63134898962318
"DIVCORE/129/128/17/DIV/top-clear",1831,1,377.64008738394318
"DIVCORE/129/128/17/MOD/top-clear",1831,1,417.16766794101585
"DIVCORE/129/128/17/DIV/top-one",1831,1,372.81540141998909
"DIVCORE/129/128/17/MOD/top-one",1831,1,403.83233205898415
"DIVCORE/129/128/17/DIV/padded",1831,1,287.52484980884765
"DIVCORE/129/128/17/MOD/padded",1831,1,283.15565264882576
"DIVCORE/129/128/17/DIV/add-back",1831,1,245.0622610595303
"DIVCORE/129/128/17/MOD/add-back",1831,1,244.72037138175861
"DIVCORE/129/128/127/DIV/normalized",1831,1,286.9557618787548
"DIVCORE/129/128/127/MOD/normalized",1831,1,283.54287274713272
"DIVCORE/129/128/127/DIV/top-clear",1831,1,376.43364281813217
"DIVCORE/129/128/127/MOD/top-clear",1831,1,410.88694702348442
"DIVCORE/129/128/127/DIV/top-one",1831,1,372.33752048061172
"DIVCORE/129/128/127/MOD/top-one",1831,1,408.24685963954124
"DIVCORE/129/128/127/DIV/padded",1831,1,289.75532495903877
"DIVCORE/129/128/127/MOD/padded",1831,1,284.93063899508468
"DIVCORE/160/128/17/DIV/normalized",1644,1,4435.0924574209248
"DIVCORE/160/128/17/MOD/normalized",1644,1,4361.2633819951334
"DIVCORE/160/128/17/DIV/top-clear",1644,1,4448.347931873479
"DIVCORE/160/128/17/MOD/top-clear",1644,1,4599.402068126521
"DIVCORE/160/128/17/DIV/top-one",1644,1,4705.520072992701
"DIVCORE/160/128/17/MOD/top-one",1644,1,4613.3667883211683
"DIVCORE/160/128/17/DIV/padded",1644,1,4396.0358880778585
"DIVCORE/160/128/17/MOD/padded",1644,1,4383.1605839416061
"DIVCORE/160/128/17/DIV/add-back",1393,1,6628.8291457286432
"DIVCORE/160/128/17/MOD/add-back",1644,1,6652.6508515815085
"DIVCORE/160/128/127/DIV/normalized",1644,1,4388.229927007299
"DIVCORE/160/128/127/MOD/normalized",1644,1,4373.6313868613142
"DIVCORE/160/128/127/DIV/top-clear",1644,1,4556.0881995133823
"DIVCORE/160/128/127/MOD/top-clear",1644,1,4584.3722627737225
"DIVCORE/160/128/127/DIV/top-one",1644,1,4682.5072992700734
"DIVCORE/160/128/127/MOD/top-one",1644,1,4711.1976885644772
"DIVCORE/160/128/127/DIV/padded",1644,1,4416.8187347931871
"DIVCORE/160/128/127/MOD/padded",1644,1,4396.4671532846714
"DIVCORE/256/128/17/DIV/normalized",1024,1,17410.8486328125
"DIVCORE/256/128/17/MOD/normalized",1024,1,17386.474609375
"DIVCORE/256/128/17/DIV/top-clear",1024,1,17532.51171875
"DIVCORE/256/128/17/MOD/top-clear",1024,1,17366.373046875
"DIVCORE/256/128/17/DIV/top-one",1024,1,17674.560546875
"DIVCORE/256/128/17/MOD/top-one",1024,1,17830.322265625
"DIVCORE/256/128/17/DIV/padded",1024,1,17615.3564453125
"DIVCORE/256/128/17/MOD/padded",1024,1,17511.23046875
"DIVCORE/256/128/17/DIV/add-back",748,1,26716.020053475935
"DIVCORE/256/128/17/MOD/add-back",750,1,25809.389333333333
"DIVCORE/256/128/127/DIV/normalized",1024,1,17178.5478515625
"DIVCORE/256/128/127/MOD/normalized",1024,1,17255.16796875
"DIVCORE/256/128/127/DIV/top-clear",1024,1,17544.0263671875
"DIVCORE/256/128/127/MOD/top-clear",1024,1,17667.8876953125
"DIVCORE/256/128/127/DIV/top-one",1024,1,18010.416015625
"DIVCORE/256/128/127/MOD/top-one",1024,1,18107.50390625
"DIVCORE/256/128/127/DIV/padded",1024,1,17446.1259765625
"DIVCORE/256/128/127/MOD/padded",1024,1,17179.0771484375
"DIVCORE/512/128/17/DIV/normalized",199,1,52389.864321608038
"DIVCORE/512/128/17/MOD/normalized",384,1,52514.4296875
"DIVCORE/512/128/17/DIV/top-clear",384,1,52723.958333333336
"DIVCORE/512/128/17/MOD/top-clear",197,1,53073.817258883246
"DIVCORE/512/128/17/DIV/top-one",192,1,53250.651041666664
"DIVCORE/512/128/17/MOD/top-one",193,1,52995.901554404147
"DIVCORE/512/128/17/DIV/padded",384,1,52810.330729166664
"DIVCORE/512/128/17/MOD/padded",192,1,53170.791666666664
"DIVCORE/512/128/17/DIV/add-back",131,1,80105.603053435116
"DIVCORE/512/128/17/MOD/add-back",128,1,80513.671875
"DIVCORE/512/128/127/DIV/normalized",197,1,52355.964467005077
"DIVCORE/512/128/127/MOD/normalized",192,1,52210.505208333336
"DIVCORE/512/128/127/DIV/top-clear",193,1,51372.409326424873
"DIVCORE/512/128/127/MOD/top-clear",330,1,51036.36363636364
"DIVCORE/512/128/127/DIV/top-one",382,1,53118.345549738217
"DIVCORE/512/128/127/MOD/top-one",372,1,53438.172043010753
"DIVCORE/512/128/127/DIV/padded",376,1,52373.11436170213
"DIVCORE/512/128/127/MOD/padded",200,1,52106.459999999999
"DIVCORE/1152/128/17/DIV/normalized",128,1,140866.2109375
"DIVCORE/1152/128/17/MOD/normalized",128,1,137680.9921875
"DIVCORE/1152/128/17/DIV/top-clear",128,1,147973.3046875
"DIVCORE/1152/128/17/MOD/top-clear",128,1,142630.2109375
"DIVCORE/1152/128/17/DIV/top-one",128,1,141034.1796875
"DIVCORE/1152/128/17/MOD/top-one",128,1,140235.3515625
"DIVCORE/1152/128/17/DIV/padded",128,1,141172.1953125
"DIVCORE/1152/128/17/MOD/padded",128,1,141532.2265625
"DIVCORE/1152/128/17/DIV/add-back",46,1,212289.86956521738
"DIVCORE/1152/128/17/MOD/add-back",94,1,213305.85106382979
"DIVCORE/1152/128/127/DIV/normalized",128,1,134118.1640625
"DIVCORE/1152/128/127/MOD/normalized",128,1,136998.6953125
"DIVCORE/1152/128/127/DIV/top-clear",128,1,138038.0859375
"DIVCORE/1152/128/127/MOD/top-clear",128,1,138028.640625
"DIVCORE/1152/128/127/DIV/top-one",128,1,142919.59375
"DIVCORE/1152/128/127/MOD/top-one",128,1,143191.40625
"DIVCORE/1152/128/127/DIV/padded",128,1,139278.96875
"DIVCORE/1152/128/127/MOD/padded",128,1,139568.6796875
"DIVCORE/255/256/17/DIV/normalized",948,1,7.1645569620253164
"DIVCORE/255/256/17/MOD/normalized",948,1,6.2415611814345988
"DIVCORE/255/256/17/DIV/top-clear",948,1,6.6803797468354427
"DIVCORE/255/256/17/MOD/top-clear",948,1,5.4504219409282699
"DIVCORE/255/256/17/DIV/top-one",948,1,6.2415611814345988
"DIVCORE/255/256/17/MOD/top-one",948,1,5.8892405063291138
"DIVCORE/255/256/17/DIV/padded",948,1,5.3618143459915615
"DIVCORE/255/256/17/MOD/padded",948,1,5.7573839662447259
"DIVCORE/255/256/127/DIV/normalized",948,1,6.0210970464135025
"DIVCORE/255/256/127/MOD/normalized",948,1,5.7141350210970465
"DIVCORE/255/256/127/DIV/top-clear",948,1,6.0221518987341769
"DIVCORE/255/256/127/MOD/top-clear",948,1,5.6698312236286919
"DIVCORE/255/256/127/DIV/top-one",948,1,5.8892405063291138
"DIVCORE/255/256/127/MOD/top-one",948,1,7.2964135021097043
"DIVCORE/255/256/127/DIV/padded",948,1,6.0654008438818563
"DIVCORE/255/256/127/MOD/padded",948,1,5.7573839662447259
"DIVCORE/256/256/17/DIV/normalized",946,1,291.18181818181819
"DIVCORE/256/256/17/MOD/normalized",946,1,247.44503171247356
"DIVCORE/256/256/17/DIV/top-clear",946,1,448.90803382663847
"DIVCORE/256/256/17/MOD/top-clear",946,1,511.23150105708243
"DIVCORE/256/256/17/DIV/top-one",946,1,460.22727272727275
"DIVCORE/256/256/17/MOD/top-one",946,1,518.89534883720933
"DIVCORE/256/256/17/DIV/padded",946,1,283.73890063424949
"DIVCORE/256/256/17/MOD/padded",946,1,275.67864693446091
"DIVCORE/256/256/127/DIV/normalized",946,1,299.11099365750528
"DIVCORE/256/256/127/MOD/normalized",946,1,272.46300211416491
"DIVCORE/256/256/127/DIV/top-clear",946,1,446.96934460887951
"DIVCORE/256/256/127/MOD/top-clear",946,1,514.31501057082448
"DIVCORE/256/256/127/DIV/top-one",946,1,451.32980972515855
"DIVCORE/256/256/127/MOD/top-one",946,1,510.39429175475686
"DIVCORE/256/256/127/DIV/padded",946,1,274.09302325581393
"DIVCORE/256/256/127/MOD/padded",946,1,274.13636363636363
"DIVCORE/257/256/17/DIV/normalized",945,1,533.02433862433861
"DIVCORE/257/256/17/MOD/normalized",945,1,525.13227513227514
"DIVCORE/257/256/17/DIV/top-clear",945,1,684.1269841269841
"DIVCORE/257/256/17/MOD/top-clear",945,1,767.76825396825393
"DIVCORE/257/256/17/DIV/top-one",945,1,701.10264550264549
"DIVCORE/257/256/17/MOD/top-one",945,1,765.07936507936506
"DIVCORE/257/256/17/DIV/padded",945,1,521.78201058201057
"DIVCORE/257/256/17/MOD/padded",945,1,535.14179894179892
"DIVCORE/257/256/17/DIV/add-back",945,1,477.99894179894181
"DIVCORE/257/256/17/MOD/add-back",945,1,453.7037037037037
"DIVCORE/257/256/127/DIV/normalized",945,1,529.76190476190482
"DIVCORE/257/256/127/MOD/normalized",945,1,522.48677248677245
"DIVCORE/257/256/127/DIV/top-clear",945,1,682.01058201058197
"DIVCORE/257/256/127/MOD/top-clear",945,1,764.90264550264556
"DIVCORE/257/256/127/DIV/top-one",945,1,701.10264550264549
"DIVCORE/257/256/127/MOD/top-one",945,1,752.77777777777783
"DIVCORE/257/256/127/DIV/padded",945,1,537.74179894179895
"DIVCORE/257/256/127/MOD/padded",945,1,526.80740740740737
"DIVCORE/288/256/17/DIV/normalized",892,1,8223.8419282511204
"DIVCORE/288/256/17/MOD/normalized",892,1,8227.2982062780266
"DIVCORE/288/256/17/DIV/top-clear",892,1,8456.7926008968607
"DIVCORE/288/256/17/MOD/top-clear",892,1,8606.9697309417043
"DIVCORE/288/256/17/DIV/top-one",892,1,8636.1177130044834
"DIVCORE/288/256/17/MOD/top-one",892,1,8772.5616591928247
"DIVCORE/288/256/17/DIV/padded",892,1,8227.1109865470844
"DIVCORE/288/256/17/MOD/padded",892,1,8218.4226457399109
"DIVCORE/288/256/17/DIV/add-back",892,1,13562.406950672646
"DIVCORE/288/256/17/MOD/add-back",892,1,13519.758968609865
"DIVCORE/288/256/127/DIV/normalized",892,1,8447.3553811659185
"DIVCORE/288/256/127/MOD/normalized",892,1,8420.6838565022426
"DIVCORE/288/256/127/DIV/top-clear",892,1,8437.3598654708512
"DIVCORE/288/256/127/MOD/top-clear",892,1,8502.3352017937214
"DIVCORE/288/256/127/DIV/top-one",892,1,8657.371076233183
"DIVCORE/288/256/127/MOD/top-one",892,1,8738.2286995515697
"DIVCORE/288/256/127/DIV/padded",892,1,8079.2230941704038
"DIVCORE/288/256/127/MOD/padded",892,1,8216.0874439461877
"DIVCORE/512/256/17/DIV/normalized",156,1,64721.692307692305
"DIVCORE/512/256/17/MOD/normalized",310,1,65194.087096774194
"DIVCORE/512/256/17/DIV/top-clear",306,1,65305.284313725489
"DIVCORE/512/256/17/MOD/top-clear",154,1,64853.896103896106
"DIVCORE/512/256/17/DIV/top-one",151,1,66496.96688741722
"DIVCORE/512/256/17/MOD/top-one",151,1,66357.615894039729
"DIVCORE/512/256/17/DIV/padded",152,1,66349.776315789481
"DIVCORE/512/256/17/MOD/padded",152,1,65944.078947368427
"DIVCORE/512/256/17/DIV/add-back",128,1,107717.1171875
"DIVCORE/512/256/17/MOD/add-back",128,1,107053.7109375
"DIVCORE/512/256/127/DIV/normalized",308,1,63827.246753246756
"DIVCORE/512/256/127/MOD/normalized",308,1,64666.801948051951
"DIVCORE/512/256/127/DIV/top-clear",161,1,64212.73291925466
"DIVCORE/512/256/127/MOD/top-clear",157,1,64270.43949044586
"DIVCORE/512/256/127/DIV/top-one",154,1,65254.331168831166
"DIVCORE/512/256/127/MOD/top-one",282,1,65595.007092198575
"DIVCORE/512/256/127/DIV/padded",302,1,67625.827814569537
"DIVCORE/512/256/127/MOD/padded",308,1,66584.009740259746
"DIVCORE/1024/256/17/DIV/normalized",51,1,200517.15686274509
"DIVCORE/1024/256/17/MOD/normalized",51,1,204508.98039215687
"DIVCORE/1024/256/17/DIV/top-clear",52,1,195567.30769230769
"DIVCORE/1024/256/17/MOD/top-clear",104,1,193711.14423076922
"DIVCORE/1024/256/17/DIV/top-one",51,1,193724.66666666666
"DIVCORE/1024/256/17/MOD/top-one",51,1,194534.31372549021
"DIVCORE/1024/256/17/DIV/padded",51,1,195995.09803921569
"DIVCORE/1024/256/17/MOD/padded",51,1,196046.56862745099
"DIVCORE/1024/256/17/DIV/add-back",34,1,322969.3823529412
"DIVCORE/1024/256/17/MOD/add-back",32,1,326079.4375
"DIVCORE/1024/256/127/DIV/normalized",53,1,196917.45283018867
"DIVCORE/1024/256/127/MOD/normalized",102,1,197857.84313725491
"DIVCORE/1024/256/127/DIV/top-clear",53,1,193193.39622641509
"DIVCORE/1024/256/127/MOD/top-clear",54,1,193378.07407407407
"DIVCORE/1024/256/127/DIV/top-one",53,1,196669.81132075473
"DIVCORE/1024/256/127/MOD/top-one",52,1,197897.42307692306
"DIVCORE/1024/256/127/DIV/padded",52,1,196266.82692307694
"DIVCORE/1024/256/127/MOD/padded",52,1,193773.23076923078
"DIVCORE/1280/256/17/DIV/normalized",39,1,251260.66666666666
"DIVCORE/1280/256/17/MOD/normalized",39,1,258793.79487179487
"DIVCORE/1280/256/17/DIV/top-clear",76,1,257559.75
"DIVCORE/1280/256/17/MOD/top-clear",40,1,257836.45000000001
"DIVCORE/1280/256/17/DIV/top-one",39,1,262061.97435897434
"DIVCORE/1280/256/17/MOD/top-one",39,1,266183.74358974356
"DIVCORE/1280/256/17/DIV/padded",39,1,261294.87179487178
"DIVCORE/1280/256/17/MOD/padded",39,1,286694.43589743588
"DIVCORE/1280/256/17/DIV/add-back",24,1,443848.95833333331
"DIVCORE/1280/256/17/MOD/add-back",24,1,428451.375
"DIVCORE/1280/256/127/DIV/normalized",39,1,260951.92307692306
"DIVCORE/1280/256/127/MOD/normalized",39,1,259510.69230769231
"DIVCORE/1280/256/127/DIV/top-clear",39,1,245460.48717948719
"DIVCORE/1280/256/127/MOD/top-clear",39,1,252006.41025641025
"DIVCORE/1280/256/127/DIV/top-one",76,1,261181.46052631579
"DIVCORE/1280/256/127/MOD/top-one",40,1,260896.875
"DIVCORE/1280/256/127/DIV/padded",39,1,259497.84615384616
"DIVCORE/1280/256/127/MOD/padded",39,1,260591.89743589744
"DIVCORE/1023/1024/17/DIV/normalized",484,1,6.8016528925619832
"DIVCORE/1023/1024/17/MOD/normalized",484,1,5.7665289256198351
"DIVCORE/1023/1024/17/DIV/top-clear",484,1,7.4028925619834709
"DIVCORE/1023/1024/17/MOD/top-clear",484,1,5.9400826446280988
"DIVCORE/1023/1024/17/DIV/top-one",484,1,5.9400826446280988
"DIVCORE/1023/1024/17/MOD/top-one",484,1,5.9400826446280988
"DIVCORE/1023/1024/17/DIV/padded",484,1,6.2004132231404956
"DIVCORE/1023/1024/17/MOD/padded",484,1,5.338842975206612
"DIVCORE/1023/1024/127/DIV/normalized",484,1,6.026859504132231
"DIVCORE/1023/1024/127/MOD/normalized",484,1,5.6818181818181817
"DIVCORE/1023/1024/127/DIV/top-clear",484,1,5.7685950413223139
"DIVCORE/1023/1024/127/MOD/top-clear",484,1,5.5103305785123968
"DIVCORE/1023/1024/127/DIV/top-one",484,1,6.4586776859504136
"DIVCORE/1023/1024/127/MOD/top-one",484,1,5.4256198347107434
"DIVCORE/1023/1024/127/DIV/padded",484,1,6.285123966942149
"DIVCORE/1023/1024/127/MOD/padded",484,1,5.6838842975206614
"DIVCORE/1024/1024/17/DIV/normalized",242,1,103.13223140495867
"DIVCORE/1024/1024/17/MOD/normalized",242,1,12.570247933884298
"DIVCORE/1024/1024/17/DIV/top-clear",242,1,1724.3471074380166
"DIVCORE/1024/1024/17/MOD/top-clear",242,1,1921.3140495867769
"DIVCORE/1024/1024/17/DIV/top-one",242,1,1683.3677685950413
"DIVCORE/1024/1024/17/MOD/top-one",242,1,1918.7355371900826
"DIVCORE/1024/1024/17/DIV/padded",242,1,102.44628099173553
"DIVCORE/1024/1024/17/MOD/padded",242,1,14.289256198347108
"DIVCORE/1024/1024/127/DIV/normalized",242,1,102.7892561983471
"DIVCORE/1024/1024/127/MOD/normalized",242,1,12.570247933884298
"DIVCORE/1024/1024/127/DIV/top-clear",242,1,1711.2603305785124
"DIVCORE/1024/1024/127/MOD/top-clear",242,1,1893.7685950413222
"DIVCORE/1024/1024/127/DIV/top-one",242,1,1677.6859504132231
"DIVCORE/1024/1024/127/MOD/top-one",242,1,1902.7190082644629
"DIVCORE/1024/1024/127/DIV/padded",242,1,103.13223140495867
"DIVCORE/1024/1024/127/MOD/padded",242,1,14.636363636363637
"DIVCORE/1025/1024/17/DIV/normalized",242,1,1034.6074380165289
"DIVCORE/1025/1024/17/MOD/normalized",242,1,1016.3553719008264
"DIVCORE/1025/1024/17/DIV/top-clear",242,1,2656.1652892561983
"DIVCORE/1025/1024/17/MOD/top-clear",242,1,2996.5578512396696
"DIVCORE/1025/1024/17/DIV/top-one",242,1,2636.5330578512398
"DIVCORE/1025/1024/17/MOD/top-one",242,1,2862.6033057851241
"DIVCORE/1025/1024/17/DIV/padded",242,1,1109.1611570247933
"DIVCORE/1025/1024/17/MOD/padded",242,1,934.22727272727275
"DIVCORE/1025/1024/17/DIV/add-back",242,1,1743.4586776859503
"DIVCORE/1025/1024/17/MOD/add-back",242,1,1667.5289256198348
"DIVCORE/1025/1024/127/DIV/normalized",242,1,2102.2727272727275
"DIVCORE/1025/1024/127/MOD/normalized",242,1,1933.1983471074379
"DIVCORE/1025/1024/127/DIV/top-clear",242,1,2645.1446280991736
"DIVCORE/1025/1024/127/MOD/top-clear",242,1,2910.4669421487602
"DIVCORE/1025/1024/127/DIV/top-one",242,1,2617.595041322314
"DIVCORE/1025/1024/127/MOD/top-one",242,1,2901.6900826446281
"DIVCORE/1025/1024/127/DIV/padded",242,1,2051.4793388429753
"DIVCORE/1025/1024/127/MOD/padded",242,1,1971.590909090909
"DIVCORE/1056/1024/17/DIV/normalized",238,1,31421.920168067227
"DIVCORE/1056/1024/17/MOD/normalized",238,1,31557.247899159665
"DIVCORE/1056/1024/17/DIV/top-clear",238,1,32862.920168067227
"DIVCORE/1056/1024/17/MOD/top-clear",238,1,33211.134453781509
"DIVCORE/1056/1024/17/DIV/top-one",238,1,32822.831932773108
"DIVCORE/1056/1024/17/MOD/top-one",238,1,33008.579831932773
"DIVCORE/1056/1024/17/DIV/padded",238,1,31237.042016806721
"DIVCORE/1056/1024/17/MOD/padded",238,1,31157.210084033613
"DIVCORE/1056/1024/17/DIV/add-back",238,1,51949.226890756305
"DIVCORE/1056/1024/17/MOD/add-back",185,1,53172.2972972973
"DIVCORE/1056/1024/127/DIV/normalized",238,1,31159.663865546219
"DIVCORE/1056/1024/127/MOD/normalized",238,1,31084.735294117647
"DIVCORE/1056/1024/127/DIV/top-clear",238,1,32528.537815126052
"DIVCORE/1056/1024/127/MOD/top-clear",238,1,33042.189075630253
"DIVCORE/1056/1024/127/DIV/top-one",238,1,32495.449579831933
"DIVCORE/1056/1024/127/MOD/top-one",238,1,32957.10504201681
"DIVCORE/1056/1024/127/DIV/padded",238,1,31265.579831932773
"DIVCORE/1056/1024/127/MOD/padded",238,1,31200.453781512606
"DIVCORE/2048/1024/17/DIV/normalized",16,1,993885.375
"DIVCORE/2048/1024/17/MOD/normalized",16,1,994710.9375
"DIVCORE/2048/1024/17/DIV/top-clear",16,1,999520.8125
"DIVCORE/2048/1024/17/MOD/top-clear",16,1,1003986.9375
"DIVCORE/2048/1024/17/DIV/top-one",16,1,976161.4375
"DIVCORE/2048/1024/17/MOD/top-one",16,1,995614.5625
"DIVCORE/2048/1024/17/DIV/padded",16,1,1005820.3125
"DIVCORE/2048/1024/17/MOD/padded",16,1,999208.3125
"DIVCORE/2048/1024/17/DIV/add-back",6,1,1736562.5
"DIVCORE/2048/1024/17/MOD/add-back",6,1,1733770.8333333333
"DIVCORE/2048/1024/127/DIV/normalized",16,1,1006111.9375
"DIVCORE/2048/1024/127/MOD/normalized",16,1,1003393.25
"DIVCORE/2048/1024/127/DIV/top-clear",16,1,993104.125
"DIVCORE/2048/1024/127/MOD/top-clear",16,1,988335.9375
"DIVCORE/2048/1024/127/DIV/top-one",16,1,996130.1875
"DIVCORE/2048/1024/127/MOD/top-one",16,1,996830.6875
"DIVCORE/2048/1024/127/DIV/padded",16,1,998799.5
"DIVCORE/2048/1024/127/MOD/padded",16,1,997546.875
"DIVCORE/4096/1024/17/DIV/normalized",4,1,2998312.5
"DIVCORE/4096/1024/17/MOD/normalized",4,1,3032396
"DIVCORE/4096/1024/17/DIV/top-clear",4,1,2996323
"DIVCORE/4096/1024/17/MOD/top-clear",4,1,3000802.25
"DIVCORE/4096/1024/17/DIV/top-one",4,1,2910323
"DIVCORE/4096/1024/17/MOD/top-one",4,1,2963635.5
"DIVCORE/4096/1024/17/DIV/padded",4,1,2979718.75
"DIVCORE/4096/1024/17/MOD/padded",4,1,2982250
"DIVCORE/4096/1024/17/DIV/add-back",2,1,5150292
"DIVCORE/4096/1024/17/MOD/add-back",2,1,5163646
"DIVCORE/4096/1024/127/DIV/normalized",4,1,3009375
"DIVCORE/4096/1024/127/MOD/normalized",4,1,3010604.25
"DIVCORE/4096/1024/127/DIV/top-clear",4,1,2991802
"DIVCORE/4096/1024/127/MOD/top-clear",4,1,2883635.5
"DIVCORE/4096/1024/127/DIV/top-one",4,1,2951145.75
"DIVCORE/4096/1024/127/MOD/top-one",4,1,2970802.25
"DIVCORE/4096/1024/127/DIV/padded",4,1,3002520.75
"DIVCORE/4096/1024/127/MOD/padded",4,1,3033135.5
"DIVCORE/1/1/17/DIV/normalized",27777,2,7.4552327465169022
"DIVCORE/1/1/17/MOD/normalized",27777,2,7.3397055117543291
"DIVCORE/1/1/17/DIV/top-clear",27777,2,7.4672210821903011
"DIVCORE/1/1/17/MOD/top-clear",27777,2,7.3352053857508013
"DIVCORE/1/1/17/DIV/top-one",27777,2,7.4417323685063179
"DIVCORE/1/1/17/MOD/top-one",27777,2,7.5406991395759082
"DIVCORE/1/1/17/DIV/padded",27777,2,7.4011952334665372
"DIVCORE/1/1/17/MOD/padded",27777,2,7.3771825611117112
"DIVCORE/1/1/127/DIV/normalized",27777,2,7.381718688123267
"DIVCORE/1/1/127/MOD/normalized",27777,2,7.5091982575512111
"DIVCORE/1/1/127/DIV/top-clear",27777,2,7.393707023796666
"DIVCORE/1/1/127/MOD/top-clear",27777,2,7.3546819310940705
"DIVCORE/1/1/127/DIV/top-one",27777,2,7.5046981315476833
"DIVCORE/1/1/127/MOD/top-one",27777,2,7.5767001476041331
"DIVCORE/1/1/127/DIV/padded",27777,2,7.4777333765345428
"DIVCORE/1/1/127/MOD/padded",27777,2,7.3907189401303235
"DIVCORE/2/1/17/DIV/normalized",26315,2,16.380049401482044
"DIVCORE/2/1/17/MOD/normalized",26315,2,16.86775603268098
"DIVCORE/2/1/17/DIV/top-clear",26315,2,20.639369181075431
"DIVCORE/2/1/17/MOD/top-clear",26315,2,18.443207296218887
"DIVCORE/2/1/17/DIV/top-one",26315,2,18.62215466463994
"DIVCORE/2/1/17/MOD/top-one",26315,2,16.449743492304769
"DIVCORE/2/1/17/DIV/padded",26315,2,19.272924187725632
"DIVCORE/2/1/17/MOD/padded",26315,2,19.227018810564317
"DIVCORE/2/1/127/DIV/normalized",26315,2,18.218392551776553
"DIVCORE/2/1/127/MOD/normalized",26315,2,14.608246247387422
"DIVCORE/2/1/127/DIV/top-clear",26315,2,17.537526125783774
"DIVCORE/2/1/127/MOD/top-clear",26315,2,16.085578567357022
"DIVCORE/2/1/127/DIV/top-one",26315,2,17.469428082842484
"DIVCORE/2/1/127/MOD/top-one",26315,2,15.532965988979669
"DIVCORE/2/1/127/DIV/padded",26315,2,16.589055671670149
"DIVCORE/2/1/127/MOD/padded",26315,2,17.184457533726011
"DIVCORE/4/1/17/DIV/normalized",23809,2,23.483766642866144
"DIVCORE/4/1/17/MOD/normalized",23809,2,23.070729556050232
"DIVCORE/4/1/17/DIV/top-clear",23809,2,27.090595993111847
"DIVCORE/4/1/17/MOD/top-clear",23809,2,25.87958335083372
"DIVCORE/4/1/17/DIV/top-one",23809,2,24.76479482548616
"DIVCORE/4/1/17/MOD/top-one",23809,2,25.298584568860516
"DIVCORE/4/1/17/DIV/padded",23809,2,26.794825486160697
"DIVCORE/4/1/17/MOD/padded",23809,2,24.897811751858541
"DIVCORE/4/1/127/DIV/normalized",23809,2,23.245747406442941
"DIVCORE/4/1/127/MOD/normalized",23809,2,24.332521315468941
"DIVCORE/4/1/127/DIV/top-clear",23809,2,27.654122390692596
"DIVCORE/4/1/127/MOD/top-clear",23809,2,28.109118400604814
"DIVCORE/4/1/127/DIV/top-one",23809,2,26.241841320509049
"DIVCORE/4/1/127/MOD/top-one",23809,2,24.217060775337057
"DIVCORE/4/1/127/DIV/padded",23809,2,24.638792053425174
"DIVCORE/4/1/127/MOD/padded",23809,2,27.258599689193161
"DIVCORE/33/1/17/DIV/normalized",10000,2,223.0291
"DIVCORE/33/1/17/MOD/normalized",10000,2,218.99170000000001
"DIVCORE/33/1/17/DIV/top-clear",10000,2,249.5333
"DIVCORE/33/1/17/MOD/top-clear",10000,2,291.02499999999998
"DIVCORE/33/1/17/DIV/top-one",10000,2,231.09999999999999
"DIVCORE/33/1/17/MOD/top-one",10000,2,222.3083
"DIVCORE/33/1/17/DIV/padded",10000,2,236.07499999999999
"DIVCORE/33/1/17/MOD/padded",10000,2,256.46249999999998
"DIVCORE/33/1/127/DIV/normalized",10000,2,224.22499999999999
"DIVCORE/33/1/127/MOD/normalized",10000,2,222.26669999999999
"DIVCORE/33/1/127/DIV/top-clear",10000,2,238.13749999999999
"DIVCORE/33/1/127/MOD/top-clear",10000,2,239.35830000000001
"DIVCORE/33/1/127/DIV/top-one",10000,2,206.94579999999999
"DIVCORE/33/1/127/MOD/top-one",10000,2,208.02500000000001
"DIVCORE/33/1/127/DIV/padded",10000,2,235.70419999999999
"DIVCORE/33/1/127/MOD/padded",10000,2,235.11250000000001
"DIVCORE/1025/1/17/DIV/normalized",479,2,7233.1231732776614
"DIVCORE/1025/1/17/MOD/normalized",479,2,7177.8016701461374
"DIVCORE/1025/1/17/DIV/top-clear",479,2,7725.1210855949894
"DIVCORE/1025/1/17/MOD/top-clear",479,2,7773.5741127348647
"DIVCORE/1025/1/17/DIV/top-one",479,2,6430.4968684759915
"DIVCORE/1025/1/17/MOD/top-one",479,2,6350.9039665970777
"DIVCORE/1025/1/17/DIV/padded",479,2,7634.1336116910234
"DIVCORE/1025/1/17/MOD/padded",479,2,7547.1461377870564
"DIVCORE/1025/1/127/DIV/normalized",479,2,7590.0313152400831
"DIVCORE/1025/1/127/MOD/normalized",479,2,7638.8308977035495
"DIVCORE/1025/1/127/DIV/top-clear",479,2,7522.4425887265133
"DIVCORE/1025/1/127/MOD/top-clear",479,2,7481.8204592901875
"DIVCORE/1025/1/127/DIV/top-one",479,2,6429.5407098121086
"DIVCORE/1025/1/127/MOD/top-one",479,2,6350.7306889352822
"DIVCORE/1025/1/127/DIV/padded",479,2,7960.5073068893525
"DIVCORE/1025/1/127/MOD/padded",479,2,7969.3799582463462
"DIVCORE/65536/1/17/DIV/normalized",7,2,696821.42857142852
"DIVCORE/65536/1/17/MOD/normalized",7,2,735095.28571428568
"DIVCORE/65536/1/17/DIV/top-one",7,2,401178.57142857142
"DIVCORE/65536/1/17/MOD/top-one",7,2,418904.71428571426
"DIVCORE/500000/1/17/DIV/normalized",1,2,5934458
"DIVCORE/500000/1/17/MOD/normalized",1,2,5953667
"DIVCORE/500000/1/17/DIV/top-one",1,2,3159458
"DIVCORE/500000/1/17/MOD/top-one",1,2,3081750
"DIVCORE/1/2/17/DIV/normalized",26315,2,6.1862815884476534
"DIVCORE/1/2/17/MOD/normalized",26315,2,6.1609348280448417
"DIVCORE/1/2/17/DIV/top-clear",26315,2,6.1735892076762307
"DIVCORE/1/2/17/MOD/top-clear",26315,2,6.2923427702831081
"DIVCORE/1/2/17/DIV/top-one",26315,2,6.2875926277788334
"DIVCORE/1/2/17/MOD/top-one",26315,2,5.934524035721072
"DIVCORE/1/2/17/DIV/padded",26315,2,6.1688390651719551
"DIVCORE/1/2/17/MOD/padded",26315,2,6.1023370701121031
"DIVCORE/1/2/127/DIV/normalized",26315,2,6.2733802014060425
"DIVCORE/1/2/127/MOD/normalized",26315,2,6.3889416682500473
"DIVCORE/1/2/127/DIV/top-clear",26315,2,6.4285388561656847
"DIVCORE/1/2/127/MOD/top-clear",26315,2,6.1514345430362907
"DIVCORE/1/2/127/DIV/top-one",26315,2,6.1656849705491164
"DIVCORE/1/2/127/MOD/top-one",26315,2,5.9202736082082463
"DIVCORE/1/2/127/DIV/padded",26315,2,6.0295268858065745
"DIVCORE/1/2/127/MOD/padded",26315,2,6.1435303059091773
"DIVCORE/2/2/17/DIV/normalized",25000,2,19.02
"DIVCORE/2/2/17/MOD/normalized",25000,2,16.916679999999999
"DIVCORE/2/2/17/DIV/top-clear",25000,2,21.106639999999999
"DIVCORE/2/2/17/MOD/top-clear",25000,2,18.938320000000001
"DIVCORE/2/2/17/DIV/top-one",25000,2,20.113320000000002
"DIVCORE/2/2/17/MOD/top-one",25000,2,18.71668
"DIVCORE/2/2/17/DIV/padded",25000,2,19.75168
"DIVCORE/2/2/17/MOD/padded",25000,2,16.46332
"DIVCORE/2/2/127/DIV/normalized",25000,2,16.416640000000001
"DIVCORE/2/2/127/MOD/normalized",25000,2,14.526680000000001
"DIVCORE/2/2/127/DIV/top-clear",25000,2,20.438320000000001
"DIVCORE/2/2/127/MOD/top-clear",25000,2,21.821680000000001
"DIVCORE/2/2/127/DIV/top-one",25000,2,20.173359999999999
"DIVCORE/2/2/127/MOD/top-one",25000,2,18.078320000000001
"DIVCORE/2/2/127/DIV/padded",25000,2,16.77336
"DIVCORE/2/2/127/MOD/padded",25000,2,15.994999999999999
"DIVCORE/3/2/17/DIV/normalized",23809,2,25.307320761056744
"DIVCORE/3/2/17/MOD/normalized",23809,2,19.840186484102649
"DIVCORE/3/2/17/DIV/top-clear",23809,2,25.487546726027972
"DIVCORE/3/2/17/MOD/top-clear",23809,2,26.161325549162083
"DIVCORE/3/2/17/DIV/top-one",23809,2,24
"DIVCORE/3/2/17/MOD/top-one",23809,2,25.720315846948633
"DIVCORE/3/2/17/DIV/padded",23809,2,22.197488344743583
"DIVCORE/3/2/17/MOD/padded",23809,2,22.612247469444327
"DIVCORE/3/2/127/DIV/normalized",23809,2,25.170817757990676
"DIVCORE/3/2/127/MOD/normalized",23809,2,24.99231383090428
"DIVCORE/3/2/127/DIV/top-clear",23809,2,26.450081901801841
"DIVCORE/3/2/127/MOD/top-clear",23809,2,26.499096980133562
"DIVCORE/3/2/127/DIV/top-one",23809,2,24.976563484396657
"DIVCORE/3/2/127/MOD/top-one",23809,2,26.509597211138644
"DIVCORE/3/2/127/DIV/padded",23809,2,23.996555924230332
"DIVCORE/3/2/127/MOD/padded",23809,2,22.820488050737115
"DIVCORE/4/2/17/DIV/normalized",22727,2,31.203722444669335
"DIVCORE/4/2/17/MOD/normalized",22727,2,29.526158313899767
"DIVCORE/4/2/17/DIV/top-clear",22727,2,36.854138249658995
"DIVCORE/4/2/17/MOD/top-clear",22727,2,35.869582434989219
"DIVCORE/4/2/17/DIV/top-one",22727,2,34.709068508822106
"DIVCORE/4/2/17/MOD/top-one",22727,2,34.820917851014215
"DIVCORE/4/2/17/DIV/padded",22727,2,29.421657059884719
"DIVCORE/4/2/17/MOD/padded",22727,2,29.705856470277645
"DIVCORE/4/2/127/DIV/normalized",22727,2,31.432877194526334
"DIVCORE/4/2/127/MOD/normalized",22727,2,30.56936683240199
"DIVCORE/4/2/127/DIV/top-clear",22727,2,35.869626435517226
"DIVCORE/4/2/127/MOD/top-clear",22727,2,34.340564086769042
"DIVCORE/4/2/127/DIV/top-one",22727,2,32.531086373036473
"DIVCORE/4/2/127/MOD/top-one",22727,2,33.614555374664498
"DIVCORE/4/2/127/DIV/padded",22727,2,31.288027456329477
"DIVCORE/4/2/127/MOD/padded",22727,2,31.478725744708935
"DIVCORE/8/2/17/DIV/normalized",19230,2,70.733645345813827
"DIVCORE/8/2/17/MOD/normalized",19230,2,70.655694227769118
"DIVCORE/8/2/17/DIV/top-clear",19230,2,81.190431617264693
"DIVCORE/8/2/17/MOD/top-clear",19230,2,83.162142485699434
"DIVCORE/8/2/17/DIV/top-one",19230,2,80.130889235569427
"DIVCORE/8/2/17/MOD/top-one",19230,2,80.250026001040041
"DIVCORE/8/2/17/DIV/padded",19230,2,71.396723868954751
"DIVCORE/8/2/17/MOD/padded",19230,2,71.643733749349977
"DIVCORE/8/2/127/DIV/normalized",19230,2,74.395475819032768
"DIVCORE/8/2/127/MOD/normalized",19230,2,72.727041081643264
"DIVCORE/8/2/127/DIV/top-clear",19230,2,81.801456058242323
"DIVCORE/8/2/127/MOD/top-clear",19230,2,81.318252730109208
"DIVCORE/8/2/127/DIV/top-one",19230,2,80.141705668226734
"DIVCORE/8/2/127/MOD/top-one",19230,2,80.536037441497655
"DIVCORE/8/2/127/DIV/padded",19230,2,74.139781591263656
"DIVCORE/8/2/127/MOD/padded",19230,2,73.595943837753509
"DIVCORE/34/2/17/DIV/normalized",9615,2,342.43806552262089
"DIVCORE/34/2/17/MOD/normalized",9615,2,349.37160686427455
"DIVCORE/34/2/17/DIV/top-clear",9615,2,357.74830993239732
"DIVCORE/34/2/17/MOD/top-clear",9615,2,355.62922516900676
"DIVCORE/34/2/17/DIV/top-one",9615,2,356.16651066042641
"DIVCORE/34/2/17/MOD/top-one",9615,2,358.78835153406135
"DIVCORE/34/2/17/DIV/padded",9615,2,351.12667706708271
"DIVCORE/34/2/17/MOD/padded",9615,2,358.60197607904314
"DIVCORE/34/2/127/DIV/normalized",9615,2,348.67394695787834
"DIVCORE/34/2/127/MOD/normalized",9615,2,345.35881435257409
"DIVCORE/34/2/127/DIV/top-clear",9615,2,363.32990119604784
"DIVCORE/34/2/127/MOD/top-clear",9615,2,364.38294331773272
"DIVCORE/34/2/127/DIV/top-one",9615,2,357.10265210608424
"DIVCORE/34/2/127/MOD/top-one",9615,2,356.15787831513262
"DIVCORE/34/2/127/DIV/padded",9615,2,356.10161206448259
"DIVCORE/34/2/127/MOD/padded",9615,2,352.89911596463861
"DIVCORE/1026/2/17/DIV/normalized",478,2,10890.514644351464
"DIVCORE/1026/2/17/MOD/normalized",478,2,10528.328451882846
"DIVCORE/1026/2/17/DIV/top-clear",478,2,10774.755230125524
"DIVCORE/1026/2/17/MOD/top-clear",478,2,10719.230125523012
"DIVCORE/1026/2/17/DIV/top-one",478,2,11521.443514644352
"DIVCORE/1026/2/17/MOD/top-one",478,2,11594.403765690377
"DIVCORE/1026/2/17/DIV/padded",478,2,11010.548117154811
"DIVCORE/1026/2/17/MOD/padded",478,2,10848.849372384937
"DIVCORE/1026/2/127/DIV/normalized",478,2,10703.801255230126
"DIVCORE/1026/2/127/MOD/normalized",478,2,10617.851464435147
"DIVCORE/1026/2/127/DIV/top-clear",478,2,11907.253138075313
"DIVCORE/1026/2/127/MOD/top-clear",478,2,11772.663179916319
"DIVCORE/1026/2/127/DIV/top-one",478,2,11680.265690376569
"DIVCORE/1026/2/127/MOD/top-one",478,2,11708.682008368201
"DIVCORE/1026/2/127/DIV/padded",478,2,11103.556485355648
"DIVCORE/1026/2/127/MOD/padded",478,2,11004.968619246862
"DIVCORE/65536/2/17/DIV/normalized",7,2,909762
"DIVCORE/65536/2/17/MOD/normalized",7,2,908815.42857142852
"DIVCORE/65536/2/17/DIV/top-one",7,2,887898.85714285716
"DIVCORE/65536/2/17/MOD/top-one",7,2,866869
"DIVCORE/500000/2/17/DIV/normalized",1,2,7129416
"DIVCORE/500000/2/17/MOD/normalized",1,2,6929042
"DIVCORE/500000/2/17/DIV/top-one",1,2,6753667
"DIVCORE/500000/2/17/MOD/top-one",1,2,6856750
"DIVCORE/2/3/17/DIV/normalized",23809,2,6.4051409131000883
"DIVCORE/2/3/17/MOD/normalized",23809,2,6.1128564828426226
"DIVCORE/2/3/17/DIV/top-clear",23809,2,6.4506699147381239
"DIVCORE/2/3/17/MOD/top-clear",23809,2,6.0008820194044272
"DIVCORE/2/3/17/DIV/top-one",23809,2,6.4646562224368935
"DIVCORE/2/3/17/MOD/top-one",23809,2,5.9116300558612291
"DIVCORE/2/3/17/DIV/padded",23809,2,6.6974253433575539
"DIVCORE/2/3/17/MOD/padded",23809,2,6.1199126380780378
"DIVCORE/2/3/127/DIV/normalized",23809,2,6.4576420681254989
"DIVCORE/2/3/127/MOD/normalized",23809,2,5.9693813263891808
"DIVCORE/2/3/127/DIV/top-clear",23809,2,6.5241715317736988
"DIVCORE/2/3/127/MOD/top-clear",23809,2,6.3036246797429545
"DIVCORE/2/3/127/DIV/top-one",23809,2,6.3456676046873035
"DIVCORE/2/3/127/MOD/top-one",23809,2,6.0726195976311477
"DIVCORE/2/3/127/DIV/padded",23809,2,6.4891427611407453
"DIVCORE/2/3/127/MOD/padded",23809,2,6.1321349069679529
"DIVCORE/3/3/17/DIV/normalized",22727,2,20.29889558674704
"DIVCORE/3/3/17/MOD/normalized",22727,2,15.732036784441414
"DIVCORE/3/3/17/DIV/top-clear",22727,2,20.247546970563647
"DIVCORE/3/3/17/MOD/top-clear",22727,2,18.515070180842169
"DIVCORE/3/3/17/DIV/top-one",22727,2,20.632595591147094
"DIVCORE/3/3/17/MOD/top-one",22727,2,20.883750605007261
"DIVCORE/3/3/17/DIV/padded",22727,2,19.596735160821929
"DIVCORE/3/3/17/MOD/padded",22727,2,15.893342720112642
"DIVCORE/3/3/127/DIV/normalized",22727,2,20.810401724820697
"DIVCORE/3/3/127/MOD/normalized",22727,2,16.494697936375236
"DIVCORE/3/3/127/DIV/top-clear",22727,2,21.004752057024685
"DIVCORE/3/3/127/MOD/top-clear",22727,2,19.259427113125358
"DIVCORE/3/3/127/DIV/top-one",22727,2,22.625467505610068
"DIVCORE/3/3/127/MOD/top-one",22727,2,20.900250803009637
"DIVCORE/3/3/127/DIV/padded",22727,2,20.069740836890041
"DIVCORE/3/3/127/MOD/padded",22727,2,14.62652351828222
"DIVCORE/4/3/17/DIV/normalized",21739,2,25.472652835917014
"DIVCORE/4/3/17/MOD/normalized",21739,2,22.588021528129168
"DIVCORE/4/3/17/DIV/top-clear",21739,2,29.451676710060262
"DIVCORE/4/3/17/MOD/top-clear",21739,2,29.693178159068953
"DIVCORE/4/3/17/DIV/top-one",21739,2,30.364000184001103
"DIVCORE/4/3/17/MOD/top-one",21739,2,31.75169051014306
"DIVCORE/4/3/17/DIV/padded",21739,2,24.999217995307973
"DIVCORE/4/3/17/MOD/padded",21739,2,24.226827360964165
"DIVCORE/4/3/17/DIV/add-back",21739,2,24.912967477804866
"DIVCORE/4/3/17/MOD/add-back",21739,2,23.281889691338147
"DIVCORE/4/3/127/DIV/normalized",21739,2,25.804222825336954
"DIVCORE/4/3/127/MOD/normalized",21739,2,26.509591057546345
"DIVCORE/4/3/127/DIV/top-clear",21739,2,29.035742214453286
"DIVCORE/4/3/127/MOD/top-clear",21739,2,29.087492524955149
"DIVCORE/4/3/127/DIV/top-one",21739,2,30.896821380928287
"DIVCORE/4/3/127/MOD/top-one",21739,2,30.185749114494687
"DIVCORE/4/3/127/DIV/padded",21739,2,26.331339988039929
"DIVCORE/4/3/127/MOD/padded",21739,2,25.99779198675192
"DIVCORE/6/3/17/DIV/normalized",20000,2,44.387500000000003
"DIVCORE/6/3/17/MOD/normalized",20000,2,39.3979
"DIVCORE/6/3/17/DIV/top-clear",20000,2,51.745849999999997
"DIVCORE/6/3/17/MOD/top-clear",20000,2,51.841700000000003
"DIVCORE/6/3/17/DIV/top-one",20000,2,56.481250000000003
"DIVCORE/6/3/17/MOD/top-one",20000,2,56.104199999999999
"DIVCORE/6/3/17/DIV/padded",20000,2,43.627099999999999
"DIVCORE/6/3/17/MOD/padded",20000,2,42.69585
"DIVCORE/6/3/17/DIV/add-back",20000,2,32.3125
"DIVCORE/6/3/17/MOD/add-back",20000,2,29.777049999999999
"DIVCORE/6/3/127/DIV/normalized",20000,2,43.46875
"DIVCORE/6/3/127/MOD/normalized",20000,2,43.79795
"DIVCORE/6/3/127/DIV/top-clear",20000,2,52.320799999999998
"DIVCORE/6/3/127/MOD/top-clear",20000,2,53.106250000000003
"DIVCORE/6/3/127/DIV/top-one",20000,2,52.295850000000002
"DIVCORE/6/3/127/MOD/top-one",20000,2,52.57085
"DIVCORE/6/3/127/DIV/padded",20000,2,43.520850000000003
"DIVCORE/6/3/127/MOD/padded",20000,2,43.583350000000003
"DIVCORE/12/3/17/DIV/normalized",16129,2,115.36158472316944
"DIVCORE/12/3/17/MOD/normalized",16129,2,116.50337900675801
"DIVCORE/12/3/17/DIV/top-clear",16129,2,128.3790067580135
"DIVCORE/12/3/17/MOD/top-clear",16129,2,131.66501333002665
"DIVCORE/12/3/17/DIV/top-one",16129,2,124.43164486328973
"DIVCORE/12/3/17/MOD/top-one",16129,2,125.12654225308451
"DIVCORE/12/3/17/DIV/padded",16129,2,116.64548329096658
"DIVCORE/12/3/17/MOD/padded",16129,2,115.79298158596318
"DIVCORE/12/3/17/DIV/add-back",16129,2,63.702523405046811
"DIVCORE/12/3/17/MOD/add-back",16129,2,58.863909727819454
"DIVCORE/12/3/127/DIV/normalized",16129,2,115.00508401016802
"DIVCORE/12/3/127/MOD/normalized",16129,2,113.48347696695393
"DIVCORE/12/3/127/DIV/top-clear",16129,2,127.39221278442557
"DIVCORE/12/3/127/MOD/top-clear",16129,2,124.63574927149854
"DIVCORE/12/3/127/DIV/top-one",16129,2,123.27949655899312
"DIVCORE/12/3/127/MOD/top-one",16129,2,123.81164362328725
"DIVCORE/12/3/127/DIV/padded",16129,2,115.11098022196045
"DIVCORE/12/3/127/MOD/padded",16129,2,113.2251224502449
"DIVCORE/35/3/17/DIV/normalized",9259,2,393.86899233178531
"DIVCORE/35/3/17/MOD/normalized",9259,2,376.79555027540772
"DIVCORE/35/3/17/DIV/top-clear",9259,2,409.33588940490336
"DIVCORE/35/3/17/MOD/top-clear",9259,2,404.381358678043
"DIVCORE/35/3/17/DIV/top-one",9259,2,402.29776433740147
"DIVCORE/35/3/17/MOD/top-one",9259,2,396.27216762069338
"DIVCORE/35/3/17/DIV/padded",9259,2,378.21762609353061
"DIVCORE/35/3/17/MOD/padded",9259,2,377.76757749216978
"DIVCORE/35/3/17/DIV/add-back",9259,2,180.63959390862945
"DIVCORE/35/3/17/MOD/add-back",9259,2,183.73118047305326
"DIVCORE/35/3/127/DIV/normalized",9259,2,383.77978183389138
"DIVCORE/35/3/127/MOD/normalized",9259,2,395.54757533210932
"DIVCORE/35/3/127/DIV/top-clear",9259,2,391.55146344097636
"DIVCORE/35/3/127/MOD/top-clear",9259,2,391.0519494545847
"DIVCORE/35/3/127/DIV/top-one",9259,2,394.52608273031643
"DIVCORE/35/3/127/MOD/top-one",9259,2,386.56539583108326
"DIVCORE/35/3/127/DIV/padded",9259,2,379.63959390862942
"DIVCORE/35/3/127/MOD/padded",9259,2,370.06782589912518
"DIVCORE/1027/3/17/DIV/normalized",478,2,11907.776150627615
"DIVCORE/1027/3/17/MOD/normalized",478,2,11831.851464435147
"DIVCORE/1027/3/17/DIV/top-clear",478,2,12745.031380753138
"DIVCORE/1027/3/17/MOD/top-clear",478,2,12781.81589958159
"DIVCORE/1027/3/17/DIV/top-one",478,2,12397.838912133891
"DIVCORE/1027/3/17/MOD/top-one",478,2,12304.043933054394
"DIVCORE/1027/3/17/DIV/padded",478,2,12327.405857740585
"DIVCORE/1027/3/17/MOD/padded",478,2,12095.364016736401
"DIVCORE/1027/3/17/DIV/add-back",478,2,5124.5627615062758
"DIVCORE/1027/3/17/MOD/add-back",478,2,4996.5146443514641
"DIVCORE/1027/3/127/DIV/normalized",478,2,11951.535564853557
"DIVCORE/1027/3/127/MOD/normalized",478,2,11957.550209205021
"DIVCORE/1027/3/127/DIV/top-clear",478,2,12923.292887029289
"DIVCORE/1027/3/127/MOD/top-clear",478,2,12872.820083682009
"DIVCORE/1027/3/127/DIV/top-one",478,2,12167.537656903765
"DIVCORE/1027/3/127/MOD/top-one",478,2,14005.403765690377
"DIVCORE/1027/3/127/DIV/padded",478,2,12678.696652719666
"DIVCORE/1027/3/127/MOD/padded",478,2,12929.566945606695
"DIVCORE/3/4/17/DIV/normalized",21739,2,6.110354662127973
"DIVCORE/3/4/17/MOD/normalized",21739,2,6.325037950227701
"DIVCORE/3/4/17/DIV/top-clear",21739,2,6.1199687198123192
"DIVCORE/3/4/17/MOD/top-clear",21739,2,6.4994709968259814
"DIVCORE/3/4/17/DIV/top-one",21739,2,6.068172409034454
"DIVCORE/3/4/17/MOD/top-one",21739,2,6.6834721008326046
"DIVCORE/3/4/17/DIV/padded",21739,2,6.2254013524081149
"DIVCORE/3/4/17/MOD/padded",21739,2,6.5703574221445331
"DIVCORE/3/4/127/DIV/normalized",21739,2,6.2119232715396295
"DIVCORE/3/4/127/MOD/normalized",21739,2,6.7160402962417773
"DIVCORE/3/4/127/DIV/top-clear",21739,2,5.9992179953079718
"DIVCORE/3/4/127/MOD/top-clear",21739,2,6.5799254795528777
"DIVCORE/3/4/127/DIV/top-one",21739,2,6.4189705138230826
"DIVCORE/3/4/127/MOD/top-one",21739,2,6.7447904687428126
"DIVCORE/3/4/127/DIV/padded",21739,2,6.2234693408160453
"DIVCORE/3/4/127/MOD/padded",21739,2,6.4937209623257743
"DIVCORE/4/4/17/DIV/normalized",20833,2,16.198243171890752
"DIVCORE/4/4/17/MOD/normalized",20833,2,13.020208323333174
"DIVCORE/4/4/17/DIV/top-clear",20833,2,20.37632602121634
"DIVCORE/4/4/17/MOD/top-clear",20833,2,19.636298180770893
"DIVCORE/4/4/17/DIV/top-one",20833,2,21.700331205299285
"DIVCORE/4/4/17/MOD/top-one",20833,2,20.430326885230162
"DIVCORE/4/4/17/DIV/padded",20833,2,16.216291460663371
"DIVCORE/4/4/17/MOD/padded",20833,2,14.466231459703355
"DIVCORE/4/4/127/DIV/normalized",20833,2,21.890366245859934
"DIVCORE/4/4/127/MOD/normalized",20833,2,16.338261412182597
"DIVCORE/4/4/127/DIV/top-clear",20833,2,21.868333893342292
"DIVCORE/4/4/127/MOD/top-clear",20833,2,20.198291172658763
"DIVCORE/4/4/127/DIV/top-one",20833,2,21.528344453511256
"DIVCORE/4/4/127/MOD/top-one",20833,2,21.286324581193298
"DIVCORE/4/4/127/DIV/padded",20833,2,20.20433926942831
"DIVCORE/4/4/127/MOD/padded",20833,2,16.64825037200595
"DIVCORE/5/4/17/DIV/normalized",20000,2,28.699999999999999
"DIVCORE/5/4/17/MOD/normalized",20000,2,26.064599999999999
"DIVCORE/5/4/17/DIV/top-clear",20000,2,33.106250000000003
"DIVCORE/5/4/17/MOD/top-clear",20000,2,33.327100000000002
"DIVCORE/5/4/17/DIV/top-one",20000,2,33.460450000000002
"DIVCORE/5/4/17/MOD/top-one",20000,2,33.443750000000001
"DIVCORE/5/4/17/DIV/padded",20000,2,28.654150000000001
"DIVCORE/5/4/17/MOD/padded",20000,2,25.216650000000001
"DIVCORE/5/4/17/DIV/add-back",20000,2,25.279150000000001
"DIVCORE/5/4/17/MOD/add-back",20000,2,25.485399999999998
"DIVCORE/5/4/127/DIV/normalized",20000,2,26.277100000000001
"DIVCORE/5/4/127/MOD/normalized",20000,2,24.862500000000001
"DIVCORE/5/4/127/DIV/top-clear",20000,2,33.154150000000001
"DIVCORE/5/4/127/MOD/top-clear",20000,2,33.747950000000003
"DIVCORE/5/4/127/DIV/top-one",20000,2,33.399999999999999
"DIVCORE/5/4/127/MOD/top-one",20000,2,32.958350000000003
"DIVCORE/5/4/127/DIV/padded",20000,2,24.860399999999998
"DIVCORE/5/4/127/MOD/padded",20000,2,23.822900000000001
"DIVCORE/8/4/17/DIV/normalized",17857,2,60.445483563868514
"DIVCORE/8/4/17/MOD/normalized",17857,2,60.996191969535758
"DIVCORE/8/4/17/DIV/top-clear",17857,2,74.163241305930441
"DIVCORE/8/4/17/MOD/top-clear",17857,2,75.343954751638009
"DIVCORE/8/4/17/DIV/top-one",17857,2,71.720221761774098
"DIVCORE/8/4/17/MOD/top-one",17857,2,72.716581732653864
"DIVCORE/8/4/17/DIV/padded",17857,2,60.888839110712887
"DIVCORE/8/4/17/MOD/padded",17857,2,60.636781094248754
"DIVCORE/8/4/17/DIV/add-back",17857,2,43.262642101136812
"DIVCORE/8/4/17/MOD/add-back",17857,2,46.569020552164417
"DIVCORE/8/4/127/DIV/normalized",17857,2,68.32054656437252
"DIVCORE/8/4/127/MOD/normalized",17857,2,67.025536204289637
"DIVCORE/8/4/127/DIV/top-clear",17857,2,73.871590972727788
"DIVCORE/8/4/127/MOD/top-clear",17857,2,75.920255362042894
"DIVCORE/8/4/127/DIV/top-one",17857,2,69.732261858094859
"DIVCORE/8/4/127/MOD/top-one",17857,2,70.065912527300213
"DIVCORE/8/4/127/DIV/padded",17857,2,68.642549140393129
"DIVCORE/8/4/127/MOD/padded",17857,2,68.516548132385054
"DIVCORE/16/4/17/DIV/normalized",13888,2,158.54212269585253
"DIVCORE/16/4/17/MOD/normalized",13888,2,165.1575460829493
"DIVCORE/16/4/17/DIV/top-clear",13888,2,180.46457373271889
"DIVCORE/16/4/17/MOD/top-clear",13888,2,179.49243951612902
"DIVCORE/16/4/17/DIV/top-one",13888,2,175.01620103686636
"DIVCORE/16/4/17/MOD/top-one",13888,2,176.62730414746545
"DIVCORE/16/4/17/DIV/padded",13888,2,184.6677707373272
"DIVCORE/16/4/17/MOD/padded",13888,2,176.74128744239633
"DIVCORE/16/4/17/DIV/add-back",13888,2,102.43858006912443
"DIVCORE/16/4/17/MOD/add-back",13888,2,101.40646601382488
"DIVCORE/16/4/127/DIV/normalized",13888,2,173.08705357142858
"DIVCORE/16/4/127/MOD/normalized",13888,2,172.04601094470047
"DIVCORE/16/4/127/DIV/top-clear",13888,2,177.3893289170507
"DIVCORE/16/4/127/MOD/top-clear",13888,2,180.38349654377879
"DIVCORE/16/4/127/DIV/top-one",13888,2,170.64796947004609
"DIVCORE/16/4/127/MOD/top-one",13888,2,174.39516129032259
"DIVCORE/16/4/127/DIV/padded",13888,2,173.18605990783411
"DIVCORE/16/4/127/MOD/padded",13888,2,171.37996831797236
"DIVCORE/36/4/17/DIV/normalized",8928,2,424.19455645161293
"DIVCORE/36/4/17/MOD/normalized",8928,2,418.42137096774195
"DIVCORE/36/4/17/DIV/top-clear",8928,2,441.70497311827955
"DIVCORE/36/4/17/MOD/top-clear",8928,2,447.09531810035844
"DIVCORE/36/4/17/DIV/top-one",8928,2,428.07739695340501
"DIVCORE/36/4/17/MOD/top-one",8928,2,429.25817652329749
"DIVCORE/36/4/17/DIV/padded",8928,2,430.93357974910396
"DIVCORE/36/4/17/MOD/padded",8928,2,427.35405465949822
"DIVCORE/36/4/17/DIV/add-back",8928,2,257.7331989247312
"DIVCORE/36/4/17/MOD/add-back",8928,2,251.52139336917563
"DIVCORE/36/4/127/DIV/normalized",8928,2,434.55981182795699
"DIVCORE/36/4/127/MOD/normalized",8928,2,432.71169354838707
"DIVCORE/36/4/127/DIV/top-clear",8928,2,449.75548835125448
"DIVCORE/36/4/127/MOD/top-clear",8928,2,449.29345878136201
"DIVCORE/36/4/127/DIV/top-one",8928,2,430.28953853046596
"DIVCORE/36/4/127/MOD/top-one",8928,2,429.24417562724017
"DIVCORE/36/4/127/DIV/padded",8928,2,445.49451164874552
"DIVCORE/36/4/127/MOD/padded",8928,2,440.94422043010752
"DIVCORE/1028/4/17/DIV/normalized",477,2,13181.603773584906
"DIVCORE/1028/4/17/MOD/normalized",477,2,12960.255765199161
"DIVCORE/1028/4/17/DIV/top-clear",477,2,13151.641509433963
"DIVCORE/1028/4/17/MOD/top-clear",477,2,13313.155136268344
"DIVCORE/1028/4/17/DIV/top-one",477,2,12885.220125786163
"DIVCORE/1028/4/17/MOD/top-one",477,2,12970.649895178198
"DIVCORE/1028/4/17/DIV/padded",477,2,13249.911949685535
"DIVCORE/1028/4/17/MOD/padded",477,2,13297.5178197065
"DIVCORE/1028/4/17/DIV/add-back",477,2,6434.0482180293502
"DIVCORE/1028/4/17/MOD/add-back",477,2,6583.5073375262054
"DIVCORE/1028/4/127/DIV/normalized",477,2,13983.314465408805
"DIVCORE/1028/4/127/MOD/normalized",477,2,13352.463312368973
"DIVCORE/1028/4/127/DIV/top-clear",477,2,13765.811320754718
"DIVCORE/1028/4/127/MOD/top-clear",477,2,13798.132075471698
"DIVCORE/1028/4/127/DIV/top-one",477,2,13501.396226415094
"DIVCORE/1028/4/127/MOD/top-one",477,2,13524.109014675052
"DIVCORE/1028/4/127/DIV/padded",477,2,13658.805031446542
"DIVCORE/1028/4/127/MOD/padded",477,2,13647.188679245282
"DIVCORE/7/8/17/DIV/normalized",16129,2,5.8435116870233736
"DIVCORE/7/8/17/MOD/normalized",16129,2,5.6885113770227544
"DIVCORE/7/8/17/DIV/top-clear",16129,2,6.1044082088164178
"DIVCORE/7/8/17/MOD/top-clear",16129,2,5.4017608035216069
"DIVCORE/7/8/17/DIV/top-one",16129,2,6.0295120590241185
"DIVCORE/7/8/17/MOD/top-one",16129,2,5.6627193254386512
"DIVCORE/7/8/17/DIV/padded",16129,2,6.0450120900241799
"DIVCORE/7/8/17/MOD/padded",16129,2,5.7918655837311679
"DIVCORE/7/8/127/DIV/normalized",16129,2,5.9236158472316944
"DIVCORE/7/8/127/MOD/normalized",16129,2,5.722053444106888
"DIVCORE/7/8/127/DIV/top-clear",16129,2,6.3653667307334612
"DIVCORE/7/8/127/MOD/top-clear",16129,2,5.7763655527311055
"DIVCORE/7/8/127/DIV/top-one",16129,2,6.1276582553165104
"DIVCORE/7/8/127/MOD/top-one",16129,2,5.7375534751069504
"DIVCORE/7/8/127/DIV/padded",16129,2,6.0786161572323145
"DIVCORE/7/8/127/MOD/padded",16129,2,5.9597619195238387
"DIVCORE/8/8/17/DIV/normalized",15625,2,22.434688000000001
"DIVCORE/8/8/17/MOD/normalized",15625,2,14.901376000000001
"DIVCORE/8/8/17/DIV/top-clear",15625,2,28.266624
"DIVCORE/8/8/17/MOD/top-clear",15625,2,26.064
"DIVCORE/8/8/17/DIV/top-one",15625,2,27.765376
"DIVCORE/8/8/17/MOD/top-one",15625,2,26.623999999999999
"DIVCORE/8/8/17/DIV/padded",15625,2,23.306688000000001
"DIVCORE/8/8/17/MOD/padded",15625,2,16.423999999999999
"DIVCORE/8/8/127/DIV/normalized",15625,2,23.829312000000002
"DIVCORE/8/8/127/MOD/normalized",15625,2,16.298687999999999
"DIVCORE/8/8/127/DIV/top-clear",15625,2,26.837312000000001
"DIVCORE/8/8/127/MOD/top-clear",15625,2,25.591999999999999
"DIVCORE/8/8/127/DIV/top-one",15625,2,29.010687999999998
"DIVCORE/8/8/127/MOD/top-one",15625,2,24.199999999999999
"DIVCORE/8/8/127/DIV/padded",15625,2,21.173376000000001
"DIVCORE/8/8/127/MOD/padded",15625,2,13.824
"DIVCORE/9/8/17/DIV/normalized",15151,2,26.329351197940731
"DIVCORE/9/8/17/MOD/normalized",15151,2,23.711306184410269
"DIVCORE/9/8/17/DIV/top-clear",15151,2,42.043429476602206
"DIVCORE/9/8/17/MOD/top-clear",15151,2,43.399181572173454
"DIVCORE/9/8/17/DIV/top-one",15151,2,44.141706818031814
"DIVCORE/9/8/17/MOD/top-one",15151,2,44.782522605768598
"DIVCORE/9/8/17/DIV/padded",15151,2,25.086396937495874
"DIVCORE/9/8/17/MOD/padded",15151,2,24.431786680747145
"DIVCORE/9/8/17/DIV/add-back",15151,2,30.251006534222164
"DIVCORE/9/8/17/MOD/add-back",15151,2,26.21114117880008
"DIVCORE/9/8/127/DIV/normalized",15151,2,25.190878489868656
"DIVCORE/9/8/127/MOD/normalized",15151,2,24.475810177546037
"DIVCORE/9/8/127/DIV/top-clear",15151,2,44.568015312520629
"DIVCORE/9/8/127/MOD/top-clear",15151,2,45.096033265131013
"DIVCORE/9/8/127/DIV/top-one",15151,2,42.24968648934064
"DIVCORE/9/8/127/MOD/top-one",15151,2,44.128044353508017
"DIVCORE/9/8/127/DIV/padded",15151,2,26.233119926077485
"DIVCORE/9/8/127/MOD/padded",15151,2,24.728796779090491
"DIVCORE/16/8/17/DIV/normalized",12500,2,147.11671999999999
"DIVCORE/16/8/17/MOD/normalized",12500,2,146.89663999999999
"DIVCORE/16/8/17/DIV/top-clear",12500,2,163.31
"DIVCORE/16/8/17/MOD/top-clear",12500,2,165.53335999999999
"DIVCORE/16/8/17/DIV/top-one",12500,2,168.03327999999999
"DIVCORE/16/8/17/MOD/top-one",12500,2,169.08672000000001
"DIVCORE/16/8/17/DIV/padded",12500,2,146.15335999999999
"DIVCORE/16/8/17/MOD/padded",12500,2,146.78
"DIVCORE/16/8/17/DIV/add-back",12500,2,112.36
"DIVCORE/16/8/17/MOD/add-back",12500,2,113.93664
"DIVCORE/16/8/127/DIV/normalized",12500,2,146.31335999999999
"DIVCORE/16/8/127/MOD/normalized",12500,2,145.38336000000001
"DIVCORE/16/8/127/DIV/top-clear",12500,2,163.33328
"DIVCORE/16/8/127/MOD/top-clear",12500,2,164.13999999999999
"DIVCORE/16/8/127/DIV/top-one",12500,2,163.36663999999999
"DIVCORE/16/8/127/MOD/top-one",12500,2,164.54664
"DIVCORE/16/8/127/DIV/padded",12500,2,146.87672000000001
"DIVCORE/16/8/127/MOD/padded",12500,2,144.53335999999999
"DIVCORE/32/8/17/DIV/normalized",8928,2,430.00481630824373
"DIVCORE/32/8/17/MOD/normalized",8928,2,428.42282706093192
"DIVCORE/32/8/17/DIV/top-clear",8928,2,437.87343189964156
"DIVCORE/32/8/17/MOD/top-clear",8928,2,439.50672043010752
"DIVCORE/32/8/17/DIV/top-one",8928,2,460.82078853046596
"DIVCORE/32/8/17/MOD/top-one",8928,2,459.78472222222223
"DIVCORE/32/8/17/DIV/padded",8928,2,434.30779569892474
"DIVCORE/32/8/17/MOD/padded",8928,2,415.47188620071682
"DIVCORE/32/8/17/DIV/add-back",8928,2,305.44825268817203
"DIVCORE/32/8/17/MOD/add-back",8928,2,299.0358422939068
"DIVCORE/32/8/127/DIV/normalized",8928,2,414.22110215053766
"DIVCORE/32/8/127/MOD/normalized",8928,2,413.45116487455198
"DIVCORE/32/8/127/DIV/top-clear",8928,2,428.95945340501794
"DIVCORE/32/8/127/MOD/top-clear",8928,2,436.99596774193549
"DIVCORE/32/8/127/DIV/top-one",8928,2,438.98879928315409
"DIVCORE/32/8/127/MOD/top-one",8928,2,444.12712813620072
"DIVCORE/32/8/127/DIV/padded",8928,2,427.47995071684591
"DIVCORE/32/8/127/MOD/padded",8928,2,425.8138440860215
"DIVCORE/40/8/17/DIV/normalized",7812,2,558.1263440860215
"DIVCORE/40/8/17/MOD/normalized",7812,2,558.93714797747054
"DIVCORE/40/8/17/DIV/top-clear",7812,2,582.78929851510497
"DIVCORE/40/8/17/MOD/top-clear",7812,2,586.38952892985151
"DIVCORE/40/8/17/DIV/top-one",7812,2,583.44534050179209
"DIVCORE/40/8/17/MOD/top-one",7812,2,588.34690220174093
"DIVCORE/40/8/17/DIV/padded",7812,2,564.41474654377885
"DIVCORE/40/8/17/MOD/padded",7812,2,557.98233486943161
"DIVCORE/40/8/17/DIV/add-back",7812,2,400.29761904761904
"DIVCORE/40/8/17/MOD/add-back",7812,2,397.36943164362521
"DIVCORE/40/8/127/DIV/normalized",7812,2,554.82488479262668
"DIVCORE/40/8/127/MOD/normalized",7812,2,548.10970302099338
"DIVCORE/40/8/127/DIV/top-clear",7812,2,576.36763952892989
"DIVCORE/40/8/127/MOD/top-clear",7812,2,576.98630312339992
"DIVCORE/40/8/127/DIV/top-one",7812,2,580.58115719406044
"DIVCORE/40/8/127/MOD/top-one",7812,2,583.95212493599593
"DIVCORE/40/8/127/DIV/padded",7812,2,560.10522273425499
"DIVCORE/40/8/127/MOD/padded",7812,2,553.28341013824888
"DIVCORE/1032/8/17/DIV/normalized",473,2,18592.670190274843
"DIVCORE/1032/8/17/MOD/normalized",473,2,18860.993657505285
"DIVCORE/1032/8/17/DIV/top-clear",473,2,18078.663847780128
"DIVCORE/1032/8/17/MOD/top-clear",473,2,17612.490486257928
"DIVCORE/1032/8/17/DIV/top-one",473,2,18586.152219873151
"DIVCORE/1032/8/17/MOD/top-one",473,2,18650.809725158564
"DIVCORE/1032/8/17/DIV/padded",473,2,19049.243128964059
"DIVCORE/1032/8/17/MOD/padded",473,2,19232.38266384778
"DIVCORE/1032/8/17/DIV/add-back",473,2,12368.568710359408
"DIVCORE/1032/8/17/MOD/add-back",473,2,12355.532769556025
"DIVCORE/1032/8/127/DIV/normalized",473,2,19775.898520084567
"DIVCORE/1032/8/127/MOD/normalized",473,2,18405.566596194501
"DIVCORE/1032/8/127/DIV/top-clear",473,2,18154.509513742072
"DIVCORE/1032/8/127/MOD/top-clear",473,2,18037.437632135305
"DIVCORE/1032/8/127/DIV/top-one",473,2,18730.44397463002
"DIVCORE/1032/8/127/MOD/top-one",473,2,18593.727272727272
"DIVCORE/1032/8/127/DIV/padded",473,2,18861.433403805499
"DIVCORE/1032/8/127/MOD/padded",473,2,18736.522198731502
"DIVCORE/15/16/17/DIV/normalized",10638,2,6.4000752021056586
"DIVCORE/15/16/17/MOD/normalized",10638,2,5.8712163940590338
"DIVCORE/15/16/17/DIV/top-clear",10638,2,5.8829667230682459
"DIVCORE/15/16/17/MOD/top-clear",10638,2,6.0514194397443131
"DIVCORE/15/16/17/DIV/top-one",10638,2,6.4000752021056586
"DIVCORE/15/16/17/MOD/top-one",10638,2,6.3373754465125023
"DIVCORE/15/16/17/DIV/padded",10638,2,5.8986651626245532
"DIVCORE/15/16/17/MOD/padded",10638,2,6.0122203421695808
"DIVCORE/15/16/127/DIV/normalized",10638,2,6.2081218274111674
"DIVCORE/15/16/127/MOD/normalized",10638,2,6.1062229742432788
"DIVCORE/15/16/127/DIV/top-clear",10638,2,6.5879864636209815
"DIVCORE/15/16/127/MOD/top-clear",10638,2,6.1141191953374694
"DIVCORE/15/16/127/DIV/top-one",10638,2,6.3961270915585633
"DIVCORE/15/16/127/MOD/top-one",10638,2,6.0905245346869714
"DIVCORE/15/16/127/DIV/padded",10638,2,6.1140251927053955
"DIVCORE/15/16/127/MOD/padded",10638,2,6.0239706711787928
"DIVCORE/16/16/17/DIV/normalized",10416,2,22.149481566820278
"DIVCORE/16/16/17/MOD/normalized",10416,2,17.117127496159753
"DIVCORE/16/16/17/DIV/top-clear",10416,2,35.886328725038403
"DIVCORE/16/16/17/MOD/top-clear",10416,2,40.966589861751153
"DIVCORE/16/16/17/DIV/top-one",10416,2,37.858390937019969
"DIVCORE/16/16/17/MOD/top-one",10416,2,43.894777265745006
"DIVCORE/16/16/17/DIV/padded",10416,2,19.053283410138249
"DIVCORE/16/16/17/MOD/padded",10416,2,16.437115975422426
"DIVCORE/16/16/127/DIV/normalized",10416,2,25.297619047619047
"DIVCORE/16/16/127/MOD/normalized",10416,2,23.205453149001535
"DIVCORE/16/16/127/DIV/top-clear",10416,2,31.982046850998465
"DIVCORE/16/16/127/MOD/top-clear",10416,2,35.406298003072195
"DIVCORE/16/16/127/DIV/top-one",10416,2,34.76622503840246
"DIVCORE/16/16/127/MOD/top-one",10416,2,39.626536098310289
"DIVCORE/16/16/127/DIV/padded",10416,2,25.309619815668203
"DIVCORE/16/16/127/MOD/padded",10416,2,22.785522273425499
"DIVCORE/17/16/17/DIV/normalized",10204,2,51.64229713837711
"DIVCORE/17/16/17/MOD/normalized",10204,2,49.118776950215604
"DIVCORE/17/16/17/DIV/top-clear",10204,2,64.027146217169744
"DIVCORE/17/16/17/MOD/top-clear",10204,2,65.256272050176406
"DIVCORE/17/16/17/DIV/top-one",10204,2,63.82702861622893
"DIVCORE/17/16/17/MOD/top-one",10204,2,66.722265778126228
"DIVCORE/17/16/17/DIV/padded",10204,2,50.258134065072518
"DIVCORE/17/16/17/MOD/padded",10204,2,49.543512348098787
"DIVCORE/17/16/17/DIV/add-back",10204,2,40.960211681693451
"DIVCORE/17/16/17/MOD/add-back",10204,2,34.680027440219519
"DIVCORE/17/16/127/DIV/normalized",10204,2,51.711779694237556
"DIVCORE/17/16/127/MOD/normalized",10204,2,49.429145433163463
"DIVCORE/17/16/127/DIV/top-clear",10204,2,64.480497843982747
"DIVCORE/17/16/127/MOD/top-clear",10204,2,67.50215601724814
"DIVCORE/17/16/127/DIV/top-one",10204,2,64.790768326146605
"DIVCORE/17/16/127/MOD/top-one",10204,2,66.901901215209719
"DIVCORE/17/16/127/DIV/padded",10204,2,51.229909839278712
"DIVCORE/17/16/127/MOD/padded",10204,2,50.323402587220698
"DIVCORE/32/16/17/DIV/normalized",7812,2,404.857910906298
"DIVCORE/32/16/17/MOD/normalized",7812,2,407.57808499743982
"DIVCORE/32/16/17/DIV/top-clear",7812,2,501.88812083973374
"DIVCORE/32/16/17/MOD/top-clear",7812,2,488.2072452636969
"DIVCORE/32/16/17/DIV/top-one",7812,2,443.7990271377368
"DIVCORE/32/16/17/MOD/top-one",7812,2,476.07846902201743
"DIVCORE/32/16/17/DIV/padded",7812,2,415.51996927803378
"DIVCORE/32/16/17/MOD/padded",7812,2,412.53302611367127
"DIVCORE/32/16/17/DIV/add-back",7812,2,454.35432667690731
"DIVCORE/32/16/17/MOD/add-back",7812,2,454.57846902201743
"DIVCORE/32/16/127/DIV/normalized",7812,2,417.23745519713259
"DIVCORE/32/16/127/MOD/normalized",7812,2,411.98374295954943
"DIVCORE/32/16/127/DIV/top-clear",7812,2,437.53200204813106
"DIVCORE/32/16/127/MOD/top-clear",7812,2,444.34318996415772
"DIVCORE/32/16/127/DIV/top-one",7812,2,430.534178187404
"DIVCORE/32/16/127/MOD/top-one",7812,2,434.28904249871994
"DIVCORE/32/16/127/DIV/padded",7812,2,415.43458781362006
"DIVCORE/32/16/127/MOD/padded",7812,2,416.11200716845877
"DIVCORE/48/16/17/DIV/normalized",6250,2,760.34000000000003
"DIVCORE/48/16/17/MOD/normalized",6250,2,732.08655999999996
"DIVCORE/48/16/17/DIV/top-clear",6250,2,817.58000000000004
"DIVCORE/48/16/17/MOD/top-clear",6250,2,805.75328000000002
"DIVCORE/48/16/17/DIV/top-one",6250,2,833.55999999999995
"DIVCORE/48/16/17/MOD/top-one",6250,2,836.25328000000002
"DIVCORE/48/16/17/DIV/padded",6250,2,749.53999999999996
"DIVCORE/48/16/17/MOD/padded",6250,2,762.67999999999995
"DIVCORE/48/16/17/DIV/add-back",6250,2,869.05344000000002
"DIVCORE/48/16/17/MOD/add-back",6250,2,871.75999999999999
"DIVCORE/48/16/127/DIV/normalized",6250,2,783.04656
"DIVCORE/48/16/127/MOD/normalized",6250,2,783.18655999999999
"DIVCORE/48/16/127/DIV/top-clear",6250,2,824.07344000000001
"DIVCORE/48/16/127/MOD/top-clear",6250,2,795.32000000000005
"DIVCORE/48/16/127/DIV/top-one",6250,2,820.96672000000001
"DIVCORE/48/16/127/MOD/top-one",6250,2,804.63999999999999
"DIVCORE/48/16/127/DIV/padded",6250,2,793.82672000000002
"DIVCORE/48/16/127/MOD/padded",6250,2,793
"DIVCORE/64/16/17/DIV/normalized",5208,2,1130.5842933947772
"DIVCORE/64/16/17/MOD/normalized",5208,2,1151.5456989247311
"DIVCORE/64/16/17/DIV/top-clear",5208,2,1232.7668970814132
"DIVCORE/64/16/17/MOD/top-clear",5208,2,1208.9013056835638
"DIVCORE/64/16/17/DIV/top-one",5208,2,1229.3988095238096
"DIVCORE/64/16/17/MOD/top-one",5208,2,1240.2793778801843
"DIVCORE/64/16/17/DIV/padded",5208,2,1142.9932795698924
"DIVCORE/64/16/17/MOD/padded",5208,2,1148.5455069124423
"DIVCORE/64/16/17/DIV/add-back",5208,2,1327.2448156682028
"DIVCORE/64/16/17/MOD/add-back",5208,2,1274.6975806451612
"DIVCORE/64/16/127/DIV/normalized",5208,2,1183.1557219662059
"DIVCORE/64/16/127/MOD/normalized",5208,2,1182.403801843318
"DIVCORE/64/16/127/DIV/top-clear",5208,2,1224.8143241167434
"DIVCORE/64/16/127/MOD/top-clear",5208,2,1196.9886712749617
"DIVCORE/64/16/127/DIV/top-one",5208,2,1206.0771889400921
"DIVCORE/64/16/127/MOD/top-one",5208,2,1220.2219662058371
"DIVCORE/64/16/127/DIV/padded",5208,2,1187.5480030721967
"DIVCORE/64/16/127/MOD/padded",5208,2,1194.7964669738863
"DIVCORE/1040/16/17/DIV/normalized",466,2,24604.791845493561
"DIVCORE/1040/16/17/MOD/normalized",418,2,24881.976076555024
"DIVCORE/1040/16/17/DIV/top-clear",466,2,26382.8669527897
"DIVCORE/1040/16/17/MOD/top-clear",466,2,26815.987124463518
"DIVCORE/1040/16/17/DIV/top-one",376,2,25487.811170212764
"DIVCORE/1040/16/17/MOD/top-one",383,2,25803.308093994779
"DIVCORE/1040/16/17/DIV/padded",466,2,25024.231759656654
"DIVCORE/1040/16/17/MOD/padded",466,2,25126.341201716739
"DIVCORE/1040/16/17/DIV/add-back",466,2,27599.963519313304
"DIVCORE/1040/16/17/MOD/add-back",466,2,27736.497854077254
"DIVCORE/1040/16/127/DIV/normalized",372,2,27905.465053763441
"DIVCORE/1040/16/127/MOD/normalized",375,2,27883.887999999999
"DIVCORE/1040/16/127/DIV/top-clear",367,2,27654.291553133517
"DIVCORE/1040/16/127/MOD/top-clear",466,2,27544.615879828325
"DIVCORE/1040/16/127/DIV/top-one",466,2,25328.414163090129
"DIVCORE/1040/16/127/MOD/top-one",400,2,24930
"DIVCORE/1040/16/127/DIV/padded",466,2,27495.886266094421
"DIVCORE/1040/16/127/MOD/padded",376,2,27783.688829787236
"DIVCORE/31/32/17/DIV/normalized",6329,2,7.3602464844367201
"DIVCORE/31/32/17/MOD/normalized",6329,2,5.9909938378890821
"DIVCORE/31/32/17/DIV/top-clear",6329,2,6.4847527255490602
"DIVCORE/31/32/17/MOD/top-clear",6329,2,6.6163690946437033
"DIVCORE/31/32/17/DIV/top-one",6329,2,6.5043450782114078
"DIVCORE/31/32/17/MOD/top-one",6329,2,7.0180123242218357
"DIVCORE/31/32/17/DIV/padded",6329,2,7.5381576868383631
"DIVCORE/31/32/17/MOD/padded",6329,2,7.3009954179175223
"DIVCORE/31/32/127/DIV/normalized",6329,2,7.6038868699636595
"DIVCORE/31/32/127/MOD/normalized",6329,2,6.576868383630905
"DIVCORE/31/32/127/DIV/top-clear",6329,2,7.7486174751145525
"DIVCORE/31/32/127/MOD/top-clear",6329,2,6.9652393743087373
"DIVCORE/31/32/127/DIV/top-one",6329,2,7.5184073313319644
"DIVCORE/31/32/127/MOD/top-one",6329,2,6.4847527255490602
"DIVCORE/31/32/127/DIV/padded",6329,2,6.7151208721756994
"DIVCORE/31/32/127/MOD/padded",6329,2,7.1034918628535317
"DIVCORE/32/32/17/DIV/normalized",6250,2,42.240000000000002
"DIVCORE/32/32/17/MOD/normalized",6250,2,38.439999999999998
"DIVCORE/32/32/17/DIV/top-clear",6250,2,64.060000000000002
"DIVCORE/32/32/17/MOD/top-clear",6250,2,69.166719999999998
"DIVCORE/32/32/17/DIV/top-one",6250,2,65
"DIVCORE/32/32/17/MOD/top-one",6250,2,70.846559999999997
"DIVCORE/32/32/17/DIV/padded",6250,2,43.393279999999997
"DIVCORE/32/32/17/MOD/padded",6250,2,36.420000000000002
"DIVCORE/32/32/127/DIV/normalized",6250,2,39.140000000000001
"DIVCORE/32/32/127/MOD/normalized",6250,2,39.373440000000002
"DIVCORE/32/32/127/DIV/top-clear",6250,2,61.086559999999999
"DIVCORE/32/32/127/MOD/top-clear",6250,2,68.340000000000003
"DIVCORE/32/32/127/DIV/top-one",6250,2,64.799999999999997
"DIVCORE/32/32/127/MOD/top-one",6250,2,70.406720000000007
"DIVCORE/32/32/127/DIV/padded",6250,2,42.626719999999999
"DIVCORE/32/32/127/MOD/padded",6250,2,42
"DIVCORE/33/32/17/DIV/normalized",6172,2,51.529812054439404
"DIVCORE/33/32/17/MOD/normalized",6172,2,45.231205443940375
"DIVCORE/33/32/17/DIV/top-clear",6172,2,105.42222942320156
"DIVCORE/33/32/17/MOD/top-clear",6172,2,111.55217109526896
"DIVCORE/33/32/17/DIV/top-one",6172,2,107.87297472456254
"DIVCORE/33/32/17/MOD/top-one",6172,2,111.84915748541802
"DIVCORE/33/32/17/DIV/padded",6172,2,51.225858716785481
"DIVCORE/33/32/17/MOD/padded",6172,2,49.254698639014904
"DIVCORE/33/32/17/DIV/add-back",6172,2,65.963220998055732
"DIVCORE/33/32/17/MOD/add-back",6172,2,59.104342190537913
"DIVCORE/33/32/127/DIV/normalized",6172,2,82.67174335709656
"DIVCORE/33/32/127/MOD/normalized",6172,2,78.040667530784191
"DIVCORE/33/32/127/DIV/top-clear",6172,2,106.12443292287752
"DIVCORE/33/32/127/MOD/top-clear",6172,2,111.37670123136746
"DIVCORE/33/32/127/DIV/top-one",6172,2,106.3201555411536
"DIVCORE/33/32/127/MOD/top-one",6172,2,111.16736876215165
"DIVCORE/33/32/127/DIV/padded",6172,2,88.734121840570324
"DIVCORE/33/32/127/MOD/padded",6172,2,76.366493843162672
"DIVCORE/64/32/17/DIV/normalized",4464,2,1304.9115143369177
"DIVCORE/64/32/17/MOD/normalized",4464,2,1315.2349910394266
"DIVCORE/64/32/17/DIV/top-clear",4464,2,1396.6639784946237
"DIVCORE/64/32/17/MOD/top-clear",4464,2,1407.3140681003583
"DIVCORE/64/32/17/DIV/top-one",4464,2,1366.5340501792114
"DIVCORE/64/32/17/MOD/top-one",4464,2,1364.7233422939069
"DIVCORE/64/32/17/DIV/padded",4464,2,1291.6946684587813
"DIVCORE/64/32/17/MOD/padded",4464,2,1313.0600358422939
"DIVCORE/64/32/17/DIV/add-back",4464,2,1600.3584229390681
"DIVCORE/64/32/17/MOD/add-back",4464,2,1657.5660842293908
"DIVCORE/64/32/127/DIV/normalized",4464,2,1320.1164874551971
"DIVCORE/64/32/127/MOD/normalized",4464,2,1307.1704749103942
"DIVCORE/64/32/127/DIV/top-clear",4464,2,1365.8900089605734
"DIVCORE/64/32/127/MOD/top-clear",4464,2,1373.3198924731182
"DIVCORE/64/32/127/DIV/top-one",4464,2,1335.5826612903227
"DIVCORE/64/32/127/MOD/top-one",4464,2,1341.7710573476702
"DIVCORE/64/32/127/DIV/padded",4464,2,1314.7401433691757
"DIVCORE/64/32/127/MOD/padded",4464,2,1338.1682347670251
"DIVCORE/128/32/17/DIV/normalized",2425,2,3998.0239175257734
"DIVCORE/128/32/17/MOD/normalized",2840,2,4027.0102112676054
"DIVCORE/128/32/17/DIV/top-clear",2364,2,4129.6353637901857
"DIVCORE/128/32/17/MOD/top-clear",2840,2,4201.9221830985916
"DIVCORE/128/32/17/DIV/top-one",2840,2,3816.5052816901407
"DIVCORE/128/32/17/MOD/top-one",2670,2,3867.9617977528092
"DIVCORE/128/32/17/DIV/padded",2840,2,3952.2154929577464
"DIVCORE/128/32/17/MOD/padded",2599,2,3996.2323970757984
"DIVCORE/128/32/17/DIV/add-back",2131,2,4530.5021116846547
"DIVCORE/128/32/17/MOD/add-back",2133,2,4740.4866385372716
"DIVCORE/128/32/127/DIV/normalized",2643,2,3968.5962920923193
"DIVCORE/128/32/127/MOD/normalized",2840,2,3997.9605633802817
"DIVCORE/128/32/127/DIV/top-clear",2840,2,4167.5764084507045
"DIVCORE/128/32/127/MOD/top-clear",2840,2,4181.1327464788728
"DIVCORE/128/32/127/DIV/top-one",2514,2,4122.8452665075574
"DIVCORE/128/32/127/MOD/top-one",2840,2,4110.1672535211264
"DIVCORE/128/32/127/DIV/padded",2557,2,4036.4196323816973
"DIVCORE/128/32/127/MOD/padded",2525,2,4018.5477227722772
"DIVCORE/1056/32/17/DIV/normalized",221,2,45660.447963800907
"DIVCORE/1056/32/17/MOD/normalized",220,2,43477.272727272728
"DIVCORE/1056/32/17/DIV/top-clear",229,2,45031.659388646287
"DIVCORE/1056/32/17/MOD/top-clear",228,2,45448.82894736842
"DIVCORE/1056/32/17/DIV/top-one",252,2,40485.615079365081
"DIVCORE/1056/32/17/MOD/top-one",452,2,40215.893805309737
"DIVCORE/1056/32/17/DIV/padded",216,2,44265.240740740737
"DIVCORE/1056/32/17/MOD/padded",438,2,45664.860730593609
"DIVCORE/1056/32/17/DIV/add-back",396,2,50208.436868686869
"DIVCORE/1056/32/17/MOD/add-back",196,2,53590.352040816324
"DIVCORE/1056/32/127/DIV/normalized",438,2,43176.559360730593
"DIVCORE/1056/32/127/MOD/normalized",452,2,41836.466814159292
"DIVCORE/1056/32/127/DIV/top-clear",436,2,45073.967889908257
"DIVCORE/1056/32/127/MOD/top-clear",219,2,45154.109589041094
"DIVCORE/1056/32/127/DIV/top-one",228,2,45904.42105263158
"DIVCORE/1056/32/127/MOD/top-one",219,2,45249.242009132417
"DIVCORE/1056/32/127/DIV/padded",452,2,42281.159292035401
"DIVCORE/1056/32/127/MOD/padded",452,2,42096.884955752212
"DIVCORE/63/64/17/DIV/normalized",3496,2,8.0211670480549202
"DIVCORE/63/64/17/MOD/normalized",3496,2,8.1044050343249427
"DIVCORE/63/64/17/DIV/top-clear",3496,2,8.1641876430205951
"DIVCORE/63/64/17/MOD/top-clear",3496,2,6.8409610983981697
"DIVCORE/63/64/17/DIV/top-one",3496,2,8.1401601830663619
"DIVCORE/63/64/17/MOD/top-one",3496,2,6.8887299771167045
"DIVCORE/63/64/17/DIV/padded",3496,2,7.5563501144164764
"DIVCORE/63/64/17/MOD/padded",3496,2,6.9127574370709386
"DIVCORE/63/64/127/DIV/normalized",3496,2,7.7113844393592679
"DIVCORE/63/64/127/MOD/normalized",3496,2,7.4370709382151032
"DIVCORE/63/64/127/DIV/top-clear",3496,2,7.6038329519450798
"DIVCORE/63/64/127/MOD/top-clear",3496,2,6.5074370709382148
"DIVCORE/63/64/127/DIV/top-one",3496,2,7.8661327231121279
"DIVCORE/63/64/127/MOD/top-one",3496,2,7.0200228832951943
"DIVCORE/63/64/127/DIV/padded",3496,2,7.639588100686499
"DIVCORE/63/64/127/MOD/padded",3496,2,7.2105263157894735
"DIVCORE/64/64/17/DIV/normalized",3472,2,23.473502304147466
"DIVCORE/64/64/17/MOD/normalized",3472,2,14.760944700460829
"DIVCORE/64/64/17/DIV/top-clear",3472,2,125.62413594470046
"DIVCORE/64/64/17/MOD/top-clear",3472,2,135.0325460829493
"DIVCORE/64/64/17/DIV/top-one",3472,2,126.19988479262673
"DIVCORE/64/64/17/MOD/top-one",3472,2,134.40869815668202
"DIVCORE/64/64/17/DIV/padded",3472,2,20.941532258064516
"DIVCORE/64/64/17/MOD/padded",3472,2,16.09302995391705
"DIVCORE/64/64/127/DIV/normalized",3472,2,81.917338709677423
"DIVCORE/64/64/127/MOD/normalized",3472,2,71.188652073732726
"DIVCORE/64/64/127/DIV/top-clear",3472,2,124.42396313364056
"DIVCORE/64/64/127/MOD/top-clear",3472,2,132.52448156682027
"DIVCORE/64/64/127/DIV/top-one",3472,2,126.77620967741936
"DIVCORE/64/64/127/MOD/top-one",3472,2,132.89660138248848
"DIVCORE/64/64/127/DIV/padded",3472,2,80.657258064516128
"DIVCORE/64/64/127/MOD/padded",3472,2,70.456509216589865
"DIVCORE/65/64/17/DIV/normalized",3448,2,150.64298143851508
"DIVCORE/65/64/17/MOD/normalized",3448,2,140.05713457076567
"DIVCORE/65/64/17/DIV/top-clear",3448,2,193.85643851508121
"DIVCORE/65/64/17/MOD/top-clear",3448,2,205.05858468677494
"DIVCORE/65/64/17/DIV/top-one",3448,2,193.07076566125289
"DIVCORE/65/64/17/MOD/top-one",3448,2,206.25493039443157
"DIVCORE/65/64/17/DIV/padded",3448,2,150.41328306264501
"DIVCORE/65/64/17/MOD/padded",3448,2,138.46171693735499
"DIVCORE/65/64/17/DIV/add-back",3448,2,119.76769141531322
"DIVCORE/65/64/17/MOD/add-back",3448,2,112.22679814385151
"DIVCORE/65/64/127/DIV/normalized",3448,2,152.14124129930394
"DIVCORE/65/64/127/MOD/normalized",3448,2,137.16908352668213
"DIVCORE/65/64/127/DIV/top-clear",3448,2,192.35788863109047
"DIVCORE/65/64/127/MOD/top-clear",3448,2,206.33932714617168
"DIVCORE/65/64/127/DIV/top-one",3448,2,195.93503480278423
"DIVCORE/65/64/127/MOD/top-one",3448,2,207.95881670533643
"DIVCORE/65/64/127/DIV/padded",3448,2,148.91502320185614
"DIVCORE/65/64/127/MOD/padded",3448,2,138.0872969837587
"DIVCORE/96/64/17/DIV/normalized",2840,2,2344.6010563380282
"DIVCORE/96/64/17/MOD/normalized",2840,2,2324.5306338028167
"DIVCORE/96/64/17/DIV/top-clear",2840,2,2512.1771126760564
"DIVCORE/96/64/17/MOD/top-clear",2840,2,2514.788732394366
"DIVCORE/96/64/17/DIV/top-one",2840,2,2403.7559859154931
"DIVCORE/96/64/17/MOD/top-one",2840,2,2429.9147887323943
"DIVCORE/96/64/17/DIV/padded",2840,2,2335.4021126760563
"DIVCORE/96/64/17/MOD/padded",2840,2,2339.7595070422535
"DIVCORE/96/64/17/DIV/add-back",2840,2,3290.3169014084506
"DIVCORE/96/64/17/MOD/add-back",2840,2,3179.8711267605636
"DIVCORE/96/64/127/DIV/normalized",2840,2,2237.6464788732396
"DIVCORE/96/64/127/MOD/normalized",2840,2,2271.2732394366199
"DIVCORE/96/64/127/DIV/top-clear",2840,2,2423.2538732394364
"DIVCORE/96/64/127/MOD/top-clear",2840,2,2297.2711267605632
"DIVCORE/96/64/127/DIV/top-one",2840,2,2396.2147887323945
"DIVCORE/96/64/127/MOD/top-one",2840,2,2425.2200704225352
"DIVCORE/96/64/127/DIV/padded",2840,2,2319.8651408450705
"DIVCORE/96/64/127/MOD/padded",2840,2,2311.736971830986
"DIVCORE/128/64/17/DIV/normalized",2403,2,4684.1273408239704
"DIVCORE/128/64/17/MOD/normalized",2125,2,4703.9411764705883
"DIVCORE/128/64/17/DIV/top-clear",2403,2,4728.0312109862671
"DIVCORE/128/64/17/MOD/top-clear",2403,2,4687.6475239284227
"DIVCORE/128/64/17/DIV/top-one",2403,2,4812.3528922180603
"DIVCORE/128/64/17/MOD/top-one",2403,2,4821.2301290054102
"DIVCORE/128/64/17/DIV/padded",2119,2,4740.738555922605
"DIVCORE/128/64/17/MOD/padded",2215,2,4644.4130925507898
"DIVCORE/128/64/17/DIV/add-back",1542,2,6237.6511024643323
"DIVCORE/128/64/17/MOD/add-back",2403,2,6337.4773200166455
"DIVCORE/128/64/127/DIV/normalized",2150,2,4576.0079069767444
"DIVCORE/128/64/127/MOD/normalized",2403,2,4533.1527257594671
"DIVCORE/128/64/127/DIV/top-clear",2047,2,4809.5383488031266
"DIVCORE/128/64/127/MOD/top-clear",2024,2,4830.86314229249
"DIVCORE/128/64/127/DIV/top-one",2403,2,4782.3724511027885
"DIVCORE/128/64/127/MOD/top-one",2059,2,4797.6163186012627
"DIVCORE/128/64/127/DIV/padded",2117,2,4669.6386395843174
"DIVCORE/128/64/127/MOD/padded",2228,2,4610.7122980251343
"DIVCORE/256/64/17/DIV/normalized",1024,2,14254.353515625
"DIVCORE/256/64/17/MOD/normalized",1024,2,14018.310546875
"DIVCORE/256/64/17/DIV/top-clear",1024,2,13686.80859375
"DIVCORE/256/64/17/MOD/top-clear",1024,2,13650.634765625
"DIVCORE/256/64/17/DIV/top-one",1024,2,14256.4697265625
"DIVCORE/256/64/17/MOD/top-one",1024,2,14391.9267578125
"DIVCORE/256/64/17/DIV/padded",1024,2,14179.2802734375
"DIVCORE/256/64/17/MOD/padded",1024,2,14162.39453125
"DIVCORE/256/64/17/DIV/add-back",1024,2,19114.2578125
"DIVCORE/256/64/17/MOD/add-back",1010,2,19043.152475247523
"DIVCORE/256/64/127/DIV/normalized",1024,2,14036.05078125
"DIVCORE/256/64/127/MOD/normalized",1024,2,14085.490234375
"DIVCORE/256/64/127/DIV/top-clear",1024,2,14014.4853515625
"DIVCORE/256/64/127/MOD/top-clear",1024,2,13806.92578125
"DIVCORE/256/64/127/DIV/top-one",1024,2,14312.296875
"DIVCORE/256/64/127/MOD/top-one",1024,2,14394.328125
"DIVCORE/256/64/127/DIV/padded",1024,2,14389.0380859375
"DIVCORE/256/64/127/MOD/padded",1024,2,14351.3583984375
"DIVCORE/1088/64/17/DIV/normalized",135,2,77921.911111111112
"DIVCORE/1088/64/17/MOD/normalized",256,2,77842.609375
"DIVCORE/1088/64/17/DIV/top-clear",268,2,71415.57835820895
"DIVCORE/1088/64/17/MOD/top-clear",266,2,72267.229323308275
"DIVCORE/1088/64/17/DIV/top-one",260,2,75916.669230769228
"DIVCORE/1088/64/17/MOD/top-one",130,2,76858.330769230772
"DIVCORE/1088/64/17/DIV/padded",129,2,76121.124031007756
"DIVCORE/1088/64/17/MOD/padded",130,2,77125
"DIVCORE/1088/64/17/DIV/add-back",128,2,101307.9375
"DIVCORE/1088/64/17/MOD/add-back",128,2,101757.484375
"DIVCORE/1088/64/127/DIV/normalized",130,2,76576.607692307691
"DIVCORE/1088/64/127/MOD/normalized",130,2,75734.930769230763
"DIVCORE/1088/64/127/DIV/top-clear",131,2,74332.374045801524
"DIVCORE/1088/64/127/MOD/top-clear",139,2,75581.532374100716
"DIVCORE/1088/64/127/DIV/top-one",133,2,74888.473684210519
"DIVCORE/1088/64/127/MOD/top-one",133,2,75842.41353383458
"DIVCORE/1088/64/127/DIV/padded",130,2,78919.869230769225
"DIVCORE/1088/64/127/MOD/padded",131,2,83381.67938931298
"DIVCORE/65536/64/17/DIV/normalized",3,2,4911069.333333333
"DIVCORE/65536/64/17/MOD/normalized",3,2,4849152.666666667
"DIVCORE/65536/64/17/DIV/top-one",3,2,4864000
"DIVCORE/65536/64/17/MOD/top-one",3,2,4908319.333333333
"DIVCORE/65536/64/17/DIV/add-back",2,2,6505562.5
"DIVCORE/65536/64/17/MOD/add-back",2,2,6480354.5
"DIVCORE/500000/64/17/DIV/normalized",1,2,37195583
"DIVCORE/500000/64/17/MOD/normalized",1,2,37488291
"DIVCORE/500000/64/17/DIV/top-one",1,2,37978125
"DIVCORE/500000/64/17/MOD/top-one",1,2,36896042
"DIVCORE/500000/64/17/DIV/add-back",1,2,49160916
"DIVCORE/500000/64/17/MOD/add-back",1,2,50245000
"DIVCORE/127/128/17/DIV/normalized",1845,2,6.255826558265583
"DIVCORE/127/128/17/MOD/normalized",1845,2,5.9620596205962055
"DIVCORE/127/128/17/DIV/top-clear",1845,2,6.07479674796748
"DIVCORE/127/128/17/MOD/top-clear",1845,2,5.9398373983739834
"DIVCORE/127/128/17/DIV/top-one",1845,2,6.0525745257452579
"DIVCORE/127/128/17/MOD/top-one",1845,2,5.8265582655826558
"DIVCORE/127/128/17/DIV/padded",1845,2,6.07479674796748
"DIVCORE/127/128/17/MOD/padded",1845,2,9.2368563685636857
"DIVCORE/127/128/127/DIV/normalized",1845,2,5.2617886178861788
"DIVCORE/127/128/127/MOD/normalized",1845,2,6.3008130081300813
"DIVCORE/127/128/127/DIV/top-clear",1845,2,6.2102981029810298
"DIVCORE/127/128/127/MOD/top-clear",1845,2,6.255826558265583
"DIVCORE/127/128/127/DIV/top-one",1845,2,5.9170731707317072
"DIVCORE/127/128/127/MOD/top-one",1845,2,5.8037940379403796
"DIVCORE/127/128/127/DIV/padded",1845,2,6.07479674796748
"DIVCORE/127/128/127/MOD/padded",1845,2,5.3295392953929541
"DIVCORE/128/128/17/DIV/normalized",1838,2,29.288900979325355
"DIVCORE/128/128/17/MOD/normalized",1838,2,13.352557127312297
"DIVCORE/128/128/17/DIV/top-clear",1838,2,234.38084874863983
"DIVCORE/128/128/17/MOD/top-clear",1838,2,262.87595212187159
"DIVCORE/128/128/17/DIV/top-one",1838,2,241.9298150163221
"DIVCORE/128/128/17/MOD/top-one",1838,2,265.93634385201307
"DIVCORE/128/128/17/DIV/padded",1838,2,29.83297062023939
"DIVCORE/128/128/17/MOD/padded",1838,2,14.825897714907509
"DIVCORE/128/128/127/DIV/normalized",1838,2,145.08541893362352
"DIVCORE/128/128/127/MOD/normalized",1838,2,138.39771490750817
"DIVCORE/128/128/127/DIV/top-clear",1838,2,231.34330794341676
"DIVCORE/128/128/127/MOD/top-clear",1838,2,265.14309031556041
"DIVCORE/128/128/127/DIV/top-one",1838,2,233.54189336235038
"DIVCORE/128/128/127/MOD/top-one",1838,2,262.15125136017411
"DIVCORE/128/128/127/DIV/padded",1838,2,147.71490750816105
"DIVCORE/128/128/127/MOD/padded",1838,2,139.48585418933624
"DIVCORE/129/128/17/DIV/normalized",1831,2,289.75532495903877
"DIVCORE/129/128/17/MOD/normalized",1831,2,277.33042053522666
"DIVCORE/129/128/17/DIV/top-clear",1831,2,376.54724194429275
"DIVCORE/129/128/17/MOD/top-clear",1831,2,403.2408519934462
"DIVCORE/129/128/17/DIV/top-one",1831,2,376.3429819770617
"DIVCORE/129/128/17/MOD/top-one",1831,2,406.85909339158928
"DIVCORE/129/128/17/DIV/padded",1831,2,287.22883670125617
"DIVCORE/129/128/17/MOD/padded",1831,2,286.43255051884216
"DIVCORE/129/128/17/DIV/add-back",1831,2,247.31458219552158
"DIVCORE/129/128/17/MOD/add-back",1831,2,237.64336428181321
"DIVCORE/129/128/127/DIV/normalized",1831,2,276.64773347897324
"DIVCORE/129/128/127/MOD/normalized",1831,2,283.83833970507919
"DIVCORE/129/128/127/DIV/top-clear",1831,2,375.50081922446748
"DIVCORE/129/128/127/MOD/top-clear",1831,2,406.22173675587112
"DIVCORE/129/128/127/DIV/top-one",1831,2,373.47515019115235
"DIVCORE/129/128/127/MOD/top-one",1831,2,398.37083560895684
"DIVCORE/129/128/127/DIV/padded",1831,2,286.06826870562531
"DIVCORE/129/128/127/MOD/padded",1831,2,278.19497542326599
"DIVCORE/160/128/17/DIV/normalized",1644,2,4405.4641119221415
"DIVCORE/160/128/17/MOD/normalized",1644,2,4391.2712895377126
"DIVCORE/160/128/17/DIV/top-clear",1644,2,4623.2262773722632
"DIVCORE/160/128/17/MOD/top-clear",1644,2,4699.3108272506079
"DIVCORE/160/128/17/DIV/top-one",1644,2,4572.2828467153286
"DIVCORE/160/128/17/MOD/top-one",1644,2,4480.5608272506079
"DIVCORE/160/128/17/DIV/padded",1644,2,4387.1654501216544
"DIVCORE/160/128/17/MOD/padded",1644,2,4366.3321167883214
"DIVCORE/160/128/17/DIV/add-back",1393,2,6488.4544149318017
"DIVCORE/160/128/17/MOD/add-back",1644,2,6543.3138686131388
"DIVCORE/160/128/127/DIV/normalized",1644,2,4279.0450121654503
"DIVCORE/160/128/127/MOD/normalized",1644,2,4344.6119221411191
"DIVCORE/160/128/127/DIV/top-clear",1644,2,4524.0523114355228
"DIVCORE/160/128/127/MOD/top-clear",1644,2,4520.8077858880779
"DIVCORE/160/128/127/DIV/top-one",1644,2,4623.4288321167887
"DIVCORE/160/128/127/MOD/top-one",1644,2,4662.7128953771289
"DIVCORE/160/128/127/DIV/padded",1644,2,4315.7439172749391
"DIVCORE/160/128/127/MOD/padded",1644,2,4379.0298053527977
"DIVCORE/256/128/17/DIV/normalized",1024,2,17240.966796875
"DIVCORE/256/128/17/MOD/normalized",1024,2,17245.3203125
"DIVCORE/256/128/17/DIV/top-clear",1024,2,17582.4794921875
"DIVCORE/256/128/17/MOD/top-clear",1024,2,17497.3955078125
"DIVCORE/256/128/17/DIV/top-one",1024,2,17220.1748046875
"DIVCORE/256/128/17/MOD/top-one",1024,2,17681.396484375
"DIVCORE/256/128/17/DIV/padded",1024,2,17487.833984375
"DIVCORE/256/128/17/MOD/padded",1024,2,17566.609375
"DIVCORE/256/128/17/DIV/add-back",748,2,26890.094919786097
"DIVCORE/256/128/17/MOD/add-back",750,2,26908.333333333332
"DIVCORE/256/128/127/DIV/normalized",1024,2,16959.6767578125
"DIVCORE/256/128/127/MOD/normalized",1024,2,17128.7841796875
"DIVCORE/256/128/127/DIV/top-clear",1024,2,17290.8935546875
"DIVCORE/256/128/127/MOD/top-clear",1024,2,17335.978515625
"DIVCORE/256/128/127/DIV/top-one",1024,2,17723.876953125
"DIVCORE/256/128/127/MOD/top-one",1024,2,17894.53125
"DIVCORE/256/128/127/DIV/padded",1024,2,17372.4365234375
"DIVCORE/256/128/127/MOD/padded",1024,2,17270.4677734375
"DIVCORE/512/128/17/DIV/normalized",199,2,52119.346733668339
"DIVCORE/512/128/17/MOD/normalized",384,2,52252.278645833336
"DIVCORE/512/128/17/DIV/top-clear",384,2,51590.278645833336
"DIVCORE/512/128/17/MOD/top-clear",197,2,51040.822335025383
"DIVCORE/512/128/17/DIV/top-one",192,2,52105.6875
"DIVCORE/512/128/17/MOD/top-one",193,2,53017.269430051812
"DIVCORE/512/128/17/DIV/padded",384,2,53183.703125
"DIVCORE/512/128/17/MOD/padded",192,2,56868.708333333336
"DIVCORE/512/128/17/DIV/add-back",131,2,81462.473282442748
"DIVCORE/512/128/17/MOD/add-back",128,2,77876.3046875
"DIVCORE/512/128/127/DIV/normalized",197,2,51320.010152284267
"DIVCORE/512/128/127/MOD/normalized",192,2,50656.463541666664
"DIVCORE/512/128/127/DIV/top-clear",193,2,51541.663212435233
"DIVCORE/512/128/127/MOD/top-clear",330,2,51268.684848484845
"DIVCORE/512/128/127/DIV/top-one",382,2,55496.837696335082
"DIVCORE/512/128/127/MOD/top-one",372,2,57049.731182795702
"DIVCORE/512/128/127/DIV/padded",376,2,57774.047872340423
"DIVCORE/512/128/127/MOD/padded",200,2,52713.125
"DIVCORE/1152/128/17/DIV/normalized",128,2,137587.2421875
"DIVCORE/1152/128/17/MOD/normalized",128,2,137980.140625
"DIVCORE/1152/128/17/DIV/top-clear",128,2,139721.6796875
"DIVCORE/1152/128/17/MOD/top-clear",128,2,139688.1484375
"DIVCORE/1152/128/17/DIV/top-one",128,2,139521.484375
"DIVCORE/1152/128/17/MOD/top-one",128,2,140609.703125
"DIVCORE/1152/128/17/DIV/padded",128,2,140613.9296875
"DIVCORE/1152/128/17/MOD/padded",128,2,135106.765625
"DIVCORE/1152/128/17/DIV/add-back",46,2,208216.47826086957
"DIVCORE/1152/128/17/MOD/add-back",94,2,207443.25531914894
"DIVCORE/1152/128/127/DIV/normalized",128,2,135905.2734375
"DIVCORE/1152/128/127/MOD/normalized",128,2,135692.0546875
"DIVCORE/1152/128/127/DIV/top-clear",128,2,137819.0078125
"DIVCORE/1152/128/127/MOD/top-clear",128,2,137342.7734375
"DIVCORE/1152/128/127/DIV/top-one",128,2,141303.390625
"DIVCORE/1152/128/127/MOD/top-one",128,2,140355.46875
"DIVCORE/1152/128/127/DIV/padded",128,2,137169.6015625
"DIVCORE/1152/128/127/MOD/padded",128,2,136933.265625
"DIVCORE/255/256/17/DIV/normalized",948,2,8.745780590717299
"DIVCORE/255/256/17/MOD/normalized",948,2,7.6044303797468356
"DIVCORE/255/256/17/DIV/top-clear",948,2,6.8122362869198314
"DIVCORE/255/256/17/MOD/top-clear",948,2,9.4493670886075947
"DIVCORE/255/256/17/DIV/top-one",948,2,7.340717299578059
"DIVCORE/255/256/17/MOD/top-one",948,2,7.0770042194092824
"DIVCORE/255/256/17/DIV/padded",948,2,9.3618143459915615
"DIVCORE/255/256/17/MOD/padded",948,2,7.9989451476793247
"DIVCORE/255/256/127/DIV/normalized",948,2,7.6919831223628696
"DIVCORE/255/256/127/MOD/normalized",948,2,7.2953586497890299
"DIVCORE/255/256/127/DIV/top-clear",948,2,5.537974683544304
"DIVCORE/255/256/127/MOD/top-clear",948,2,7.7352320675105481
"DIVCORE/255/256/127/DIV/top-one",948,2,6.7246835443037973
"DIVCORE/255/256/127/MOD/top-one",948,2,6.7246835443037973
"DIVCORE/255/256/127/DIV/padded",948,2,7.7362869198312234
"DIVCORE/255/256/127/MOD/padded",948,2,6.8997890295358646
"DIVCORE/256/256/17/DIV/normalized",946,2,266.2526427061311
"DIVCORE/256/256/17/MOD/normalized",946,2,277.57188160676532
"DIVCORE/256/256/17/DIV/top-clear",946,2,426.35729386892177
"DIVCORE/256/256/17/MOD/top-clear",946,2,520.92071881606762
"DIVCORE/256/256/17/DIV/top-one",946,2,468.15539112050737
"DIVCORE/256/256/17/MOD/top-one",946,2,521.62684989429181
"DIVCORE/256/256/17/DIV/padded",946,2,290.08033826638479
"DIVCORE/256/256/17/MOD/padded",946,2,256.5634249471459
"DIVCORE/256/256/127/DIV/normalized",946,2,278.49682875264273
"DIVCORE/256/256/127/MOD/normalized",946,2,284.13530655391122
"DIVCORE/256/256/127/DIV/top-clear",946,2,477.00845665961947
"DIVCORE/256/256/127/MOD/top-clear",946,2,544.0887949260042
"DIVCORE/256/256/127/DIV/top-one",946,2,460.49154334038053
"DIVCORE/256/256/127/MOD/top-one",946,2,525.72198731501055
"DIVCORE/256/256/127/DIV/padded",946,2,291.66701902748412
"DIVCORE/256/256/127/MOD/padded",946,2,307.87526427061312
"DIVCORE/257/256/17/DIV/normalized",945,2,549.29523809523812
"DIVCORE/257/256/17/MOD/normalized",945,2,519.93015873015872
"DIVCORE/257/256/17/DIV/top-clear",945,2,732.93650793650795
"DIVCORE/257/256/17/MOD/top-clear",945,2,776.14708994708997
"DIVCORE/257/256/17/DIV/top-one",945,2,696.07513227513232
"DIVCORE/257/256/17/MOD/top-one",945,2,773.19259259259263
"DIVCORE/257/256/17/DIV/padded",945,2,536.72804232804231
"DIVCORE/257/256/17/MOD/padded",945,2,543.16507936507935
"DIVCORE/257/256/17/DIV/add-back",945,2,466.88783068783067
"DIVCORE/257/256/17/MOD/add-back",945,2,470.67936507936508
"DIVCORE/257/256/127/DIV/normalized",945,2,537.52169312169315
"DIVCORE/257/256/127/MOD/normalized",945,2,508.24550264550265
"DIVCORE/257/256/127/DIV/top-clear",945,2,698.54497354497357
"DIVCORE/257/256/127/MOD/top-clear",945,2,763.84444444444443
"DIVCORE/257/256/127/DIV/top-one",945,2,680.11428571428576
"DIVCORE/257/256/127/MOD/top-one",945,2,761.37566137566137
"DIVCORE/257/256/127/DIV/padded",945,2,507.62857142857143
"DIVCORE/257/256/127/MOD/padded",945,2,504.71746031746034
"DIVCORE/288/256/17/DIV/normalized",892,2,8205.2029147982066
"DIVCORE/288/256/17/MOD/normalized",892,2,8160.8744394618834
"DIVCORE/288/256/17/DIV/top-clear",892,2,8363.4159192825118
"DIVCORE/288/256/17/MOD/top-clear",892,2,8581.2780269058294
"DIVCORE/288/256/17/DIV/top-one",892,2,8624.2533632286995
"DIVCORE/288/256/17/MOD/top-one",892,2,8556.2869955156948
"DIVCORE/288/256/17/DIV/padded",892,2,8099.6356502242152
"DIVCORE/288/256/17/MOD/padded",892,2,8007.6143497757848
"DIVCORE/288/256/17/DIV/add-back",892,2,13045.029147982063
"DIVCORE/288/256/17/MOD/add-back",892,2,13139.2466367713
"DIVCORE/288/256/127/DIV/normalized",892,2,8299.0930493273536
"DIVCORE/288/256/127/MOD/normalized",892,2,8112.6681614349773
"DIVCORE/288/256/127/DIV/top-clear",892,2,8351.4573991031393
"DIVCORE/288/256/127/MOD/top-clear",892,2,8477.1121076233176
"DIVCORE/288/256/127/DIV/top-one",892,2,8622.8038116591924
"DIVCORE/288/256/127/MOD/top-one",892,2,8686.705156950673
"DIVCORE/288/256/127/DIV/padded",892,2,8481.6423766816151
"DIVCORE/288/256/127/MOD/padded",892,2,8440.1165919282503
"DIVCORE/512/256/17/DIV/normalized",156,2,65628.205128205125
"DIVCORE/512/256/17/MOD/normalized",310,2,65776.477419354836
"DIVCORE/512/256/17/DIV/top-clear",306,2,65282.408496732023
"DIVCORE/512/256/17/MOD/top-clear",154,2,62400.707792207795
"DIVCORE/512/256/17/DIV/top-one",151,2,65355.960264900663
"DIVCORE/512/256/17/MOD/top-one",151,2,64871.96688741722
"DIVCORE/512/256/17/DIV/padded",152,2,64921.605263157893
"DIVCORE/512/256/17/MOD/padded",152,2,64420.776315789473
"DIVCORE/512/256/17/DIV/add-back",128,2,105276.0390625
"DIVCORE/512/256/17/MOD/add-back",128,2,106775.390625
"DIVCORE/512/256/127/DIV/normalized",308,2,65004.058441558438
"DIVCORE/512/256/127/MOD/normalized",308,2,64864.311688311689
"DIVCORE/512/256/127/DIV/top-clear",161,2,64786.229813664599
"DIVCORE/512/256/127/MOD/top-clear",157,2,64040.337579617837
"DIVCORE/512/256/127/DIV/top-one",154,2,65489.720779220777
"DIVCORE/512/256/127/MOD/top-one",282,2,65438.680851063829
"DIVCORE/512/256/127/DIV/padded",302,2,64070.639072847684
"DIVCORE/512/256/127/MOD/padded",308,2,63679.788961038961
"DIVCORE/1024/256/17/DIV/normalized",51,2,193055.54901960783
"DIVCORE/1024/256/17/MOD/normalized",51,2,192853.76470588235
"DIVCORE/1024/256/17/DIV/top-clear",52,2,193481.57692307694
"DIVCORE/1024/256/17/MOD/top-clear",104,2,190559.29807692306
"DIVCORE/1024/256/17/DIV/top-one",51,2,193558
"DIVCORE/1024/256/17/MOD/top-one",51,2,195398.70588235295
"DIVCORE/1024/256/17/DIV/padded",51,2,191799.01960784313
"DIVCORE/1024/256/17/MOD/padded",51,2,195606.21568627452
"DIVCORE/1024/256/17/DIV/add-back",34,2,313846.82352941175
"DIVCORE/1024/256/17/MOD/add-back",32,2,335572.90625
"DIVCORE/1024/256/127/DIV/normalized",53,2,209360.84905660377
"DIVCORE/1024/256/127/MOD/normalized",102,2,193788.80392156861
"DIVCORE/1024/256/127/DIV/top-clear",53,2,188544.01886792452
"DIVCORE/1024/256/127/MOD/top-clear",54,2,189739.98148148149
"DIVCORE/1024/256/127/DIV/top-one",53,2,192004.71698113208
"DIVCORE/1024/256/127/MOD/top-one",52,2,193798.07692307694
"DIVCORE/1024/256/127/DIV/padded",52,2,191474.34615384616
"DIVCORE/1024/256/127/MOD/padded",52,2,186970.34615384616
"DIVCORE/1280/256/17/DIV/normalized",39,2,258155.97435897434
"DIVCORE/1280/256/17/MOD/normalized",39,2,258244.66666666666
"DIVCORE/1280/256/17/DIV/top-clear",76,2,257709.97368421053
"DIVCORE/1280/256/17/MOD/top-clear",40,2,257713.54999999999
"DIVCORE/1280/256/17/DIV/top-one",39,2,262580.12820512819
"DIVCORE/1280/256/17/MOD/top-one",39,2,262269.23076923075
"DIVCORE/1280/256/17/DIV/padded",39,2,259956.20512820513
"DIVCORE/1280/256/17/MOD/padded",39,2,260501.07692307694
"DIVCORE/1280/256/17/DIV/add-back",24,2,414191
"DIVCORE/1280/256/17/MOD/add-back",24,2,418140.625
"DIVCORE/1280/256/127/DIV/normalized",39,2,254302.35897435897
"DIVCORE/1280/256/127/MOD/normalized",39,2,257018.15384615384
"DIVCORE/1280/256/127/DIV/top-clear",39,2,251313.05128205128
"DIVCORE/1280/256/127/MOD/top-clear",39,2,252978.61538461538
"DIVCORE/1280/256/127/DIV/top-one",76,2,256939.68421052632
"DIVCORE/1280/256/127/MOD/top-one",40,2,254041.64999999999
"DIVCORE/1280/256/127/DIV/padded",39,2,255534.20512820513
"DIVCORE/1280/256/127/MOD/padded",39,2,259454.05128205128
"DIVCORE/1023/1024/17/DIV/normalized",484,2,7.3181818181818183
"DIVCORE/1023/1024/17/MOD/normalized",484,2,6.1115702479338845
"DIVCORE/1023/1024/17/DIV/top-clear",484,2,6.026859504132231
"DIVCORE/1023/1024/17/MOD/top-clear",484,2,6.4586776859504136
"DIVCORE/1023/1024/17/DIV/top-one",484,2,6.026859504132231
"DIVCORE/1023/1024/17/MOD/top-one",484,2,5.5950413223140494
"DIVCORE/1023/1024/17/DIV/padded",484,2,6.3698347107438016
"DIVCORE/1023/1024/17/MOD/padded",484,2,6.0247933884297522
"DIVCORE/1023/1024/127/DIV/normalized",484,2,7.0578512396694215
"DIVCORE/1023/1024/127/MOD/normalized",484,2,8.7789256198347108
"DIVCORE/1023/1024/127/DIV/top-clear",484,2,5.8533057851239674
"DIVCORE/1023/1024/127/MOD/top-clear",484,2,5.4214876033057848
"DIVCORE/1023/1024/127/DIV/top-one",484,2,5.6818181818181817
"DIVCORE/1023/1024/127/MOD/top-one",484,2,5.5971074380165291
"DIVCORE/1023/1024/127/DIV/padded",484,2,5.5103305785123968
"DIVCORE/1023/1024/127/MOD/padded",484,2,5.338842975206612
"DIVCORE/1024/1024/17/DIV/normalized",242,2,102.09917355371901
"DIVCORE/1024/1024/17/MOD/normalized",242,2,12.739669421487603
"DIVCORE/1024/1024/17/DIV/top-clear",242,2,1673.2107438016528
"DIVCORE/1024/1024/17/MOD/top-clear",242,2,1987.7768595041323
"DIVCORE/1024/1024/17/DIV/top-one",242,2,1684.7438016528927
"DIVCORE/1024/1024/17/MOD/top-one",242,2,1803.0289256198348
"DIVCORE/1024/1024/17/DIV/padded",242,2,105.02479338842976
"DIVCORE/1024/1024/17/MOD/padded",242,2,15.322314049586776
"DIVCORE/1024/1024/127/DIV/normalized",242,2,92.45867768595042
"DIVCORE/1024/1024/127/MOD/normalized",242,2,14.119834710743802
"DIVCORE/1024/1024/127/DIV/top-clear",242,2,1570.9338842975208
"DIVCORE/1024/1024/127/MOD/top-clear",242,2,1913.0495867768595
"DIVCORE/1024/1024/127/DIV/top-one",242,2,1663.7396694214876
"DIVCORE/1024/1024/127/MOD/top-one",242,2,1886.0206611570247
"DIVCORE/1024/1024/127/DIV/padded",242,2,103.82231404958678
"DIVCORE/1024/1024/127/MOD/padded",242,2,15.152892561983471
"DIVCORE/1025/1024/17/DIV/normalized",242,2,1020.3140495867768
"DIVCORE/1025/1024/17/MOD/normalized",242,2,1038.5661157024792
"DIVCORE/1025/1024/17/DIV/top-clear",242,2,2624.3099173553719
"DIVCORE/1025/1024/17/MOD/top-clear",242,2,2892.7355371900826
"DIVCORE/1025/1024/17/DIV/top-one",242,2,2629.6487603305786
"DIVCORE/1025/1024/17/MOD/top-one",242,2,2864.8429752066118
"DIVCORE/1025/1024/17/DIV/padded",242,2,1261.5371900826447
"DIVCORE/1025/1024/17/MOD/padded",242,2,963.15289256198344
"DIVCORE/1025/1024/17/DIV/add-back",242,2,1730.888429752066
"DIVCORE/1025/1024/17/MOD/add-back",242,2,1685.9504132231405
"DIVCORE/1025/1024/127/DIV/normalized",242,2,1975.206611570248
"DIVCORE/1025/1024/127/MOD/normalized",242,2,1976.9297520661157
"DIVCORE/1025/1024/127/DIV/top-clear",242,2,2591.595041322314
"DIVCORE/1025/1024/127/MOD/top-clear",242,2,2851.0702479338843
"DIVCORE/1025/1024/127/DIV/top-one",242,2,2596.590909090909
"DIVCORE/1025/1024/127/MOD/top-one",242,2,2890.3223140495866
"DIVCORE/1025/1024/127/DIV/padded",242,2,2066.1157024793388
"DIVCORE/1025/1024/127/MOD/padded",242,2,1903.7561983471073
"DIVCORE/1056/1024/17/DIV/normalized",238,2,30711.659663865546
"DIVCORE/1056/1024/17/MOD/normalized",238,2,31001.050420168067
"DIVCORE/1056/1024/17/DIV/top-clear",238,2,32800.420168067227
"DIVCORE/1056/1024/17/MOD/top-clear",238,2,32240.021008403361
"DIVCORE/1056/1024/17/DIV/top-one",238,2,32302.521008403361
"DIVCORE/1056/1024/17/MOD/top-one",238,2,32449.756302521007
"DIVCORE/1056/1024/17/DIV/padded",238,2,30827.55462184874
"DIVCORE/1056/1024/17/MOD/padded",238,2,30687.5
"DIVCORE/1056/1024/17/DIV/add-back",238,2,55002.974789915963
"DIVCORE/1056/1024/17/MOD/add-back",185,2,57427.248648648645
"DIVCORE/1056/1024/127/DIV/normalized",238,2,33489.323529411762
"DIVCORE/1056/1024/127/MOD/normalized",238,2,33193.277310924372
"DIVCORE/1056/1024/127/DIV/top-clear",238,2,34464.10924369748
"DIVCORE/1056/1024/127/MOD/top-clear",238,2,35097.689075630253
"DIVCORE/1056/1024/127/DIV/top-one",238,2,34449.231092436974
"DIVCORE/1056/1024/127/MOD/top-one",238,2,34435.571428571428
"DIVCORE/1056/1024/127/DIV/padded",238,2,32979.516806722691
"DIVCORE/1056/1024/127/MOD/padded",238,2,31891.634453781513
"DIVCORE/2048/1024/17/DIV/normalized",16,2,1009281.25
"DIVCORE/2048/1024/17/MOD/normalized",16,2,1008648.4375
"DIVCORE/2048/1024/17/DIV/top-clear",16,2,1015679.6875
"DIVCORE/2048/1024/17/MOD/top-clear",16,2,1023617.1875
"DIVCORE/2048/1024/17/DIV/top-one",16,2,1009497.375
"DIVCORE/2048/1024/17/MOD/top-one",16,2,975161.5
"DIVCORE/2048/1024/17/DIV/padded",16,2,981333.3125
"DIVCORE/2048/1024/17/MOD/padded",16,2,989755.1875
"DIVCORE/2048/1024/17/DIV/add-back",6,2,1710625
"DIVCORE/2048/1024/17/MOD/add-back",6,2,1718013.8333333333
"DIVCORE/2048/1024/127/DIV/normalized",16,2,986250
"DIVCORE/2048/1024/127/MOD/normalized",16,2,986468.75
"DIVCORE/2048/1024/127/DIV/top-clear",16,2,978195.3125
"DIVCORE/2048/1024/127/MOD/top-clear",16,2,986130.25
"DIVCORE/2048/1024/127/DIV/top-one",16,2,995937.5
"DIVCORE/2048/1024/127/MOD/top-one",16,2,992911.4375
"DIVCORE/2048/1024/127/DIV/padded",16,2,989221.3125
"DIVCORE/2048/1024/127/MOD/padded",16,2,993958.3125
"DIVCORE/4096/1024/17/DIV/normalized",4,2,2954260.25
"DIVCORE/4096/1024/17/MOD/normalized",4,2,2931729.25
"DIVCORE/4096/1024/17/DIV/top-clear",4,2,3003364.5
"DIVCORE/4096/1024/17/MOD/top-clear",4,2,2949062.5
"DIVCORE/4096/1024/17/DIV/top-one",4,2,2958698
"DIVCORE/4096/1024/17/MOD/top-one",4,2,2975521
"DIVCORE/4096/1024/17/DIV/padded",4,2,2993937.5
"DIVCORE/4096/1024/17/MOD/padded",4,2,2982406.25
"DIVCORE/4096/1024/17/DIV/add-back",2,2,5192812.5
"DIVCORE/4096/1024/17/MOD/add-back",2,2,5207875
"DIVCORE/4096/1024/127/DIV/normalized",4,2,2938979.25
"DIVCORE/4096/1024/127/MOD/normalized",4,2,2904218.75
"DIVCORE/4096/1024/127/DIV/top-clear",4,2,2964854.25
"DIVCORE/4096/1024/127/MOD/top-clear",4,2,2985802
"DIVCORE/4096/1024/127/DIV/top-one",4,2,2977396
"DIVCORE/4096/1024/127/MOD/top-one",4,2,3280385.5
"DIVCORE/4096/1024/127/DIV/padded",4,2,3099218.75
"DIVCORE/4096/1024/127/MOD/padded",4,2,3006521
"DIVCORE/1/1/17/DIV/normalized",27777,3,7.6922273823667062
"DIVCORE/1/1/17/MOD/normalized",27777,3,7.2302264463404979
"DIVCORE/1/1/17/DIV/top-clear",27777,3,7.9487345645678076
"DIVCORE/1/1/17/MOD/top-clear",27777,3,7.3426935954206716
"DIVCORE/1/1/17/DIV/top-one",27777,3,7.6682147100118803
"DIVCORE/1/1/17/MOD/top-one",27777,3,7.4312200741620762
"DIVCORE/1/1/17/DIV/padded",27777,3,7.6772149620189367
"DIVCORE/1/1/17/MOD/padded",27777,3,7.4912337545451271
"DIVCORE/1/1/127/DIV/normalized",27777,3,7.4087194441444364
"DIVCORE/1/1/127/MOD/normalized",27777,3,7.3352053857508013
"DIVCORE/1/1/127/DIV/top-clear",27777,3,7.6742268783525942
"DIVCORE/1/1/127/MOD/top-clear",27777,3,7.3577060157684411
"DIVCORE/1/1/127/DIV/top-one",27777,3,7.9667350685819205
"DIVCORE/1/1/127/MOD/top-one",27777,3,7.5482233502538074
"DIVCORE/1/1/127/DIV/padded",27777,3,7.242214782013896
"DIVCORE/1/1/127/MOD/padded",27777,3,7.654714332001296
"DIVCORE/2/1/17/DIV/normalized",26315,3,15.553524605738172
"DIVCORE/2/1/17/MOD/normalized",26315,3,15.498156944708342
"DIVCORE/2/1/17/DIV/top-clear",26315,3,16.007980239407182
"DIVCORE/2/1/17/MOD/top-clear",26315,3,16.381645449363482
"DIVCORE/2/1/17/DIV/top-one",26315,3,16.443397301919056
"DIVCORE/2/1/17/MOD/top-one",26315,3,16.826600798023939
"DIVCORE/2/1/17/DIV/padded",26315,3,17.162264867946039
"DIVCORE/2/1/17/MOD/padded",26315,3,17.854189625688772
"DIVCORE/2/1/127/DIV/normalized",26315,3,16.361086832604979
"DIVCORE/2/1/127/MOD/normalized",26315,3,14.975603268098043
"DIVCORE/2/1/127/DIV/top-clear",26315,3,17.306327189815693
"DIVCORE/2/1/127/MOD/top-clear",26315,3,15.61212236367091
"DIVCORE/2/1/127/DIV/top-one",26315,3,16.611248337450125
"DIVCORE/2/1/127/MOD/top-one",26315,3,14.620938628158845
"DIVCORE/2/1/127/DIV/padded",26315,3,18.313357400722023
"DIVCORE/2/1/127/MOD/padded",26315,3,17.36336690100703
"DIVCORE/4/1/17/DIV/normalized",23809,3,23.091772018984418
"DIVCORE/4/1/17/MOD/normalized",23809,3,20.86047293040447
"DIVCORE/4/1/17/DIV/top-clear",23809,3,26.355579822756102
"DIVCORE/4/1/17/MOD/top-clear",23809,3,26.226048973077408
"DIVCORE/4/1/17/DIV/top-one",23809,3,25.415809147801252
"DIVCORE/4/1/17/MOD/top-one",23809,3,24.784031248687469
"DIVCORE/4/1/17/DIV/padded",23809,3,22.474022428493427
"DIVCORE/4/1/17/MOD/padded",23809,3,22.696249317484984
"DIVCORE/4/1/127/DIV/normalized",23809,3,21.779243143349152
"DIVCORE/4/1/127/MOD/normalized",23809,3,23.49603091268008
"DIVCORE/4/1/127/DIV/top-clear",23809,3,27.062581376790288
"DIVCORE/4/1/127/MOD/top-clear",23809,3,26.983829644252175
"DIVCORE/4/1/127/DIV/top-one",23809,3,24.385064471418371
"DIVCORE/4/1/127/MOD/top-one",23809,3,24.733294132470913
"DIVCORE/4/1/127/DIV/padded",23809,3,25.578562728380025
"DIVCORE/4/1/127/MOD/padded",23809,3,24.840060481330589
"DIVCORE/33/1/17/DIV/normalized",10000,3,214.44579999999999
"DIVCORE/33/1/17/MOD/normalized",10000,3,218.7167
"DIVCORE/33/1/17/DIV/top-clear",10000,3,246.36660000000001
"DIVCORE/33/1/17/MOD/top-clear",10000,3,243.04169999999999
"DIVCORE/33/1/17/DIV/top-one",10000,3,204.67080000000001
"DIVCORE/33/1/17/MOD/top-one",10000,3,207.44589999999999
"DIVCORE/33/1/17/DIV/padded",10000,3,231.63749999999999
"DIVCORE/33/1/17/MOD/padded",10000,3,231.90000000000001
"DIVCORE/33/1/127/DIV/normalized",10000,3,219.375
"DIVCORE/33/1/127/MOD/normalized",10000,3,215.35830000000001
"DIVCORE/33/1/127/DIV/top-clear",10000,3,242.30420000000001
"DIVCORE/33/1/127/MOD/top-clear",10000,3,237.17500000000001
"DIVCORE/33/1/127/DIV/top-one",10000,3,207.2792
"DIVCORE/33/1/127/MOD/top-one",10000,3,204.49170000000001
"DIVCORE/33/1/127/DIV/padded",10000,3,230.92500000000001
"DIVCORE/33/1/127/MOD/padded",10000,3,229.58750000000001
"DIVCORE/1025/1/17/DIV/normalized",479,3,7213.0313152400831
"DIVCORE/1025/1/17/MOD/normalized",479,3,7384.1336116910234
"DIVCORE/1025/1/17/DIV/top-clear",479,3,7601.2526096033407
"DIVCORE/1025/1/17/MOD/top-clear",479,3,7637.0041753653441
"DIVCORE/1025/1/17/DIV/top-one",479,3,6412.1440501043844
"DIVCORE/1025/1/17/MOD/top-one",479,3,6271.5720250521917
"DIVCORE/1025/1/17/DIV/padded",479,3,7548.7139874739041
"DIVCORE/1025/1/17/MOD/padded",479,3,7576.983298538622
"DIVCORE/1025/1/127/DIV/normalized",479,3,7560.3695198329851
"DIVCORE/1025/1/127/MOD/normalized",479,3,7542.3632567849691
"DIVCORE/1025/1/127/DIV/top-clear",479,3,7453.6346555323589
"DIVCORE/1025/1/127/MOD/top-clear",479,3,7499.5636743215027
"DIVCORE/1025/1/127/DIV/top-one",479,3,6401.6179540709809
"DIVCORE/1025/1/127/MOD/top-one",479,3,6355.1670146137785
"DIVCORE/1025/1/127/DIV/padded",479,3,7895.5281837160755
"DIVCORE/1025/1/127/MOD/padded",479,3,7999.653444676409
"DIVCORE/65536/1/17/DIV/normalized",7,3,715898.85714285716
"DIVCORE/65536/1/17/MOD/normalized",7,3,746250
"DIVCORE/65536/1/17/DIV/top-one",7,3,414756
"DIVCORE/65536/1/17/MOD/top-one",7,3,404029.85714285716
"DIVCORE/500000/1/17/DIV/normalized",1,3,5955166
"DIVCORE/500000/1/17/MOD/normalized",1,3,5935959
"DIVCORE/500000/1/17/DIV/top-one",1,3,3098417
"DIVCORE/500000/1/17/MOD/top-one",1,3,3069333
"DIVCORE/1/2/17/DIV/normalized",26315,3,5.9756792703781114
"DIVCORE/1/2/17/MOD/normalized",26315,3,5.9804294128823861
"DIVCORE/1/2/17/DIV/top-clear",26315,3,6.1007410222306673
"DIVCORE/1/2/17/MOD/top-clear",26315,3,5.8727721831654947
"DIVCORE/1/2/17/DIV/top-one",26315,3,6.2480334410032299
"DIVCORE/1/2/17/MOD/top-one",26315,3,6.0548356450693523
"DIVCORE/1/2/17/DIV/padded",26315,3,5.9614288428652857
"DIVCORE/1/2/17/MOD/padded",26315,3,5.8917347520425611
"DIVCORE/1/2/127/DIV/normalized",26315,3,6.2226866806004182
"DIVCORE/1/2/127/MOD/normalized",26315,3,6.225840775223257
"DIVCORE/1/2/127/DIV/top-clear",26315,3,6.1814934448033441
"DIVCORE/1/2/127/MOD/top-clear",26315,3,5.6384191525745768
"DIVCORE/1/2/127/DIV/top-one",26315,3,5.8268288048641459
"DIVCORE/1/2/127/MOD/top-one",26315,3,6.1308379251377545
"DIVCORE/1/2/127/DIV/padded",26315,3,6.2147824434733039
"DIVCORE/1/2/127/MOD/padded",26315,3,6.3208436253087594
"DIVCORE/2/2/17/DIV/normalized",25000,3,18.228359999999999
"DIVCORE/2/2/17/MOD/normalized",25000,3,15.51
"DIVCORE/2/2/17/DIV/top-clear",25000,3,19.68
"DIVCORE/2/2/17/MOD/top-clear",25000,3,17.488320000000002
"DIVCORE/2/2/17/DIV/top-one",25000,3,20.66168
"DIVCORE/2/2/17/MOD/top-one",25000,3,18.106680000000001
"DIVCORE/2/2/17/DIV/padded",25000,3,18.85332
"DIVCORE/2/2/17/MOD/padded",25000,3,15.73
"DIVCORE/2/2/127/DIV/normalized",25000,3,19.204999999999998
"DIVCORE/2/2/127/MOD/normalized",25000,3,15.815
"DIVCORE/2/2/127/DIV/top-clear",25000,3,19.93
"DIVCORE/2/2/127/MOD/top-clear",25000,3,18.329999999999998
"DIVCORE/2/2/127/DIV/top-one",25000,3,20.296679999999999
"DIVCORE/2/2/127/MOD/top-one",25000,3,18.829999999999998
"DIVCORE/2/2/127/DIV/padded",25000,3,19.123360000000002
"DIVCORE/2/2/127/MOD/padded",25000,3,14.885
"DIVCORE/3/2/17/DIV/normalized",23809,3,24.546054013188289
"DIVCORE/3/2/17/MOD/normalized",23809,3,22.92200428409425
"DIVCORE/3/2/17/DIV/top-clear",23809,3,25.34927968415305
"DIVCORE/3/2/17/MOD/top-clear",23809,3,26.292578436725609
"DIVCORE/3/2/17/DIV/top-one",23809,3,26.320593053047165
"DIVCORE/3/2/17/MOD/top-one",23809,3,26.322315090932001
"DIVCORE/3/2/17/DIV/padded",23809,3,24.827796211516652
"DIVCORE/3/2/17/MOD/padded",23809,3,21.241967323281113
"DIVCORE/3/2/127/DIV/normalized",23809,3,24.152253349573691
"DIVCORE/3/2/127/MOD/normalized",23809,3,24.344785585282875
"DIVCORE/3/2/127/DIV/top-clear",23809,3,26.157839472468396
"DIVCORE/3/2/127/MOD/top-clear",23809,3,25.253055567222479
"DIVCORE/3/2/127/DIV/top-one",23809,3,25.060565332437314
"DIVCORE/3/2/127/MOD/top-one",23809,3,25.526061573354614
"DIVCORE/3/2/127/DIV/padded",23809,3,23.746272417993197
"DIVCORE/3/2/127/MOD/padded",23809,3,24.756016632365913
"DIVCORE/4/2/17/DIV/normalized",22727,3,29.630703568442822
"DIVCORE/4/2/17/MOD/normalized",22727,3,29.333700004400054
"DIVCORE/4/2/17/DIV/top-clear",22727,3,35.814581774981299
"DIVCORE/4/2/17/MOD/top-clear",22727,3,36.670788049456597
"DIVCORE/4/2/17/DIV/top-one",22727,3,35.818277819333829
"DIVCORE/4/2/17/MOD/top-one",22727,3,36.128085537026443
"DIVCORE/4/2/17/DIV/padded",22727,3,30.096361156333877
"DIVCORE/4/2/17/MOD/padded",22727,3,29.401504818057816
"DIVCORE/4/2/127/DIV/normalized",22727,3,31.33937607251287
"DIVCORE/4/2/127/MOD/normalized",22727,3,31.652879834558014
"DIVCORE/4/2/127/DIV/top-clear",22727,3,36.155585867030403
"DIVCORE/4/2/127/MOD/top-clear",22727,3,32.127689532274388
"DIVCORE/4/2/127/DIV/top-one",22727,3,33.577902934835215
"DIVCORE/4/2/127/MOD/top-one",22727,3,39.558278699344392
"DIVCORE/4/2/127/DIV/padded",22727,3,33.301051612619354
"DIVCORE/4/2/127/MOD/padded",22727,3,32.199234390812691
"DIVCORE/8/2/17/DIV/normalized",19230,3,71.51586063442538
"DIVCORE/8/2/17/MOD/normalized",19230,3,69.986115444617781
"DIVCORE/8/2/17/DIV/top-clear",19230,3,78.904472178887161
"DIVCORE/8/2/17/MOD/top-clear",19230,3,85.053718148725949
"DIVCORE/8/2/17/DIV/top-one",19230,3,79.352990119604783
"DIVCORE/8/2/17/MOD/top-one",19230,3,79.571866874674981
"DIVCORE/8/2/17/DIV/padded",19230,3,71.691367654706184
"DIVCORE/8/2/17/MOD/padded",19230,3,71.634997399895994
"DIVCORE/8/2/127/DIV/normalized",19230,3,70.066302652106089
"DIVCORE/8/2/127/MOD/normalized",19230,3,72.770410816432658
"DIVCORE/8/2/127/DIV/top-clear",19230,3,81.025741029641182
"DIVCORE/8/2/127/MOD/top-clear",19230,3,78.497139885595431
"DIVCORE/8/2/127/DIV/top-one",19230,3,81.415756630265207
"DIVCORE/8/2/127/MOD/top-one",19230,3,80.325897035881439
"DIVCORE/8/2/127/DIV/padded",19230,3,69.689287571502859
"DIVCORE/8/2/127/MOD/padded",19230,3,73.160426417056684
"DIVCORE/34/2/17/DIV/normalized",9615,3,341.16391055642225
"DIVCORE/34/2/17/MOD/normalized",9615,3,338.07852314092565
"DIVCORE/34/2/17/DIV/top-clear",9615,3,356.55663026521063
"DIVCORE/34/2/17/MOD/top-clear",9615,3,362.8835153406136
"DIVCORE/34/2/17/DIV/top-one",9615,3,356.52626105044203
"DIVCORE/34/2/17/MOD/top-one",9615,3,356.86427457098284
"DIVCORE/34/2/17/DIV/padded",9615,3,351.36931877275089
"DIVCORE/34/2/17/MOD/padded",9615,3,340.21060842433695
"DIVCORE/34/2/127/DIV/normalized",9615,3,346.15184607384293
"DIVCORE/34/2/127/MOD/normalized",9615,3,347.75954238169527
"DIVCORE/34/2/127/DIV/top-clear",9615,3,363.43390535621427
"DIVCORE/34/2/127/MOD/top-clear",9615,3,347.35652626105042
"DIVCORE/34/2/127/DIV/top-one",9615,3,355.34321372854913
"DIVCORE/34/2/127/MOD/top-one",9615,3,357.8003120124805
"DIVCORE/34/2/127/DIV/padded",9615,3,356.01924076963081
"DIVCORE/34/2/127/MOD/padded",9615,3,362.1598543941758
"DIVCORE/1026/2/17/DIV/normalized",478,3,10883.106694560669
"DIVCORE/1026/2/17/MOD/normalized",478,3,10734.39748953975
"DIVCORE/1026/2/17/DIV/top-clear",478,3,11136.244769874476
"DIVCORE/1026/2/17/MOD/top-clear",478,3,11004.18410041841
"DIVCORE/1026/2/17/DIV/top-one",478,3,11472.62970711297
"DIVCORE/1026/2/17/MOD/top-one",478,3,11530.334728033473
"DIVCORE/1026/2/17/DIV/padded",478,3,11216.78870292887
"DIVCORE/1026/2/17/MOD/padded",478,3,11011.767782426778
"DIVCORE/1026/2/127/DIV/normalized",478,3,10791.8410041841
"DIVCORE/1026/2/127/MOD/normalized",478,3,10551.951882845189
"DIVCORE/1026/2/127/DIV/top-clear",478,3,12009.675732217573
"DIVCORE/1026/2/127/MOD/top-clear",478,3,11985.179916317991
"DIVCORE/1026/2/127/DIV/top-one",478,3,11624.041841004184
"DIVCORE/1026/2/127/MOD/top-one",478,3,11650.016736401674
"DIVCORE/1026/2/127/DIV/padded",478,3,10920.675732217573
"DIVCORE/1026/2/127/MOD/padded",478,3,10894.700836820084
"DIVCORE/65536/2/17/DIV/normalized",7,3,884863.14285714284
"DIVCORE/65536/2/17/MOD/normalized",7,3,884250
"DIVCORE/65536/2/17/DIV/top-one",7,3,880398.71428571432
"DIVCORE/65536/2/17/MOD/top-one",7,3,873130.85714285716
"DIVCORE/500000/2/17/DIV/normalized",1,3,7150208
"DIVCORE/500000/2/17/MOD/normalized",1,3,7211583
"DIVCORE/500000/2/17/DIV/top-one",1,3,6864125
"DIVCORE/500000/2/17/MOD/top-one",1,3,6852375
"DIVCORE/2/3/17/DIV/normalized",23809,3,6.4051409131000883
"DIVCORE/2/3/17/MOD/normalized",23809,3,6.1758998697971359
"DIVCORE/2/3/17/DIV/top-clear",23809,3,6.4208912596077115
"DIVCORE/2/3/17/MOD/top-clear",23809,3,5.8468646310218828
"DIVCORE/2/3/17/DIV/top-one",23809,3,6.630895879709354
"DIVCORE/2/3/17/MOD/top-one",23809,3,6.0603973287412325
"DIVCORE/2/3/17/DIV/padded",23809,3,6.2511235247175438
"DIVCORE/2/3/17/MOD/padded",23809,3,5.9938678650930317
"DIVCORE/2/3/127/DIV/normalized",23809,3,6.4891427611407453
"DIVCORE/2/3/127/MOD/normalized",23809,3,6.2686379100340206
"DIVCORE/2/3/127/DIV/top-clear",23809,3,6.3473896425721366
"DIVCORE/2/3/127/MOD/top-clear",23809,3,5.9781175185854085
"DIVCORE/2/3/127/DIV/top-one",23809,3,6.4978789533369739
"DIVCORE/2/3/127/MOD/top-one",23809,3,6.1338569448527869
"DIVCORE/2/3/127/DIV/padded",23809,3,6.5206434541559917
"DIVCORE/2/3/127/MOD/padded",23809,3,6.0603973287412325
"DIVCORE/3/3/17/DIV/normalized",22727,3,18.590223082676992
"DIVCORE/3/3/17/MOD/normalized",22727,3,16.371848462181546
"DIVCORE/3/3/17/DIV/top-clear",22727,3,19.332731992783913
"DIVCORE/3/3/17/MOD/top-clear",22727,3,17.229858758305099
"DIVCORE/3/3/17/DIV/top-one",22727,3,21.404408852906236
"DIVCORE/3/3/17/MOD/top-one",22727,3,18.626875522506271
"DIVCORE/3/3/17/DIV/padded",22727,3,19.224578694944338
"DIVCORE/3/3/17/MOD/padded",22727,3,16.487349848198178
"DIVCORE/3/3/127/DIV/normalized",22727,3,20.834250011000133
"DIVCORE/3/3/127/MOD/normalized",22727,3,17.811017732212786
"DIVCORE/3/3/127/DIV/top-clear",22727,3,19.686540238482863
"DIVCORE/3/3/127/MOD/top-clear",22727,3,17.473709684516216
"DIVCORE/3/3/127/DIV/top-one",22727,3,20.328243938927269
"DIVCORE/3/3/127/MOD/top-one",22727,3,20.170590047080566
"DIVCORE/3/3/127/DIV/padded",22727,3,19.074228890746689
"DIVCORE/3/3/127/MOD/padded",22727,3,15.587187046244555
"DIVCORE/4/3/17/DIV/normalized",21739,3,24.970467822806938
"DIVCORE/4/3/17/MOD/normalized",21739,3,21.796494778968675
"DIVCORE/4/3/17/DIV/top-clear",21739,3,28.828786972721836
"DIVCORE/4/3/17/MOD/top-clear",21739,3,28.610239661437969
"DIVCORE/4/3/17/DIV/top-one",21739,3,31.040618243709464
"DIVCORE/4/3/17/MOD/top-one",21739,3,31.1000506003036
"DIVCORE/4/3/17/DIV/padded",21739,3,24.537329223975345
"DIVCORE/4/3/17/MOD/padded",21739,3,21.294309765858596
"DIVCORE/4/3/17/DIV/add-back",21739,3,24.242145452872716
"DIVCORE/4/3/17/MOD/add-back",21739,3,21.221445328671972
"DIVCORE/4/3/127/DIV/normalized",21739,3,23.670960025760156
"DIVCORE/4/3/127/MOD/normalized",21739,3,23.916279497676985
"DIVCORE/4/3/127/DIV/top-clear",21739,3,28.263351580109482
"DIVCORE/4/3/127/MOD/top-clear",21739,3,28.853673122038732
"DIVCORE/4/3/127/DIV/top-one",21739,3,29.489994939969641
"DIVCORE/4/3/127/MOD/top-one",21739,3,29.605041630249783
"DIVCORE/4/3/127/DIV/padded",21739,3,24.943649661897972
"DIVCORE/4/3/127/MOD/padded",21739,3,24.426146556879342
"DIVCORE/6/3/17/DIV/normalized",20000,3,43.8917
"DIVCORE/6/3/17/MOD/normalized",20000,3,43.035449999999997
"DIVCORE/6/3/17/DIV/top-clear",20000,3,53.57705
"DIVCORE/6/3/17/MOD/top-clear",20000,3,50.350000000000001
"DIVCORE/6/3/17/DIV/top-one",20000,3,56.066650000000003
"DIVCORE/6/3/17/MOD/top-one",20000,3,57.768749999999997
"DIVCORE/6/3/17/DIV/padded",20000,3,43.8979
"DIVCORE/6/3/17/MOD/padded",20000,3,43.07705
"DIVCORE/6/3/17/DIV/add-back",20000,3,34.337499999999999
"DIVCORE/6/3/17/MOD/add-back",20000,3,31.5458
"DIVCORE/6/3/127/DIV/normalized",20000,3,44.035400000000003
"DIVCORE/6/3/127/MOD/normalized",20000,3,43.55415
"DIVCORE/6/3/127/DIV/top-clear",20000,3,53.120849999999997
"DIVCORE/6/3/127/MOD/top-clear",20000,3,53.197949999999999
"DIVCORE/6/3/127/DIV/top-one",20000,3,49.202100000000002
"DIVCORE/6/3/127/MOD/top-one",20000,3,52.856250000000003
"DIVCORE/6/3/127/DIV/padded",20000,3,43.950000000000003
"DIVCORE/6/3/127/MOD/padded",20000,3,44.299999999999997
"DIVCORE/12/3/17/DIV/normalized",16129,3,110.98797197594395
"DIVCORE/12/3/17/MOD/normalized",16129,3,114.56587513175026
"DIVCORE/12/3/17/DIV/top-clear",16129,3,127.22940045880092
"DIVCORE/12/3/17/MOD/top-clear",16129,3,120.9493458986918
"DIVCORE/12/3/17/DIV/top-one",16129,3,122.93334986669973
"DIVCORE/12/3/17/MOD/top-one",16129,3,124.98449996899994
"DIVCORE/12/3/17/DIV/padded",16129,3,115.66643933287867
"DIVCORE/12/3/17/MOD/padded",16129,3,113.67208134416269
"DIVCORE/12/3/17/DIV/add-back",16129,3,66.353028706057415
"DIVCORE/12/3/17/MOD/add-back",16129,3,60.633517267034534
"DIVCORE/12/3/127/DIV/normalized",16129,3,114.69508339016679
"DIVCORE/12/3/127/MOD/normalized",16129,3,114.78293756587513
"DIVCORE/12/3/127/DIV/top-clear",16129,3,124.90960381920763
"DIVCORE/12/3/127/MOD/top-clear",16129,3,144.79614359228719
"DIVCORE/12/3/127/DIV/top-one",16129,3,136.43641887283775
"DIVCORE/12/3/127/MOD/top-one",16129,3,126.68950337900675
"DIVCORE/12/3/127/DIV/padded",16129,3,113.40337280674561
"DIVCORE/12/3/127/MOD/padded",16129,3,122.30299460598921
"DIVCORE/35/3/17/DIV/normalized",9259,3,380.62058537639052
"DIVCORE/35/3/17/MOD/normalized",9259,3,382.57371206393776
"DIVCORE/35/3/17/DIV/top-clear",9259,3,408.76001728048385
"DIVCORE/35/3/17/MOD/top-clear",9259,3,409.6554703531699
"DIVCORE/35/3/17/DIV/top-one",9259,3,401.82082298304351
"DIVCORE/35/3/17/MOD/top-one",9259,3,399.27367966303058
"DIVCORE/35/3/17/DIV/padded",9259,3,381.34517766497464
"DIVCORE/35/3/17/MOD/padded",9259,3,381.3362134139756
"DIVCORE/35/3/17/DIV/add-back",9259,3,187.63268171508801
"DIVCORE/35/3/17/MOD/add-back",9259,3,187.93876228534398
"DIVCORE/35/3/127/DIV/normalized",9259,3,384.54476725348309
"DIVCORE/35/3/127/MOD/normalized",9259,3,395.38114267199484
"DIVCORE/35/3/127/DIV/top-clear",9259,3,391.53353493897828
"DIVCORE/35/3/127/MOD/top-clear",9259,3,389.98995571876014
"DIVCORE/35/3/127/DIV/top-one",9259,3,402.44184037153042
"DIVCORE/35/3/127/MOD/top-one",9259,3,397.44216438060266
"DIVCORE/35/3/127/DIV/padded",9259,3,382.43417215682041
"DIVCORE/35/3/127/MOD/padded",9259,3,371.81844691651366
"DIVCORE/1027/3/17/DIV/normalized",478,3,11971.581589958159
"DIVCORE/1027/3/17/MOD/normalized",478,3,11727.422594142259
"DIVCORE/1027/3/17/DIV/top-clear",478,3,12525.627615062762
"DIVCORE/1027/3/17/MOD/top-clear",478,3,12561.192468619247
"DIVCORE/1027/3/17/DIV/top-one",478,3,12362.709205020921
"DIVCORE/1027/3/17/MOD/top-one",478,3,11867.069037656904
"DIVCORE/1027/3/17/DIV/padded",478,3,12268.828451882846
"DIVCORE/1027/3/17/MOD/padded",478,3,12143.914225941422
"DIVCORE/1027/3/17/DIV/add-back",478,3,5562.3242677824264
"DIVCORE/1027/3/17/MOD/add-back",478,3,5283.9100418410044
"DIVCORE/1027/3/127/DIV/normalized",478,3,12112.18619246862
"DIVCORE/1027/3/127/MOD/normalized",478,3,11823.918410041841
"DIVCORE/1027/3/127/DIV/top-clear",478,3,12926.778242677825
"DIVCORE/1027/3/127/MOD/top-clear",478,3,12687.064853556485
"DIVCORE/1027/3/127/DIV/top-one",478,3,12083.246861924687
"DIVCORE/1027/3/127/MOD/top-one",478,3,12067.991631799163
"DIVCORE/1027/3/127/DIV/padded",478,3,12203.451882845189
"DIVCORE/1027/3/127/MOD/padded",478,3,12109.920502092051
"DIVCORE/3/4/17/DIV/normalized",21739,3,5.7423984543907265
"DIVCORE/3/4/17/MOD/normalized",21739,3,5.7136022816136895
"DIVCORE/3/4/17/DIV/top-clear",21739,3,6.5492892957357745
"DIVCORE/3/4/17/MOD/top-clear",21739,3,5.5909655457932743
"DIVCORE/3/4/17/DIV/top-one",21739,3,6.3231059386356314
"DIVCORE/3/4/17/MOD/top-one",21739,3,5.4989189935139615
"DIVCORE/3/4/17/DIV/padded",21739,3,6.637471824830949
"DIVCORE/3/4/17/MOD/padded",21739,3,5.6771700630203785
"DIVCORE/3/4/127/DIV/normalized",21739,3,6.2042872257233546
"DIVCORE/3/4/127/MOD/normalized",21739,3,5.7385344312065873
"DIVCORE/3/4/127/DIV/top-clear",21739,3,6.1065366392198355
"DIVCORE/3/4/127/MOD/top-clear",21739,3,6.4439026634159804
"DIVCORE/3/4/127/DIV/top-one",21739,3,6.8617231703390225
"DIVCORE/3/4/127/MOD/top-one",21739,3,6.5186531119186713
"DIVCORE/3/4/127/DIV/padded",21739,3,6.1295367772206637
"DIVCORE/3/4/127/MOD/padded",21739,3,6.7275403652421915
"DIVCORE/4/4/17/DIV/normalized",20833,3,20.212307396918352
"DIVCORE/4/4/17/MOD/normalized",20833,3,15.020208323333174
"DIVCORE/4/4/17/DIV/top-clear",20833,3,20.360341765468249
"DIVCORE/4/4/17/MOD/top-clear",20833,3,18.606297700763211
"DIVCORE/4/4/17/DIV/top-one",20833,3,23.302404838477415
"DIVCORE/4/4/17/MOD/top-one",20833,3,21.722363557816927
"DIVCORE/4/4/17/DIV/padded",20833,3,20.846349541592666
"DIVCORE/4/4/17/MOD/padded",20833,3,13.680218883502135
"DIVCORE/4/4/127/DIV/normalized",20833,3,20.93836701387222
"DIVCORE/4/4/127/MOD/normalized",20833,3,16.72625162002592
"DIVCORE/4/4/127/DIV/top-clear",20833,3,21.93433494935919
"DIVCORE/4/4/127/MOD/top-clear",20833,3,19.940335045360726
"DIVCORE/4/4/127/DIV/top-one",20833,3,21.130322085153363
"DIVCORE/4/4/127/MOD/top-one",20833,3,20.184322949167186
"DIVCORE/4/4/127/DIV/padded",20833,3,19.628282052512841
"DIVCORE/4/4/127/MOD/padded",20833,3,16.642250276004415
"DIVCORE/5/4/17/DIV/normalized",20000,3,27.377099999999999
"DIVCORE/5/4/17/MOD/normalized",20000,3,27.106249999999999
"DIVCORE/5/4/17/DIV/top-clear",20000,3,32.754150000000003
"DIVCORE/5/4/17/MOD/top-clear",20000,3,34.681249999999999
"DIVCORE/5/4/17/DIV/top-one",20000,3,33.168750000000003
"DIVCORE/5/4/17/MOD/top-one",20000,3,33.893749999999997
"DIVCORE/5/4/17/DIV/padded",20000,3,26.206250000000001
"DIVCORE/5/4/17/MOD/padded",20000,3,24.570799999999998
"DIVCORE/5/4/17/DIV/add-back",20000,3,24.462499999999999
"DIVCORE/5/4/17/MOD/add-back",20000,3,22.262499999999999
"DIVCORE/5/4/127/DIV/normalized",20000,3,25.975000000000001
"DIVCORE/5/4/127/MOD/normalized",20000,3,25.204149999999998
"DIVCORE/5/4/127/DIV/top-clear",20000,3,33.443750000000001
"DIVCORE/5/4/127/MOD/top-clear",20000,3,33.497900000000001
"DIVCORE/5/4/127/DIV/top-one",20000,3,32.5396
"DIVCORE/5/4/127/MOD/top-one",20000,3,35.072899999999997
"DIVCORE/5/4/127/DIV/padded",20000,3,25.439599999999999
"DIVCORE/5/4/127/MOD/padded",20000,3,25.358350000000002
"DIVCORE/8/4/17/DIV/normalized",17857,3,60.57613260906087
"DIVCORE/8/4/17/MOD/normalized",17857,3,61.054488435907487
"DIVCORE/8/4/17/DIV/top-clear",17857,3,74.188945511564086
"DIVCORE/8/4/17/MOD/top-clear",17857,3,75.789606316850538
"DIVCORE/8/4/17/DIV/top-one",17857,3,71.559220473763787
"DIVCORE/8/4/17/MOD/top-one",17857,3,67.909895279162228
"DIVCORE/8/4/17/DIV/padded",17857,3,60.424483395867163
"DIVCORE/8/4/17/MOD/padded",17857,3,61.105840846726771
"DIVCORE/8/4/17/DIV/add-back",17857,3,45.474715797726383
"DIVCORE/8/4/17/MOD/add-back",17857,3,44.434059472475781
"DIVCORE/8/4/127/DIV/normalized",17857,3,67.597188777510226
"DIVCORE/8/4/127/MOD/normalized",17857,3,65.949879599036791
"DIVCORE/8/4/127/DIV/top-clear",17857,3,70.975863806910453
"DIVCORE/8/4/127/MOD/top-clear",17857,3,70.159265274122191
"DIVCORE/8/4/127/DIV/top-one",17857,3,69.298202385619078
"DIVCORE/8/4/127/MOD/top-one",17857,3,69.064904519236151
"DIVCORE/8/4/127/DIV/padded",17857,3,64.846166769334161
"DIVCORE/8/4/127/MOD/padded",17857,3,67.928543428347425
"DIVCORE/16/4/17/DIV/normalized",13888,3,170.81890841013825
"DIVCORE/16/4/17/MOD/normalized",13888,3,161.41935483870967
"DIVCORE/16/4/17/DIV/top-clear",13888,3,178.04939516129033
"DIVCORE/16/4/17/MOD/top-clear",13888,3,181.13659274193549
"DIVCORE/16/4/17/DIV/top-one",13888,3,169.76886520737327
"DIVCORE/16/4/17/MOD/top-one",13888,3,177.98934331797236
"DIVCORE/16/4/17/DIV/padded",13888,3,173.27304147465438
"DIVCORE/16/4/17/MOD/padded",13888,3,172.92504320276498
"DIVCORE/16/4/17/DIV/add-back",13888,3,86.813508064516128
"DIVCORE/16/4/17/MOD/add-back",13888,3,94.602030529953922
"DIVCORE/16/4/127/DIV/normalized",13888,3,165.1845478110599
"DIVCORE/16/4/127/MOD/normalized",13888,3,170.17691532258064
"DIVCORE/16/4/127/DIV/top-clear",13888,3,176.36326324884791
"DIVCORE/16/4/127/MOD/top-clear",13888,3,178.13940092165899
"DIVCORE/16/4/127/DIV/top-one",13888,3,168.77275345622121
"DIVCORE/16/4/127/MOD/top-one",13888,3,162.71838997695852
"DIVCORE/16/4/127/DIV/padded",13888,3,170.48891129032259
"DIVCORE/16/4/127/MOD/padded",13888,3,172.14206509216589
"DIVCORE/36/4/17/DIV/normalized",8928,3,418.03416218637994
"DIVCORE/36/4/17/MOD/normalized",8928,3,420.87163978494624
"DIVCORE/36/4/17/DIV/top-clear",8928,3,422.68245967741933
"DIVCORE/36/4/17/MOD/top-clear",8928,3,445.28449820788529
"DIVCORE/36/4/17/DIV/top-one",8928,3,419.03281810035844
"DIVCORE/36/4/17/MOD/top-one",8928,3,424.7124775985663
"DIVCORE/36/4/17/DIV/padded",8928,3,421.76299283154123
"DIVCORE/36/4/17/MOD/padded",8928,3,419.21953405017922
"DIVCORE/36/4/17/DIV/add-back",8928,3,229.22267025089604
"DIVCORE/36/4/17/MOD/add-back",8928,3,227.00123207885304
"DIVCORE/36/4/127/DIV/normalized",8928,3,432.41767473118279
"DIVCORE/36/4/127/MOD/normalized",8928,3,427.34005376344084
"DIVCORE/36/4/127/DIV/top-clear",8928,3,460.86279121863799
"DIVCORE/36/4/127/MOD/top-clear",8928,3,423.88642473118279
"DIVCORE/36/4/127/DIV/top-one",8928,3,417.3714157706093
"DIVCORE/36/4/127/MOD/top-one",8928,3,420.53561827956992
"DIVCORE/36/4/127/DIV/padded",8928,3,434.47580645161293
"DIVCORE/36/4/127/MOD/padded",8928,3,424.53046594982078
"DIVCORE/1028/4/17/DIV/normalized",477,3,13102.899371069183
"DIVCORE/1028/4/17/MOD/normalized",477,3,12984.714884696017
"DIVCORE/1028/4/17/DIV/top-clear",477,3,13993.010482180294
"DIVCORE/1028/4/17/MOD/top-clear",477,3,13544.811320754718
"DIVCORE/1028/4/17/DIV/top-one",477,3,13691.125786163522
"DIVCORE/1028/4/17/MOD/top-one",477,3,13688.417190775681
"DIVCORE/1028/4/17/DIV/padded",477,3,13206.935010482181
"DIVCORE/1028/4/17/MOD/padded",477,3,13200.035639412998
"DIVCORE/1028/4/17/DIV/add-back",477,3,6589.2725366876311
"DIVCORE/1028/4/17/MOD/add-back",477,3,6411.4255765199159
"DIVCORE/1028/4/127/DIV/normalized",477,3,12964.360587002097
"DIVCORE/1028/4/127/MOD/normalized",477,3,12979.297693920336
"DIVCORE/1028/4/127/DIV/top-clear",477,3,13901.117400419287
"DIVCORE/1028/4/127/MOD/top-clear",477,3,14015.285115303983
"DIVCORE/1028/4/127/DIV/top-one",477,3,13902.863731656185
"DIVCORE/1028/4/127/MOD/top-one",477,3,14155.66037735849
"DIVCORE/1028/4/127/DIV/padded",477,3,13922.519916142557
"DIVCORE/1028/4/127/MOD/padded",477,3,13930.031446540881
"DIVCORE/7/8/17/DIV/normalized",16129,3,6.2723665447330896
"DIVCORE/7/8/17/MOD/normalized",16129,3,6.2723045446090895
"DIVCORE/7/8/17/DIV/top-clear",16129,3,6.1095542191084382
"DIVCORE/7/8/17/MOD/top-clear",16129,3,5.6549073098146199
"DIVCORE/7/8/17/DIV/top-one",16129,3,6.0114080228160454
"DIVCORE/7/8/17/MOD/top-one",16129,3,5.3423646847293691
"DIVCORE/7/8/17/DIV/padded",16129,3,6.2361584723169443
"DIVCORE/7/8/17/MOD/padded",16129,3,5.6161572323144648
"DIVCORE/7/8/127/DIV/normalized",16129,3,6.0321160642321283
"DIVCORE/7/8/127/MOD/normalized",16129,3,5.9158658317316632
"DIVCORE/7/8/127/DIV/top-clear",16129,3,6.0114080228160454
"DIVCORE/7/8/127/MOD/top-clear",16129,3,5.7427614855229709
"DIVCORE/7/8/127/DIV/top-one",16129,3,6.024304048608097
"DIVCORE/7/8/127/MOD/top-one",16129,3,5.7350114700229398
"DIVCORE/7/8/127/DIV/padded",16129,3,6.2336164672329346
"DIVCORE/7/8/127/MOD/padded",16129,3,5.9675119350238699
"DIVCORE/8/8/17/DIV/normalized",15625,3,20.207999999999998
"DIVCORE/8/8/17/MOD/normalized",15625,3,12.970624000000001
"DIVCORE/8/8/17/DIV/top-clear",15625,3,26.413312000000001
"DIVCORE/8/8/17/MOD/top-clear",15625,3,25.527999999999999
"DIVCORE/8/8/17/DIV/top-one",15625,3,28.133312
"DIVCORE/8/8/17/MOD/top-one",15625,3,26.869375999999999
"DIVCORE/8/8/17/DIV/padded",15625,3,20.426624
"DIVCORE/8/8/17/MOD/padded",15625,3,13.071999999999999
"DIVCORE/8/8/127/DIV/normalized",15625,3,19.794688000000001
"DIVCORE/8/8/127/MOD/normalized",15625,3,13.093311999999999
"DIVCORE/8/8/127/DIV/top-clear",15625,3,26.640000000000001
"DIVCORE/8/8/127/MOD/top-clear",15625,3,25.402688000000001
"DIVCORE/8/8/127/DIV/top-one",15625,3,26.359999999999999
"DIVCORE/8/8/127/MOD/top-one",15625,3,26.189312000000001
"DIVCORE/8/8/127/DIV/padded",15625,3,22.256
"DIVCORE/8/8/127/MOD/padded",15625,3,13.362688
"DIVCORE/9/8/17/DIV/normalized",15151,3,25.331067256286715
"DIVCORE/9/8/17/MOD/normalized",15151,3,24.7343409675929
"DIVCORE/9/8/17/DIV/top-clear",15151,3,42.871229621807139
"DIVCORE/9/8/17/MOD/top-clear",15151,3,43.924493432776714
"DIVCORE/9/8/17/DIV/top-one",15151,3,43.19021846742789
"DIVCORE/9/8/17/MOD/top-one",15151,3,44.254504653158207
"DIVCORE/9/8/17/DIV/padded",15151,3,22.979803313312651
"DIVCORE/9/8/17/MOD/padded",15151,3,22.996237872087651
"DIVCORE/9/8/17/DIV/add-back",15151,3,28.323212989241632
"DIVCORE/9/8/17/MOD/add-back",15151,3,25.09735331001254
"DIVCORE/9/8/127/DIV/normalized",15151,3,25.300904230743846
"DIVCORE/9/8/127/MOD/normalized",15151,3,23.843310672562868
"DIVCORE/9/8/127/DIV/top-clear",15151,3,43.660484456471522
"DIVCORE/9/8/127/MOD/top-clear",15151,3,44.749521483730447
"DIVCORE/9/8/127/DIV/top-one",15151,3,41.724440630981455
"DIVCORE/9/8/127/MOD/top-one",15151,3,45.060326051085738
"DIVCORE/9/8/127/DIV/padded",15151,3,22.897234505973202
"DIVCORE/9/8/127/MOD/padded",15151,3,23.925813477658242
"DIVCORE/16/8/17/DIV/normalized",12500,3,143.49000000000001
"DIVCORE/16/8/17/MOD/normalized",12500,3,145.19999999999999
"DIVCORE/16/8/17/DIV/top-clear",12500,3,163.07328000000001
"DIVCORE/16/8/17/MOD/top-clear",12500,3,164.10672
"DIVCORE/16/8/17/DIV/top-one",12500,3,165.71664000000001
"DIVCORE/16/8/17/MOD/top-one",12500,3,166.00664
"DIVCORE/16/8/17/DIV/padded",12500,3,139.96672000000001
"DIVCORE/16/8/17/MOD/padded",12500,3,144.19336000000001
"DIVCORE/16/8/17/DIV/add-back",12500,3,115.98
"DIVCORE/16/8/17/MOD/add-back",12500,3,107.07664
"DIVCORE/16/8/127/DIV/normalized",12500,3,145.12672000000001
"DIVCORE/16/8/127/MOD/normalized",12500,3,145.23663999999999
"DIVCORE/16/8/127/DIV/top-clear",12500,3,160.86336
"DIVCORE/16/8/127/MOD/top-clear",12500,3,156.90335999999999
"DIVCORE/16/8/127/DIV/top-one",12500,3,162.88999999999999
"DIVCORE/16/8/127/MOD/top-one",12500,3,166.58672000000001
"DIVCORE/16/8/127/DIV/padded",12500,3,137.60672
"DIVCORE/16/8/127/MOD/padded",12500,3,140.61328
"DIVCORE/32/8/17/DIV/normalized",8928,3,420.89023297491042
"DIVCORE/32/8/17/MOD/normalized",8928,3,423.3170922939068
"DIVCORE/32/8/17/DIV/top-clear",8928,3,437.54200268817203
"DIVCORE/32/8/17/MOD/top-clear",8928,3,456.71852598566306
"DIVCORE/32/8/17/DIV/top-one",8928,3,456.49451164874552
"DIVCORE/32/8/17/MOD/top-one",8928,3,460.76489695340501
"DIVCORE/32/8/17/DIV/padded",8928,3,433.02900985663081
"DIVCORE/32/8/17/MOD/padded",8928,3,428.67473118279571
"DIVCORE/32/8/17/DIV/add-back",8928,3,309.39650537634407
"DIVCORE/32/8/17/MOD/add-back",8928,3,304.39348118279571
"DIVCORE/32/8/127/DIV/normalized",8928,3,428.29681899641577
"DIVCORE/32/8/127/MOD/normalized",8928,3,436.47323028673833
"DIVCORE/32/8/127/DIV/top-clear",8928,3,443.88440860215053
"DIVCORE/32/8/127/MOD/top-clear",8928,3,441.66297043010752
"DIVCORE/32/8/127/DIV/top-one",8928,3,447.65994623655916
"DIVCORE/32/8/127/MOD/top-one",8928,3,448.06137992831543
"DIVCORE/32/8/127/DIV/padded",8928,3,436.55264336917566
"DIVCORE/32/8/127/MOD/padded",8928,3,432.94970878136201
"DIVCORE/40/8/17/DIV/normalized",7812,3,563.94009216589859
"DIVCORE/40/8/17/MOD/normalized",7812,3,569.78046594982084
"DIVCORE/40/8/17/DIV/top-clear",7812,3,591.20046082949307
"DIVCORE/40/8/17/MOD/top-clear",7812,3,595.08870967741939
"DIVCORE/40/8/17/DIV/top-one",7812,3,593.37135176651304
"DIVCORE/40/8/17/MOD/top-one",7812,3,573.2954429083461
"DIVCORE/40/8/17/DIV/padded",7812,3,542.30133128520231
"DIVCORE/40/8/17/MOD/padded",7812,3,540.38120839733745
"DIVCORE/40/8/17/DIV/add-back",7812,3,414.19175627240145
"DIVCORE/40/8/17/MOD/add-back",7812,3,386.92076292882746
"DIVCORE/40/8/127/DIV/normalized",7812,3,550.69124423963137
"DIVCORE/40/8/127/MOD/normalized",7812,3,537.29838709677415
"DIVCORE/40/8/127/DIV/top-clear",7812,3,569.74846390168966
"DIVCORE/40/8/127/MOD/top-clear",7812,3,568.56438812083968
"DIVCORE/40/8/127/DIV/top-one",7812,3,578.06362007168457
"DIVCORE/40/8/127/MOD/top-one",7812,3,564.72951868919608
"DIVCORE/40/8/127/DIV/padded",7812,3,547.58179723502303
"DIVCORE/40/8/127/MOD/padded",7812,3,538.60509472606248
"DIVCORE/1032/8/17/DIV/normalized",473,3,18249.384778012685
"DIVCORE/1032/8/17/MOD/normalized",473,3,18443.18181818182
"DIVCORE/1032/8/17/DIV/top-clear",473,3,18013.124735729387
"DIVCORE/1032/8/17/MOD/top-clear",473,3,18134.424947145879
"DIVCORE/1032/8/17/DIV/top-one",473,3,18492.60042283298
"DIVCORE/1032/8/17/MOD/top-one",473,3,18515.856236786469
"DIVCORE/1032/8/17/DIV/padded",473,3,20589.765327695561
"DIVCORE/1032/8/17/MOD/padded",473,3,19852.976744186046
"DIVCORE/1032/8/17/DIV/add-back",473,3,13560.253699788584
"DIVCORE/1032/8/17/MOD/add-back",473,3,12370.243128964059
"DIVCORE/1032/8/127/DIV/normalized",473,3,19537.877378435518
"DIVCORE/1032/8/127/MOD/normalized",473,3,18538.230443974629
"DIVCORE/1032/8/127/DIV/top-clear",473,3,17919.484143763213
"DIVCORE/1032/8/127/MOD/top-clear",473,3,17855.090909090908
"DIVCORE/1032/8/127/DIV/top-one",473,3,18265.416490486259
"DIVCORE/1032/8/127/MOD/top-one",473,3,17999.649048625794
"DIVCORE/1032/8/127/DIV/padded",473,3,18382.928118393236
"DIVCORE/1032/8/127/MOD/padded",473,3,18462.56025369979
"DIVCORE/15/16/17/DIV/normalized",10638,3,6.3765745440872346
"DIVCORE/15/16/17/MOD/normalized",10638,3,5.9730212445948485
"DIVCORE/15/16/17/DIV/top-clear",10638,3,6.1101710847903741
"DIVCORE/15/16/17/MOD/top-clear",10638,3,6.0710659898477157
"DIVCORE/15/16/17/DIV/top-one",10638,3,6.286426019928558
"DIVCORE/15/16/17/MOD/top-one",10638,3,5.9847715736040605
"DIVCORE/15/16/17/DIV/padded",10638,3,5.7732656514382406
"DIVCORE/15/16/17/MOD/padded",10638,3,6.0514194397443131
"DIVCORE/15/16/127/DIV/normalized",10638,3,6.4039293100206809
"DIVCORE/15/16/127/MOD/normalized",10638,3,5.9143636021808614
"DIVCORE/15/16/127/DIV/top-clear",10638,3,6.4587328445196466
"DIVCORE/15/16/127/MOD/top-clear",10638,3,6.204173716864072
"DIVCORE/15/16/127/DIV/top-one",10638,3,5.6166572664034593
"DIVCORE/15/16/127/MOD/top-one",10638,3,6.0670238766685465
"DIVCORE/15/16/127/DIV/padded",10638,3,6.1493701823651064
"DIVCORE/15/16/127/MOD/padded",10638,3,6.1062229742432788
"DIVCORE/16/16/17/DIV/normalized",10416,3,19.669258832565284
"DIVCORE/16/16/17/MOD/normalized",10416,3,13.380856374807987
"DIVCORE/16/16/17/DIV/top-clear",10416,3,34.970238095238095
"DIVCORE/16/16/17/MOD/top-clear",10416,3,38.446428571428569
"DIVCORE/16/16/17/DIV/top-one",10416,3,37.714381720430104
"DIVCORE/16/16/17/MOD/top-one",10416,3,41.490687403993853
"DIVCORE/16/16/17/DIV/padded",10416,3,18.27313748079877
"DIVCORE/16/16/17/MOD/padded",10416,3,15.908986175115208
"DIVCORE/16/16/127/DIV/normalized",10416,3,25.533602150537636
"DIVCORE/16/16/127/MOD/normalized",10416,3,21.441436251920123
"DIVCORE/16/16/127/DIV/top-clear",10416,3,34.730222734254994
"DIVCORE/16/16/127/MOD/top-clear",10416,3,37.910426267281103
"DIVCORE/16/16/127/DIV/top-one",10416,3,36.29032258064516
"DIVCORE/16/16/127/MOD/top-one",10416,3,41.158602150537632
"DIVCORE/16/16/127/DIV/padded",10416,3,25.461693548387096
"DIVCORE/16/16/127/MOD/padded",10416,3,23.481566820276498
"DIVCORE/17/16/17/DIV/normalized",10204,3,51.462661701293612
"DIVCORE/17/16/17/MOD/normalized",10204,3,46.934241473931792
"DIVCORE/17/16/17/DIV/top-clear",10204,3,63.774010192081533
"DIVCORE/17/16/17/MOD/top-clear",10204,3,66.101528812230498
"DIVCORE/17/16/17/DIV/top-one",10204,3,64.468149745197962
"DIVCORE/17/16/17/MOD/top-one",10204,3,67.967659741277927
"DIVCORE/17/16/17/DIV/padded",10204,3,51.899647197177579
"DIVCORE/17/16/17/MOD/padded",10204,3,49.261760094080749
"DIVCORE/17/16/17/DIV/add-back",10204,3,38.440807526460212
"DIVCORE/17/16/17/MOD/add-back",10204,3,35.186397491179932
"DIVCORE/17/16/127/DIV/normalized",10204,3,47.96315170521364
"DIVCORE/17/16/127/MOD/normalized",10204,3,46.611622892983142
"DIVCORE/17/16/127/DIV/top-clear",10204,3,63.622892983143863
"DIVCORE/17/16/127/MOD/top-clear",10204,3,64.019012152097218
"DIVCORE/17/16/127/DIV/top-one",10204,3,64.623284986279884
"DIVCORE/17/16/127/MOD/top-one",10204,3,66.930517444139554
"DIVCORE/17/16/127/DIV/padded",10204,3,52.258918071344574
"DIVCORE/17/16/127/MOD/padded",10204,3,52.508036064288511
"DIVCORE/32/16/17/DIV/normalized",7812,3,405.18868407578083
"DIVCORE/32/16/17/MOD/normalized",7812,3,394.62788018433179
"DIVCORE/32/16/17/DIV/top-clear",7812,3,440.84421402969792
"DIVCORE/32/16/17/MOD/top-clear",7812,3,423.05632360471071
"DIVCORE/32/16/17/DIV/top-one",7812,3,438.54006656426009
"DIVCORE/32/16/17/MOD/top-one",7812,3,443.06835637480799
"DIVCORE/32/16/17/DIV/padded",7812,3,411.15156169994879
"DIVCORE/32/16/17/MOD/padded",7812,3,409.09818228366618
"DIVCORE/32/16/17/DIV/add-back",7812,3,442.12429595494109
"DIVCORE/32/16/17/MOD/add-back",7812,3,453.89567332309269
"DIVCORE/32/16/127/DIV/normalized",7812,3,412.79966717869945
"DIVCORE/32/16/127/MOD/normalized",7812,3,411.4237071172555
"DIVCORE/32/16/127/DIV/top-clear",7812,3,428.58205325140807
"DIVCORE/32/16/127/MOD/top-clear",7812,3,433.98515104966719
"DIVCORE/32/16/127/DIV/top-one",7812,3,434.97721454173069
"DIVCORE/32/16/127/MOD/top-one",7812,3,431.334229390681
"DIVCORE/32/16/127/DIV/padded",7812,3,414.37852022529444
"DIVCORE/32/16/127/MOD/padded",7812,3,402.5911418330773
"DIVCORE/48/16/17/DIV/normalized",6250,3,765.11328000000003
"DIVCORE/48/16/17/MOD/normalized",6250,3,750.49328000000003
"DIVCORE/48/16/17/DIV/top-clear",6250,3,821.35343999999998
"DIVCORE/48/16/17/MOD/top-clear",6250,3,797.13999999999999
"DIVCORE/48/16/17/DIV/top-one",6250,3,836.46655999999996
"DIVCORE/48/16/17/MOD/top-one",6250,3,835.70672000000002
"DIVCORE/48/16/17/DIV/padded",6250,3,775.15344000000005
"DIVCORE/48/16/17/MOD/padded",6250,3,767.39999999999998
"DIVCORE/48/16/17/DIV/add-back",6250,3,868.18655999999999
"DIVCORE/48/16/17/MOD/add-back",6250,3,887.17999999999995
"DIVCORE/48/16/127/DIV/normalized",6250,3,811.80655999999999
"DIVCORE/48/16/127/MOD/normalized",6250,3,794.20672000000002
"DIVCORE/48/16/127/DIV/top-clear",6250,3,821.15344000000005
"DIVCORE/48/16/127/MOD/top-clear",6250,3,821.96000000000004
"DIVCORE/48/16/127/DIV/top-one",6250,3,819.30672000000004
"DIVCORE/48/16/127/MOD/top-one",6250,3,798.05344000000002
"DIVCORE/48/16/127/DIV/padded",6250,3,810.98000000000002
"DIVCORE/48/16/127/MOD/padded",6250,3,814.58655999999996
"DIVCORE/64/16/17/DIV/normalized",5208,3,1133.1845238095239
"DIVCORE/64/16/17/MOD/normalized",5208,3,1157.0579877112136
"DIVCORE/64/16/17/DIV/top-clear",5208,3,1224.4702380952381
"DIVCORE/64/16/17/MOD/top-clear",5208,3,1255.1284562211981
"DIVCORE/64/16/17/DIV/top-one",5208,3,1233.9510368663593
"DIVCORE/64/16/17/MOD/top-one",5208,3,1238.6152073732719
"DIVCORE/64/16/17/DIV/padded",5208,3,1179.6434331797236
"DIVCORE/64/16/17/MOD/padded",5208,3,1149.4575652841781
"DIVCORE/64/16/17/DIV/add-back",5208,3,1324.6927803379417
"DIVCORE/64/16/17/MOD/add-back",5208,3,1308.547619047619
"DIVCORE/64/16/127/DIV/normalized",5208,3,1169.786866359447
"DIVCORE/64/16/127/MOD/normalized",5208,3,1188.0441628264209
"DIVCORE/64/16/127/DIV/top-clear",5208,3,1228.96678187404
"DIVCORE/64/16/127/MOD/top-clear",5208,3,1205.2851382488479
"DIVCORE/64/16/127/DIV/top-one",5208,3,1204.141129032258
"DIVCORE/64/16/127/MOD/top-one",5208,3,1209.8375576036867
"DIVCORE/64/16/127/DIV/padded",5208,3,1169.482910906298
"DIVCORE/64/16/127/MOD/padded",5208,3,1193.6524577572964
"DIVCORE/1040/16/17/DIV/normalized",466,3,24937.590128755364
"DIVCORE/1040/16/17/MOD/normalized",418,3,24607.755980861242
"DIVCORE/1040/16/17/DIV/top-clear",466,3,26951.716738197425
"DIVCORE/1040/16/17/MOD/top-clear",466,3,26658.708154506439
"DIVCORE/1040/16/17/DIV/top-one",376,3,25330.672872340427
"DIVCORE/1040/16/17/MOD/top-one",383,3,26090.514360313315
"DIVCORE/1040/16/17/DIV/padded",466,3,25147.263948497854
"DIVCORE/1040/16/17/MOD/padded",466,3,25143.240343347639
"DIVCORE/1040/16/17/DIV/add-back",466,3,27651.555793991418
"DIVCORE/1040/16/17/MOD/add-back",466,3,27722.283261802575
"DIVCORE/1040/16/127/DIV/normalized",372,3,27990.255376344085
"DIVCORE/1040/16/127/MOD/normalized",375,3,27886.778666666665
"DIVCORE/1040/16/127/DIV/top-clear",367,3,27716.280653950955
"DIVCORE/1040/16/127/MOD/top-clear",466,3,27711.463519313304
"DIVCORE/1040/16/127/DIV/top-one",466,3,25377.057939914164
"DIVCORE/1040/16/127/MOD/top-one",400,3,24784.375
"DIVCORE/1040/16/127/DIV/padded",466,3,27490.431330472104
"DIVCORE/1040/16/127/MOD/padded",376,3,27784.242021276597
"DIVCORE/31/32/17/DIV/normalized",6329,3,7.5184073313319644
"DIVCORE/31/32/17/MOD/normalized",6329,3,7.7750039500711017
"DIVCORE/31/32/17/DIV/top-clear",6329,3,8.3807868541633752
"DIVCORE/31/32/17/MOD/top-clear",6329,3,6.6953705166692998
"DIVCORE/31/32/17/DIV/top-one",6329,3,7.537999683994312
"DIVCORE/31/32/17/MOD/top-one",6329,3,7.1496286933164797
"DIVCORE/31/32/17/DIV/padded",6329,3,7.5117712118818138
"DIVCORE/31/32/17/MOD/padded",6329,3,7.9265286775161954
"DIVCORE/31/32/127/DIV/normalized",6329,3,7.2550165902986254
"DIVCORE/31/32/127/MOD/normalized",6329,3,6.8269868857639437
"DIVCORE/31/32/127/DIV/top-clear",6329,3,7.6236372254700582
"DIVCORE/31/32/127/MOD/top-clear",6329,3,7.0641491546847845
"DIVCORE/31/32/127/DIV/top-one",6329,3,6.9456470216463897
"DIVCORE/31/32/127/MOD/top-one",6329,3,6.7086427555696
"DIVCORE/31/32/127/DIV/padded",6329,3,7.2945173013114237
"DIVCORE/31/32/127/MOD/padded",6329,3,7.4853847369252646
"DIVCORE/32/32/17/DIV/normalized",6250,3,43.259999999999998
"DIVCORE/32/32/17/MOD/normalized",6250,3,39.700000000000003
"DIVCORE/32/32/17/DIV/top-clear",6250,3,63.539999999999999
"DIVCORE/32/32/17/MOD/top-clear",6250,3,70.519999999999996
"DIVCORE/32/32/17/DIV/top-one",6250,3,63.973439999999997
"DIVCORE/32/32/17/MOD/top-one",6250,3,72.599999999999994
"DIVCORE/32/32/17/DIV/padded",6250,3,43.22672
"DIVCORE/32/32/17/MOD/padded",6250,3,39.806719999999999
"DIVCORE/32/32/127/DIV/normalized",6250,3,42.526719999999997
"DIVCORE/32/32/127/MOD/normalized",6250,3,39.020000000000003
"DIVCORE/32/32/127/DIV/top-clear",6250,3,64.159999999999997
"DIVCORE/32/32/127/MOD/top-clear",6250,3,70.700000000000003
"DIVCORE/32/32/127/DIV/top-one",6250,3,64.826719999999995
"DIVCORE/32/32/127/MOD/top-one",6250,3,72.08672
"DIVCORE/32/32/127/DIV/padded",6250,3,42.213279999999997
"DIVCORE/32/32/127/MOD/padded",6250,3,39.613280000000003
"DIVCORE/33/32/17/DIV/normalized",6172,3,50.929034348671422
"DIVCORE/33/32/17/MOD/normalized",6172,3,48.356934543097864
"DIVCORE/33/32/17/DIV/top-clear",6172,3,103.03920933246921
"DIVCORE/33/32/17/MOD/top-clear",6172,3,111.49141283214517
"DIVCORE/33/32/17/DIV/top-one",6172,3,107.85936487362281
"DIVCORE/33/32/17/MOD/top-one",6172,3,110.62054439403759
"DIVCORE/33/32/17/DIV/padded",6172,3,50.793907971484124
"DIVCORE/33/32/17/MOD/padded",6172,3,47.560272197018797
"DIVCORE/33/32/17/DIV/add-back",6172,3,60.292449773169153
"DIVCORE/33/32/17/MOD/add-back",6172,3,61.912670123136749
"DIVCORE/33/32/127/DIV/normalized",6172,3,85.817725210628652
"DIVCORE/33/32/127/MOD/normalized",6172,3,81.497083603370058
"DIVCORE/33/32/127/DIV/top-clear",6172,3,107.58943616331821
"DIVCORE/33/32/127/MOD/top-clear",6172,3,112.51085547634479
"DIVCORE/33/32/127/DIV/top-one",6172,3,107.35304601425794
"DIVCORE/33/32/127/MOD/top-one",6172,3,111.83570965651329
"DIVCORE/33/32/127/DIV/padded",6172,3,81.740116655865194
"DIVCORE/33/32/127/MOD/padded",6172,3,74.165586519766691
"DIVCORE/64/32/17/DIV/normalized",4464,3,1312.5374103942652
"DIVCORE/64/32/17/MOD/normalized",4464,3,1306.5730286738351
"DIVCORE/64/32/17/DIV/top-clear",4464,3,1387.7968189964158
"DIVCORE/64/32/17/MOD/top-clear",4464,3,1415.5840053763441
"DIVCORE/64/32/17/DIV/top-one",4464,3,1333.3053315412187
"DIVCORE/64/32/17/MOD/top-one",4464,3,1385.7432795698924
"DIVCORE/64/32/17/DIV/padded",4464,3,1345.7941308243728
"DIVCORE/64/32/17/MOD/padded",4464,3,1294.5602598566309
"DIVCORE/64/32/17/DIV/add-back",4464,3,1612.4737903225807
"DIVCORE/64/32/17/MOD/add-back",4464,3,1621.8732078853047
"DIVCORE/64/32/127/DIV/normalized",4464,3,1309.2051971326164
"DIVCORE/64/32/127/MOD/normalized",4464,3,1328.9556451612902
"DIVCORE/64/32/127/DIV/top-clear",4464,3,1385.1646505376343
"DIVCORE/64/32/127/MOD/top-clear",4464,3,1376.1012544802868
"DIVCORE/64/32/127/DIV/top-one",4464,3,1376.7361111111111
"DIVCORE/64/32/127/MOD/top-one",4464,3,1370.0250896057348
"DIVCORE/64/32/127/DIV/padded",4464,3,1319.2672491039427
"DIVCORE/64/32/127/MOD/padded",4464,3,1325.5116487455198
"DIVCORE/128/32/17/DIV/normalized",2425,3,3978.144329896907
"DIVCORE/128/32/17/MOD/normalized",2840,3,4035.8566901408449
"DIVCORE/128/32/17/DIV/top-clear",2364,3,4249.6476311336719
"DIVCORE/128/32/17/MOD/top-clear",2840,3,4206.0299295774648
"DIVCORE/128/32/17/DIV/top-one",2840,3,3802.1274647887326
"DIVCORE/128/32/17/MOD/top-one",2670,3,3881.3823970037452
"DIVCORE/128/32/17/DIV/padded",2840,3,4040.4781690140844
"DIVCORE/128/32/17/MOD/padded",2599,3,4037.7710657945363
"DIVCORE/128/32/17/DIV/add-back",2131,3,4819.7832003754102
"DIVCORE/128/32/17/MOD/add-back",2133,3,4824.1715893108294
"DIVCORE/128/32/127/DIV/normalized",2643,3,4001.9231933409005
"DIVCORE/128/32/127/MOD/normalized",2840,3,3970.9362676056339
"DIVCORE/128/32/127/DIV/top-clear",2840,3,4154.2105633802821
"DIVCORE/128/32/127/MOD/top-clear",2840,3,4506.6165492957743
"DIVCORE/128/32/127/DIV/top-one",2514,3,4230.7744630071602
"DIVCORE/128/32/127/MOD/top-one",2840,3,3970.0559859154928
"DIVCORE/128/32/127/DIV/padded",2557,3,3958.61048103246
"DIVCORE/128/32/127/MOD/padded",2525,3,3990.0166336633665
"DIVCORE/1056/32/17/DIV/normalized",221,3,45716.06334841629
"DIVCORE/1056/32/17/MOD/normalized",220,3,45728.977272727272
"DIVCORE/1056/32/17/DIV/top-clear",229,3,46203.240174672486
"DIVCORE/1056/32/17/MOD/top-clear",228,3,45947.004385964916
"DIVCORE/1056/32/17/DIV/top-one",252,3,41569.444444444445
"DIVCORE/1056/32/17/MOD/top-one",452,3,41546.183628318584
"DIVCORE/1056/32/17/DIV/padded",216,3,46217.981481481482
"DIVCORE/1056/32/17/MOD/padded",438,3,44284.438356164384
"DIVCORE/1056/32/17/DIV/add-back",396,3,50216.96212121212
"DIVCORE/1056/32/17/MOD/add-back",196,3,49600.127551020407
"DIVCORE/1056/32/127/DIV/normalized",438,3,41821.632420091322
"DIVCORE/1056/32/127/MOD/normalized",452,3,42368.639380530971
"DIVCORE/1056/32/127/DIV/top-clear",436,3,45427.561926605507
"DIVCORE/1056/32/127/MOD/top-clear",219,3,45456.621004566208
"DIVCORE/1056/32/127/DIV/top-one",228,3,46574.381578947367
"DIVCORE/1056/32/127/MOD/top-one",219,3,45613.013698630137
"DIVCORE/1056/32/127/DIV/padded",452,3,43409.75221238938
"DIVCORE/1056/32/127/MOD/padded",452,3,43272.862831858409
"DIVCORE/63/64/17/DIV/normalized",3496,3,12.788329519450802
"DIVCORE/63/64/17/MOD/normalized",3496,3,13.646453089244851
"DIVCORE/63/64/17/DIV/top-clear",3496,3,12.335526315789474
"DIVCORE/63/64/17/MOD/top-clear",3496,3,12.526315789473685
"DIVCORE/63/64/17/DIV/top-one",3496,3,12.132723112128147
"DIVCORE/63/64/17/MOD/top-one",3496,3,11.73941647597254
"DIVCORE/63/64/17/DIV/padded",3496,3,10.166475972540045
"DIVCORE/63/64/17/MOD/padded",3496,3,11.01258581235698
"DIVCORE/63/64/127/DIV/normalized",3496,3,11.942219679633867
"DIVCORE/63/64/127/MOD/normalized",3496,3,12.025743707093822
"DIVCORE/63/64/127/DIV/top-clear",3496,3,12.15675057208238
"DIVCORE/63/64/127/MOD/top-clear",3496,3,10.679061784897025
"DIVCORE/63/64/127/DIV/top-one",3496,3,10.702803203661327
"DIVCORE/63/64/127/MOD/top-one",3496,3,10.571796338672769
"DIVCORE/63/64/127/DIV/padded",3496,3,11.322368421052632
"DIVCORE/63/64/127/MOD/padded",3496,3,11.298627002288329
"DIVCORE/64/64/17/DIV/normalized",3472,3,21.769585253456221
"DIVCORE/64/64/17/MOD/normalized",3472,3,23.053283410138249
"DIVCORE/64/64/17/DIV/top-clear",3472,3,128.2883064516129
"DIVCORE/64/64/17/MOD/top-clear",3472,3,136.91676267281105
"DIVCORE/64/64/17/DIV/top-one",3472,3,125.14400921658986
"DIVCORE/64/64/17/MOD/top-one",3472,3,134.61261520737327
"DIVCORE/64/64/17/DIV/padded",3472,3,24.073444700460829
"DIVCORE/64/64/17/MOD/padded",3472,3,20.077188940092167
"DIVCORE/64/64/127/DIV/normalized",3472,3,74.140552995391701
"DIVCORE/64/64/127/MOD/normalized",3472,3,64.984158986175117
"DIVCORE/64/64/127/DIV/top-clear",3472,3,124.85599078341014
"DIVCORE/64/64/127/MOD/top-clear",3472,3,131.25230414746545
"DIVCORE/64/64/127/DIV/top-one",3472,3,125.26411290322581
"DIVCORE/64/64/127/MOD/top-one",3472,3,139.65293778801842
"DIVCORE/64/64/127/DIV/padded",3472,3,81.029377880184327
"DIVCORE/64/64/127/MOD/padded",3472,3,68.884504608294932
"DIVCORE/65/64/17/DIV/normalized",3448,3,154.84802784222737
"DIVCORE/65/64/17/MOD/normalized",3448,3,143.51305104408354
"DIVCORE/65/64/17/DIV/top-clear",3448,3,193.48172853828305
"DIVCORE/65/64/17/MOD/top-clear",3448,3,194.35179814385151
"DIVCORE/65/64/17/DIV/top-one",3448,3,192.68416473317865
"DIVCORE/65/64/17/MOD/top-one",3448,3,207.8497679814385
"DIVCORE/65/64/17/DIV/padded",3448,3,157.70011600928075
"DIVCORE/65/64/17/MOD/padded",3448,3,139.9602668213457
"DIVCORE/65/64/17/DIV/add-back",3448,3,124.49245939675174
"DIVCORE/65/64/17/MOD/add-back",3448,3,122.0635150812065
"DIVCORE/65/64/127/DIV/normalized",3448,3,154.87238979118328
"DIVCORE/65/64/127/MOD/normalized",3448,3,141.47070765661252
"DIVCORE/65/64/127/DIV/top-clear",3448,3,183.23433874709977
"DIVCORE/65/64/127/MOD/top-clear",3448,3,201.07076566125289
"DIVCORE/65/64/127/DIV/top-one",3448,3,191.17372389791183
"DIVCORE/65/64/127/MOD/top-one",3448,3,208.47853828306265
"DIVCORE/65/64/127/DIV/padded",3448,3,151.89965197215778
"DIVCORE/65/64/127/MOD/padded",3448,3,142.17198375870069
"DIVCORE/96/64/17/DIV/normalized",2840,3,2350.8218309859153
"DIVCORE/96/64/17/MOD/normalized",2840,3,2375.4401408450703
"DIVCORE/96/64/17/DIV/top-clear",2840,3,2535.5045774647888
"DIVCORE/96/64/17/MOD/top-clear",2840,3,2549.2221830985914
"DIVCORE/96/64/17/DIV/top-one",2840,3,2509.9911971830984
"DIVCORE/96/64/17/MOD/top-one",2840,3,2492.605633802817
"DIVCORE/96/64/17/DIV/padded",2840,3,2367.8697183098593
"DIVCORE/96/64/17/MOD/padded",2840,3,2311.9278169014083
"DIVCORE/96/64/17/DIV/add-back",2840,3,3469.0140845070423
"DIVCORE/96/64/17/MOD/add-back",2840,3,3455.6778169014083
"DIVCORE/96/64/127/DIV/normalized",2840,3,2366.5345070422536
"DIVCORE/96/64/127/MOD/normalized",2840,3,2343.3242957746479
"DIVCORE/96/64/127/DIV/top-clear",2840,3,2440.2584507042252
"DIVCORE/96/64/127/MOD/top-clear",2840,3,2441.6669014084505
"DIVCORE/96/64/127/DIV/top-one",2840,3,2480.4285211267606
"DIVCORE/96/64/127/MOD/top-one",2840,3,2507.3795774647888
"DIVCORE/96/64/127/DIV/padded",2840,3,2442.8697183098593
"DIVCORE/96/64/127/MOD/padded",2840,3,2356.7341549295775
"DIVCORE/128/64/17/DIV/normalized",2403,3,4743.9833541406579
"DIVCORE/128/64/17/MOD/normalized",2125,3,4734.0785882352939
"DIVCORE/128/64/17/DIV/top-clear",2403,3,4739.076154806492
"DIVCORE/128/64/17/MOD/top-clear",2403,3,4723.227632126509
"DIVCORE/128/64/17/DIV/top-one",2403,3,4657.303370786517
"DIVCORE/128/64/17/MOD/top-one",2403,3,4711.1598002496876
"DIVCORE/128/64/17/DIV/padded",2119,3,4656.5790467201514
"DIVCORE/128/64/17/MOD/padded",2215,3,4634.0108352144471
"DIVCORE/128/64/17/DIV/add-back",1542,3,6533.6686121919583
"DIVCORE/128/64/17/MOD/add-back",2403,3,6534.3666250520182
"DIVCORE/128/64/127/DIV/normalized",2150,3,4648.7404651162788
"DIVCORE/128/64/127/MOD/normalized",2403,3,4645.894298793175
"DIVCORE/128/64/127/DIV/top-clear",2047,3,4866.2471910112363
"DIVCORE/128/64/127/MOD/top-clear",2024,3,4832.283596837945
"DIVCORE/128/64/127/DIV/top-one",2403,3,4791.6146483562216
"DIVCORE/128/64/127/MOD/top-one",2059,3,4750.0203982515786
"DIVCORE/128/64/127/DIV/padded",2117,3,4658.2427964100143
"DIVCORE/128/64/127/MOD/padded",2228,3,4605.5130161579891
"DIVCORE/256/64/17/DIV/normalized",1024,3,14272.8271484375
"DIVCORE/256/64/17/MOD/normalized",1024,3,14279.8671875
"DIVCORE/256/64/17/DIV/top-clear",1024,3,13996.37890625
"DIVCORE/256/64/17/MOD/top-clear",1024,3,13888.5498046875
"DIVCORE/256/64/17/DIV/top-one",1024,3,14276.7744140625
"DIVCORE/256/64/17/MOD/top-one",1024,3,14460.001953125
"DIVCORE/256/64/17/DIV/padded",1024,3,14450.3984375
"DIVCORE/256/64/17/MOD/padded",1024,3,14444.82421875
"DIVCORE/256/64/17/DIV/add-back",1024,3,19597.7373046875
"DIVCORE/256/64/17/MOD/add-back",1010,3,19555.156435643563
"DIVCORE/256/64/127/DIV/normalized",1024,3,14306.681640625
"DIVCORE/256/64/127/MOD/normalized",1024,3,13768.025390625
"DIVCORE/256/64/127/DIV/top-clear",1024,3,13932.8203125
"DIVCORE/256/64/127/MOD/top-clear",1024,3,14093.66796875
"DIVCORE/256/64/127/DIV/top-one",1024,3,14230.0615234375
"DIVCORE/256/64/127/MOD/top-one",1024,3,14315.0234375
"DIVCORE/256/64/127/DIV/padded",1024,3,14173.9912109375
"DIVCORE/256/64/127/MOD/padded",1024,3,14203.7763671875
"DIVCORE/1088/64/17/DIV/normalized",135,3,76656.170370370368
"DIVCORE/1088/64/17/MOD/normalized",256,3,78424.8046875
"DIVCORE/1088/64/17/DIV/top-clear",268,3,78151.432835820902
"DIVCORE/1088/64/17/MOD/top-clear",266,3,73607.300751879695
"DIVCORE/1088/64/17/DIV/top-one",260,3,76987.342307692306
"DIVCORE/1088/64/17/MOD/top-one",130,3,76682.053846153853
"DIVCORE/1088/64/17/DIV/padded",129,3,76628.550387596901
"DIVCORE/1088/64/17/MOD/padded",130,3,77507.369230769225
"DIVCORE/1088/64/17/DIV/add-back",128,3,102504.234375
"DIVCORE/1088/64/17/MOD/add-back",128,3,103910.15625
"DIVCORE/1088/64/127/DIV/normalized",130,3,76317.307692307688
"DIVCORE/1088/64/127/MOD/normalized",130,3,76915.38461538461
"DIVCORE/1088/64/127/DIV/top-clear",131,3,74721.374045801524
"DIVCORE/1088/64/127/MOD/top-clear",139,3,76248.503597122297
"DIVCORE/1088/64/127/DIV/top-one",133,3,74564.218045112779
"DIVCORE/1088/64/127/MOD/top-one",133,3,75640.037593984962
"DIVCORE/1088/64/127/DIV/padded",130,3,75610.899999999994
"DIVCORE/1088/64/127/MOD/padded",131,3,76498.725190839701
"DIVCORE/65536/64/17/DIV/normalized",3,3,4841972
"DIVCORE/65536/64/17/MOD/normalized",3,3,4872639
"DIVCORE/65536/64/17/DIV/top-one",3,3,4911264
"DIVCORE/65536/64/17/MOD/top-one",3,3,4851236
"DIVCORE/65536/64/17/DIV/add-back",2,3,6493354
"DIVCORE/65536/64/17/MOD/add-back",2,3,6561895.5
"DIVCORE/500000/64/17/DIV/normalized",1,3,37832209
"DIVCORE/500000/64/17/MOD/normalized",1,3,37081917
"DIVCORE/500000/64/17/DIV/top-one",1,3,37238750
"DIVCORE/500000/64/17/MOD/top-one",1,3,37377583
"DIVCORE/500000/64/17/DIV/add-back",1,3,49952709
"DIVCORE/500000/64/17/MOD/add-back",1,3,49798917
"DIVCORE/127/128/17/DIV/normalized",1845,3,5.9620596205962055
"DIVCORE/127/128/17/MOD/normalized",1845,3,5.8043360433604336
"DIVCORE/127/128/17/DIV/top-clear",1845,3,6.5262872628726285
"DIVCORE/127/128/17/MOD/top-clear",1845,3,5.9392953929539294
"DIVCORE/127/128/17/DIV/top-one",1845,3,6.0298102981029809
"DIVCORE/127/128/17/MOD/top-one",1845,3,5.8265582655826558
"DIVCORE/127/128/17/DIV/padded",1845,3,6.2780487804878051
"DIVCORE/127/128/17/MOD/padded",1845,3,5.126287262872629
"DIVCORE/127/128/127/DIV/normalized",1845,3,6.1425474254742545
"DIVCORE/127/128/127/MOD/normalized",1845,3,5.8265582655826558
"DIVCORE/127/128/127/DIV/top-clear",1845,3,35.524119241192409
"DIVCORE/127/128/127/MOD/top-clear",1845,3,6.2780487804878051
"DIVCORE/127/128/127/DIV/top-one",1845,3,5.3523035230352303
"DIVCORE/127/128/127/MOD/top-one",1845,3,5.7360433604336043
"DIVCORE/127/128/127/DIV/padded",1845,3,5.5105691056910571
"DIVCORE/127/128/127/MOD/padded",1845,3,5.3295392953929541
"DIVCORE/128/128/17/DIV/normalized",1838,3,25.888465723612622
"DIVCORE/128/128/17/MOD/normalized",1838,3,11.992383025027204
"DIVCORE/128/128/17/DIV/top-clear",1838,3,218.64798694232863
"DIVCORE/128/128/17/MOD/top-clear",1838,3,250.0228509249184
"DIVCORE/128/128/17/DIV/top-one",1838,3,223.68063112078346
"DIVCORE/128/128/17/MOD/top-one",1838,3,260.29216539717083
"DIVCORE/128/128/17/DIV/padded",1838,3,26.523394994559304
"DIVCORE/128/128/17/MOD/padded",1838,3,14.463003264417846
"DIVCORE/128/128/127/DIV/normalized",1838,3,140.1436343852013
"DIVCORE/128/128/127/MOD/normalized",1838,3,146.33188248095757
"DIVCORE/128/128/127/DIV/top-clear",1838,3,222.7285092491839
"DIVCORE/128/128/127/MOD/top-clear",1838,3,261.08541893362349
"DIVCORE/128/128/127/DIV/top-one",1838,3,232.20457018498368
"DIVCORE/128/128/127/MOD/top-one",1838,3,259.90642002176281
"DIVCORE/128/128/127/DIV/padded",1838,3,148.5310119695321
"DIVCORE/128/128/127/MOD/padded",1838,3,145.9689880304679
"DIVCORE/129/128/17/DIV/normalized",1831,3,281.99508465319497
"DIVCORE/129/128/17/MOD/normalized",1831,3,278.60458765701804
"DIVCORE/129/128/17/DIV/top-clear",1831,3,370.31239759694154
"DIVCORE/129/128/17/MOD/top-clear",1831,3,402.83123975969414
"DIVCORE/129/128/17/DIV/top-one",1831,3,369.1742217367559
"DIVCORE/129/128/17/MOD/top-one",1831,3,400.16876024030586
"DIVCORE/129/128/17/DIV/padded",1831,3,281.24412889131622
"DIVCORE/129/128/17/MOD/padded",1831,3,272.91534680502457
"DIVCORE/129/128/17/DIV/add-back",1831,3,242.17203713817585
"DIVCORE/129/128/17/MOD/add-back",1831,3,241.12506826870563
"DIVCORE/129/128/127/DIV/normalized",1831,3,280.92572364827964
"DIVCORE/129/128/127/MOD/normalized",1831,3,279.81048607318405
"DIVCORE/129/128/127/DIV/top-clear",1831,3,369.83451665756417
"DIVCORE/129/128/127/MOD/top-clear",1831,3,406.24412889131622
"DIVCORE/129/128/127/DIV/top-one",1831,3,365.64718732932823
"DIVCORE/129/128/127/MOD/top-one",1831,3,398.50737302020752
"DIVCORE/129/128/127/DIV/padded",1831,3,285.81813216821411
"DIVCORE/129/128/127/MOD/padded",1831,3,292.21299836155106
"DIVCORE/160/128/17/DIV/normalized",1644,3,4408.6830900243312
"DIVCORE/160/128/17/MOD/normalized",1644,3,4407.3905109489051
"DIVCORE/160/128/17/DIV/top-clear",1644,3,4635.543187347932
"DIVCORE/160/128/17/MOD/top-clear",1644,3,4676.804744525547
"DIVCORE/160/128/17/DIV/top-one",1644,3,4594.2566909975667
"DIVCORE/160/128/17/MOD/top-one",1644,3,4625.6338199513384
"DIVCORE/160/128/17/DIV/padded",1644,3,4405.3631386861316
"DIVCORE/160/128/17/MOD/padded",1644,3,4397.6830900243312
"DIVCORE/160/128/17/DIV/add-back",1393,3,6725.3833452979179
"DIVCORE/160/128/17/MOD/add-back",1644,3,6713.5036496350367
"DIVCORE/160/128/127/DIV/normalized",1644,3,4412.9409975669096
"DIVCORE/160/128/127/MOD/normalized",1644,3,4393.6538929440385
"DIVCORE/160/128/127/DIV/top-clear",1644,3,4366.1040145985398
"DIVCORE/160/128/127/MOD/top-clear",1644,3,4448.3473236009731
"DIVCORE/160/128/127/DIV/top-one",1644,3,4645.5291970802919
"DIVCORE/160/128/127/MOD/top-one",1644,3,4705.2159367396598
"DIVCORE/160/128/127/DIV/padded",1644,3,4296.5072992700734
"DIVCORE/160/128/127/MOD/padded",1644,3,4388.9647201946473
"DIVCORE/256/128/17/DIV/normalized",1024,3,17176.7978515625
"DIVCORE/256/128/17/MOD/normalized",1024,3,17390.7880859375
"DIVCORE/256/128/17/DIV/top-clear",1024,3,17345.744140625
"DIVCORE/256/128/17/MOD/top-clear",1024,3,17578.2470703125
"DIVCORE/256/128/17/DIV/top-one",1024,3,17618.08203125
"DIVCORE/256/128/17/MOD/top-one",1024,3,17587.1982421875
"DIVCORE/256/128/17/DIV/padded",1024,3,17275.146484375
"DIVCORE/256/128/17/MOD/padded",1024,3,17230.8759765625
"DIVCORE/256/128/17/DIV/add-back",748,3,26389.705882352941
"DIVCORE/256/128/17/MOD/add-back",750,3,26446.887999999999
"DIVCORE/256/128/127/DIV/normalized",1024,3,17320.3935546875
"DIVCORE/256/128/127/MOD/normalized",1024,3,17264.16015625
"DIVCORE/256/128/127/DIV/top-clear",1024,3,17291.421875
"DIVCORE/256/128/127/MOD/top-clear",1024,3,18704.1015625
"DIVCORE/256/128/127/DIV/top-one",1024,3,17881.185546875
"DIVCORE/256/128/127/MOD/top-one",1024,3,18025.2275390625
"DIVCORE/256/128/127/DIV/padded",1024,3,17587.646484375
"DIVCORE/256/128/127/MOD/padded",1024,3,17527.7099609375
"DIVCORE/512/128/17/DIV/normalized",199,3,52537.899497487437
"DIVCORE/512/128/17/MOD/normalized",384,3,52483.940104166664
"DIVCORE/512/128/17/DIV/top-clear",384,3,52694.1171875
"DIVCORE/512/128/17/MOD/top-clear",197,3,52616.964467005077
"DIVCORE/512/128/17/DIV/top-one",192,3,51287.322916666664
"DIVCORE/512/128/17/MOD/top-one",193,3,51313.901554404147
"DIVCORE/512/128/17/DIV/padded",384,3,51901.4765625
"DIVCORE/512/128/17/MOD/padded",192,3,52187.0625
"DIVCORE/512/128/17/DIV/add-back",131,3,79513.992366412218
"DIVCORE/512/128/17/MOD/add-back",128,3,79835.9375
"DIVCORE/512/128/127/DIV/normalized",197,3,52287.223350253807
"DIVCORE/512/128/127/MOD/normalized",192,3,52155.380208333336
"DIVCORE/512/128/127/DIV/top-clear",193,3,52057.43005181347
"DIVCORE/512/128/127/MOD/top-clear",330,3,52098.360606060603
"DIVCORE/512/128/127/DIV/top-one",382,3,53689.900523560209
"DIVCORE/512/128/127/MOD/top-one",372,3,52978.384408602149
"DIVCORE/512/128/127/DIV/padded",376,3,50637.523936170212
"DIVCORE/512/128/127/MOD/padded",200,3,52726.875
"DIVCORE/1152/128/17/DIV/normalized",128,3,137467.453125
"DIVCORE/1152/128/17/MOD/normalized",128,3,136847.3359375
"DIVCORE/1152/128/17/DIV/top-clear",128,3,136464.1953125
"DIVCORE/1152/128/17/MOD/top-clear",128,3,136911.78125
"DIVCORE/1152/128/17/DIV/top-one",128,3,139207.03125
"DIVCORE/1152/128/17/MOD/top-one",128,3,140260.4140625
"DIVCORE/1152/128/17/DIV/padded",128,3,140912.4375
"DIVCORE/1152/128/17/MOD/padded",128,3,141085.2890625
"DIVCORE/1152/128/17/DIV/add-back",46,3,212634.95652173914
"DIVCORE/1152/128/17/MOD/add-back",94,3,213673.30851063831
"DIVCORE/1152/128/127/DIV/normalized",128,3,137115.234375
"DIVCORE/1152/128/127/MOD/normalized",128,3,135471.6796875
"DIVCORE/1152/128/127/DIV/top-clear",128,3,136253.90625
"DIVCORE/1152/128/127/MOD/top-clear",128,3,137527.34375
"DIVCORE/1152/128/127/DIV/top-one",128,3,139047.8515625
"DIVCORE/1152/128/127/MOD/top-one",128,3,141222
"DIVCORE/1152/128/127/DIV/padded",128,3,138374.0234375
"DIVCORE/1152/128/127/MOD/padded",128,3,137061.5234375
"DIVCORE/255/256/17/DIV/normalized",948,3,6.1529535864978904
"DIVCORE/255/256/17/MOD/normalized",948,3,5.537974683544304
"DIVCORE/255/256/17/DIV/top-clear",948,3,5.537974683544304
"DIVCORE/255/256/17/MOD/top-clear",948,3,5.4947257383966246
"DIVCORE/255/256/17/DIV/top-one",948,3,6.5928270042194095
"DIVCORE/255/256/17/MOD/top-one",948,3,5.7130801687763713
"DIVCORE/255/256/17/DIV/padded",948,3,6.2848101265822782
"DIVCORE/255/256/17/MOD/padded",948,3,5.3628691983122359
"DIVCORE/255/256/127/DIV/normalized",948,3,5.6265822784810124
"DIVCORE/255/256/127/MOD/normalized",948,3,5.2299578059071727
"DIVCORE/255/256/127/DIV/top-clear",948,3,5.4504219409282699
"DIVCORE/255/256/127/MOD/top-clear",948,3,5.231012658227848
"DIVCORE/255/256/127/DIV/top-one",948,3,6.109704641350211
"DIVCORE/255/256/127/MOD/top-one",948,3,5.8016877637130806
"DIVCORE/255/256/127/DIV/padded",948,3,5.3628691983122359
"DIVCORE/255/256/127/MOD/padded",948,3,5.8449367088607591
"DIVCORE/256/256/17/DIV/normalized",946,3,273.78435517970399
"DIVCORE/256/256/17/MOD/normalized",946,3,274.09302325581393
"DIVCORE/256/256/17/DIV/top-clear",946,3,458.90591966173361
"DIVCORE/256/256/17/MOD/top-clear",946,3,502.64270613107823
"DIVCORE/256/256/17/DIV/top-one",946,3,446.96934460887951
"DIVCORE/256/256/17/MOD/top-one",946,3,515.72410147991548
"DIVCORE/256/256/17/DIV/padded",946,3,268.49894291754759
"DIVCORE/256/256/17/MOD/padded",946,3,256.82663847780128
"DIVCORE/256/256/127/DIV/normalized",946,3,282.94503171247356
"DIVCORE/256/256/127/MOD/normalized",946,3,276.20718816067654
"DIVCORE/256/256/127/DIV/top-clear",946,3,456.48308668076112
"DIVCORE/256/256/127/MOD/top-clear",946,3,503.65644820295984
"DIVCORE/256/256/127/DIV/top-one",946,3,424.81501057082454
"DIVCORE/256/256/127/MOD/top-one",946,3,493.21775898520087
"DIVCORE/256/256/127/DIV/padded",946,3,260.57082452431291
"DIVCORE/256/256/127/MOD/padded",946,3,247.31289640591967
"DIVCORE/257/256/17/DIV/normalized",945,3,533.11322751322746
"DIVCORE/257/256/17/MOD/normalized",945,3,504.49735449735448
"DIVCORE/257/256/17/DIV/top-clear",945,3,698.19153439153445
"DIVCORE/257/256/17/MOD/top-clear",945,3,742.68148148148146
"DIVCORE/257/256/17/DIV/top-one",945,3,702.91005291005285
"DIVCORE/257/256/17/MOD/top-one",945,3,753.79153439153436
"DIVCORE/257/256/17/DIV/padded",945,3,533.28888888888889
"DIVCORE/257/256/17/MOD/padded",945,3,522.39788359788361
"DIVCORE/257/256/17/DIV/add-back",945,3,472.44232804232803
"DIVCORE/257/256/17/MOD/add-back",945,3,456.79047619047617
"DIVCORE/257/256/127/DIV/normalized",945,3,531.04021164021162
"DIVCORE/257/256/127/MOD/normalized",945,3,536.46349206349203
"DIVCORE/257/256/127/DIV/top-clear",945,3,653.04232804232799
"DIVCORE/257/256/127/MOD/top-clear",945,3,704.01269841269846
"DIVCORE/257/256/127/DIV/top-one",945,3,650.61693121693122
"DIVCORE/257/256/127/MOD/top-one",945,3,724.60317460317458
"DIVCORE/257/256/127/DIV/padded",945,3,501.80740740740742
"DIVCORE/257/256/127/MOD/padded",945,3,511.50793650793651
"DIVCORE/288/256/17/DIV/normalized",892,3,8067.2174887892379
"DIVCORE/288/256/17/MOD/normalized",892,3,8069.4136771300446
"DIVCORE/288/256/17/DIV/top-clear",892,3,8522.0011210762332
"DIVCORE/288/256/17/MOD/top-clear",892,3,8445.0201793721972
"DIVCORE/288/256/17/DIV/top-one",892,3,8533.1647982062786
"DIVCORE/288/256/17/MOD/top-one",892,3,8701.8408071748872
"DIVCORE/288/256/17/DIV/padded",892,3,7970.5246636771299
"DIVCORE/288/256/17/MOD/padded",892,3,8100.5695067264578
"DIVCORE/288/256/17/DIV/add-back",892,3,13146.627802690584
"DIVCORE/288/256/17/MOD/add-back",892,3,13311.424887892377
"DIVCORE/288/256/127/DIV/normalized",892,3,8191.1434977578474
"DIVCORE/288/256/127/MOD/normalized",892,3,8276.0179372197308
"DIVCORE/288/256/127/DIV/top-clear",892,3,8364.9103139013459
"DIVCORE/288/256/127/MOD/top-clear",892,3,8226.9237668161441
"DIVCORE/288/256/127/DIV/top-one",892,3,8420.0302690582957
"DIVCORE/288/256/127/MOD/top-one",892,3,8637.1917040358749
"DIVCORE/288/256/127/DIV/padded",892,3,8375.2802690582957
"DIVCORE/288/256/127/MOD/padded",892,3,8313.9013452914805
"DIVCORE/512/256/17/DIV/normalized",156,3,65403.583333333336
"DIVCORE/512/256/17/MOD/normalized",310,3,64705.374193548385
"DIVCORE/512/256/17/DIV/top-clear",306,3,64840.277777777781
"DIVCORE/512/256/17/MOD/top-clear",154,3,63770.019480519477
"DIVCORE/512/256/17/DIV/top-one",151,3,65475.165562913906
"DIVCORE/512/256/17/MOD/top-one",151,3,64741.172185430463
"DIVCORE/512/256/17/DIV/padded",152,3,64476.42105263158
"DIVCORE/512/256/17/MOD/padded",152,3,65958.335526315786
"DIVCORE/512/256/17/DIV/add-back",128,3,105046.5546875
"DIVCORE/512/256/17/MOD/add-back",128,3,105906.25
"DIVCORE/512/256/127/DIV/normalized",308,3,64274.892857142855
"DIVCORE/512/256/127/MOD/normalized",308,3,64312.5
"DIVCORE/512/256/127/DIV/top-clear",161,3,67242.236024844722
"DIVCORE/512/256/127/MOD/top-clear",157,3,68810.242038216558
"DIVCORE/512/256/127/DIV/top-one",154,3,68159.363636363632
"DIVCORE/512/256/127/MOD/top-one",282,3,65961.585106382976
"DIVCORE/512/256/127/DIV/padded",302,3,65261.175496688738
"DIVCORE/512/256/127/MOD/padded",308,3,65282.061688311689
"DIVCORE/1024/256/17/DIV/normalized",51,3,195317
"DIVCORE/1024/256/17/MOD/normalized",51,3,196302.29411764705
"DIVCORE/1024/256/17/DIV/top-clear",52,3,188684.30769230769
"DIVCORE/1024/256/17/MOD/top-clear",104,3,191431.49038461538
"DIVCORE/1024/256/17/DIV/top-one",51,3,195863.56862745099
"DIVCORE/1024/256/17/MOD/top-one",51,3,193203.43137254901
"DIVCORE/1024/256/17/DIV/padded",51,3,195317
"DIVCORE/1024/256/17/MOD/padded",51,3,193178.09803921569
"DIVCORE/1024/256/17/DIV/add-back",34,3,316889.70588235295
"DIVCORE/1024/256/17/MOD/add-back",32,3,310738.28125
"DIVCORE/1024/256/127/DIV/normalized",53,3,192702.83018867925
"DIVCORE/1024/256/127/MOD/normalized",102,3,193770.43137254901
"DIVCORE/1024/256/127/DIV/top-clear",53,3,192509.43396226416
"DIVCORE/1024/256/127/MOD/top-clear",54,3,188929.01851851851
"DIVCORE/1024/256/127/DIV/top-one",53,3,187897.01886792452
"DIVCORE/1024/256/127/MOD/top-one",52,3,193298.07692307694
"DIVCORE/1024/256/127/DIV/padded",52,3,193663.46153846153
"DIVCORE/1024/256/127/MOD/padded",52,3,194189.11538461538
"DIVCORE/1280/256/17/DIV/normalized",39,3,262317.30769230769
"DIVCORE/1280/256/17/MOD/normalized",39,3,260824.76923076922
"DIVCORE/1280/256/17/DIV/top-clear",76,3,257695.17105263157
"DIVCORE/1280/256/17/MOD/top-clear",40,3,259463.54999999999
"DIVCORE/1280/256/17/DIV/top-one",39,3,262865.38461538462
"DIVCORE/1280/256/17/MOD/top-one",39,3,263494.641025641
"DIVCORE/1280/256/17/DIV/padded",39,3,258516.02564102566
"DIVCORE/1280/256/17/MOD/padded",39,3,250153.84615384616
"DIVCORE/1280/256/17/DIV/add-back",24,3,415472.20833333331
"DIVCORE/1280/256/17/MOD/add-back",24,3,428618.04166666669
"DIVCORE/1280/256/127/DIV/normalized",39,3,259619.66666666666
"DIVCORE/1280/256/127/MOD/normalized",39,3,259478.64102564103
"DIVCORE/1280/256/127/DIV/top-clear",39,3,255304.48717948719
"DIVCORE/1280/256/127/MOD/top-clear",39,3,255016.02564102566
"DIVCORE/1280/256/127/DIV/top-one",76,3,262029.05263157896
"DIVCORE/1280/256/127/MOD/top-one",40,3,261753.125
"DIVCORE/1280/256/127/DIV/padded",39,3,260089.74358974359
"DIVCORE/1280/256/127/MOD/padded",39,3,259563.02564102566
"DIVCORE/1023/1024/17/DIV/normalized",484,3,8.0082644628099171
"DIVCORE/1023/1024/17/MOD/normalized",484,3,6.2004132231404956
"DIVCORE/1023/1024/17/DIV/top-clear",484,3,5.9400826446280988
"DIVCORE/1023/1024/17/MOD/top-clear",484,3,8.4338842975206614
"DIVCORE/1023/1024/17/DIV/top-one",484,3,7.2314049586776861
"DIVCORE/1023/1024/17/MOD/top-one",484,3,5.4256198347107434
"DIVCORE/1023/1024/17/DIV/padded",484,3,6.1136363636363633
"DIVCORE/1023/1024/17/MOD/padded",484,3,4.9049586776859506
"DIVCORE/1023/1024/127/DIV/normalized",484,3,5.5082644628099171
"DIVCORE/1023/1024/127/MOD/normalized",484,3,5.5103305785123968
"DIVCORE/1023/1024/127/DIV/top-clear",484,3,5.5950413223140494
"DIVCORE/1023/1024/127/MOD/top-clear",484,3,5.1652892561983474
"DIVCORE/1023/1024/127/DIV/top-one",484,3,5.4235537190082646
"DIVCORE/1023/1024/127/MOD/top-one",484,3,5.3367768595041323
"DIVCORE/1023/1024/127/DIV/padded",484,3,5.3367768595041323
"DIVCORE/1023/1024/127/MOD/padded",484,3,6.6301652892561984
"DIVCORE/1024/1024/17/DIV/normalized",242,3,99.173553719008268
"DIVCORE/1024/1024/17/MOD/normalized",242,3,13.260330578512397
"DIVCORE/1024/1024/17/DIV/top-clear",242,3,1631.3719008264463
"DIVCORE/1024/1024/17/MOD/top-clear",242,3,1878.0991735537191
"DIVCORE/1024/1024/17/DIV/top-one",242,3,1617.9421487603306
"DIVCORE/1024/1024/17/MOD/top-one",242,3,1908.5743801652893
"DIVCORE/1024/1024/17/DIV/padded",242,3,93.318181818181813
"DIVCORE/1024/1024/17/MOD/padded",242,3,13.429752066115702
"DIVCORE/1024/1024/127/DIV/normalized",242,3,102.61570247933884
"DIVCORE/1024/1024/127/MOD/normalized",242,3,14.979338842975206
"DIVCORE/1024/1024/127/DIV/top-clear",242,3,1679.2355371900826
"DIVCORE/1024/1024/127/MOD/top-clear",242,3,1911.6735537190082
"DIVCORE/1024/1024/127/DIV/top-one",242,3,1623.6239669421489
"DIVCORE/1024/1024/127/MOD/top-one",242,3,1948.8636363636363
"DIVCORE/1024/1024/127/DIV/padded",242,3,92.805785123966942
"DIVCORE/1024/1024/127/MOD/padded",242,3,13.603305785123966
"DIVCORE/1025/1024/17/DIV/normalized",242,3,1086.0867768595042
"DIVCORE/1025/1024/17/MOD/normalized",242,3,951.78925619834706
"DIVCORE/1025/1024/17/DIV/top-clear",242,3,2665.8057851239669
"DIVCORE/1025/1024/17/MOD/top-clear",242,3,2843.4917355371899
"DIVCORE/1025/1024/17/DIV/top-one",242,3,2654.9586776859505
"DIVCORE/1025/1024/17/MOD/top-one",242,3,2753.9586776859505
"DIVCORE/1025/1024/17/DIV/padded",242,3,1104.5123966942149
"DIVCORE/1025/1024/17/MOD/padded",242,3,951.10330578512401
"DIVCORE/1025/1024/17/DIV/add-back",242,3,1737.0867768595042
"DIVCORE/1025/1024/17/MOD/add-back",242,3,1638.2561983471073
"DIVCORE/1025/1024/127/DIV/normalized",242,3,1907.1983471074379
"DIVCORE/1025/1024/127/MOD/normalized",242,3,1848.3099173553719
"DIVCORE/1025/1024/127/DIV/top-clear",242,3,2566.1157024793388
"DIVCORE/1025/1024/127/MOD/top-clear",242,3,2866.3925619834713
"DIVCORE/1025/1024/127/DIV/top-one",242,3,2567.318181818182
"DIVCORE/1025/1024/127/MOD/top-one",242,3,2830.2355371900826
"DIVCORE/1025/1024/127/DIV/padded",242,3,2066.9752066115702
"DIVCORE/1025/1024/127/MOD/padded",242,3,1952.6528925619834
"DIVCORE/1056/1024/17/DIV/normalized",238,3,30914.037815126052
"DIVCORE/1056/1024/17/MOD/normalized",238,3,30807.247899159665
"DIVCORE/1056/1024/17/DIV/top-clear",238,3,32449.403361344539
"DIVCORE/1056/1024/17/MOD/top-clear",238,3,32903.361344537814
"DIVCORE/1056/1024/17/DIV/top-one",238,3,31955.533613445379
"DIVCORE/1056/1024/17/MOD/top-one",238,3,32675.420168067227
"DIVCORE/1056/1024/17/DIV/padded",238,3,31065.474789915967
"DIVCORE/1056/1024/17/MOD/padded",238,3,30433.298319327732
"DIVCORE/1056/1024/17/DIV/add-back",238,3,53066.701680672268
"DIVCORE/1056/1024/17/MOD/add-back",185,3,52370.497297297297
"DIVCORE/1056/1024/127/DIV/normalized",238,3,30810.399159663866
"DIVCORE/1056/1024/127/MOD/normalized",238,3,31266.457983193279
"DIVCORE/1056/1024/127/DIV/top-clear",238,3,32018.382352941175
"DIVCORE/1056/1024/127/MOD/top-clear",238,3,32798.844537815123
"DIVCORE/1056/1024/127/DIV/top-one",238,3,32659.663865546219
"DIVCORE/1056/1024/127/MOD/top-one",238,3,32237.046218487394
"DIVCORE/1056/1024/127/DIV/padded",238,3,31022.584033613446
"DIVCORE/1056/1024/127/MOD/padded",238,3,30953.957983193279
"DIVCORE/2048/1024/17/DIV/normalized",16,3,978867.1875
"DIVCORE/2048/1024/17/MOD/normalized",16,3,970106.75
"DIVCORE/2048/1024/17/DIV/top-clear",16,3,996583.3125
"DIVCORE/2048/1024/17/MOD/top-clear",16,3,997229.125
"DIVCORE/2048/1024/17/DIV/top-one",16,3,980523.4375
"DIVCORE/2048/1024/17/MOD/top-one",16,3,983315.125
"DIVCORE/2048/1024/17/DIV/padded",16,3,984364.5625
"DIVCORE/2048/1024/17/MOD/padded",16,3,977554.6875
"DIVCORE/2048/1024/17/DIV/add-back",6,3,1694270.8333333333
"DIVCORE/2048/1024/17/MOD/add-back",6,3,1725916.6666666667
"DIVCORE/2048/1024/127/DIV/normalized",16,3,994632.8125
"DIVCORE/2048/1024/127/MOD/normalized",16,3,986601.5625
"DIVCORE/2048/1024/127/DIV/top-clear",16,3,982835.9375
"DIVCORE/2048/1024/127/MOD/top-clear",16,3,978421.875
"DIVCORE/2048/1024/127/DIV/top-one",16,3,982226.5625
"DIVCORE/2048/1024/127/MOD/top-one",16,3,981687.5
"DIVCORE/2048/1024/127/DIV/padded",16,3,986143.1875
"DIVCORE/2048/1024/127/MOD/padded",16,3,990893.25
"DIVCORE/4096/1024/17/DIV/normalized",4,3,2983823
"DIVCORE/4096/1024/17/MOD/normalized",4,3,2995739.5
"DIVCORE/4096/1024/17/DIV/top-clear",4,3,2942197.75
"DIVCORE/4096/1024/17/MOD/top-clear",4,3,3164739.5
"DIVCORE/4096/1024/17/DIV/top-one",4,3,3001177.25
"DIVCORE/4096/1024/17/MOD/top-one",4,3,2981729
"DIVCORE/4096/1024/17/DIV/padded",4,3,2973302
"DIVCORE/4096/1024/17/MOD/padded",4,3,2936000
"DIVCORE/4096/1024/17/DIV/add-back",2,3,5062729.5
"DIVCORE/4096/1024/17/MOD/add-back",2,3,5084229.5
"DIVCORE/4096/1024/127/DIV/normalized",4,3,2894062.5
"DIVCORE/4096/1024/127/MOD/normalized",4,3,2962573
"DIVCORE/4096/1024/127/DIV/top-clear",4,3,2980541.75
"DIVCORE/4096/1024/127/MOD/top-clear",4,3,2990645.75
"DIVCORE/4096/1024/127/DIV/top-one",4,3,2998843.75
"DIVCORE/4096/1024/127/MOD/top-one",4,3,2993781.25
"DIVCORE/4096/1024/127/DIV/padded",4,3,2994052
"DIVCORE/4096/1024/127/MOD/padded",4,3,3000958.25
"DIVCORE/1/1/17/DIV/normalized",27777,4,7.4672210821903011
"DIVCORE/1/1/17/MOD/normalized",27777,4,7.3802066457860818
"DIVCORE/1/1/17/DIV/top-clear",27777,4,6.9856715988047666
"DIVCORE/1/1/17/MOD/top-clear",27777,4,7.072686035208986
"DIVCORE/1/1/17/DIV/top-one",27777,4,7.2497029916837672
"DIVCORE/1/1/17/MOD/top-one",27777,4,7.4761853331893295
"DIVCORE/1/1/17/DIV/padded",27777,4,7.6772149620189367
"DIVCORE/1/1/17/MOD/padded",27777,4,7.4387082838319474
"DIVCORE/1/1/127/DIV/normalized",27777,4,7.2331785289988115
"DIVCORE/1/1/127/MOD/normalized",27777,4,7.2077258163228572
"DIVCORE/1/1/127/DIV/top-clear",27777,4,7.3367174280879865
"DIVCORE/1/1/127/MOD/top-clear",27777,4,7.2857039997119921
"DIVCORE/1/1/127/DIV/top-one",27777,4,7.5077222162220538
"DIVCORE/1/1/127/MOD/top-one",27777,4,7.3741944774453687
"DIVCORE/1/1/127/DIV/padded",27777,4,7.2902041257155199
"DIVCORE/1/1/127/MOD/padded",27777,4,7.5512114339201499
"DIVCORE/2/1/17/DIV/normalized",26315,4,16.139426182785485
"DIVCORE/2/1/17/MOD/normalized",26315,4,16.128329849895497
"DIVCORE/2/1/17/DIV/top-clear",26315,4,17.114763442903286
"DIVCORE/2/1/17/MOD/top-clear",26315,4,16.73950218506555
"DIVCORE/2/1/17/DIV/top-one",26315,4,17.325327759832795
"DIVCORE/2/1/17/MOD/top-one",26315,4,15.795819874596237
"DIVCORE/2/1/17/DIV/padded",26315,4,18.517651529545887
"DIVCORE/2/1/17/MOD/padded",26315,4,17.068820064601937
"DIVCORE/2/1/127/DIV/normalized",26315,4,16.763252897586927
"DIVCORE/2/1/127/MOD/normalized",26315,4,14.44993349800494
"DIVCORE/2/1/127/DIV/top-clear",26315,4,18.235797073912217
"DIVCORE/2/1/127/MOD/top-clear",26315,4,16.186927607828235
"DIVCORE/2/1/127/DIV/top-one",26315,4,18.012540376211287
"DIVCORE/2/1/127/MOD/top-one",26315,4,15.795819874596237
"DIVCORE/2/1/127/DIV/padded",26315,4,15.335056051681551
"DIVCORE/2/1/127/MOD/padded",26315,4,16.169485084552537
"DIVCORE/4/1/17/DIV/normalized",23809,4,24.033264731824101
"DIVCORE/4/1/17/MOD/normalized",23809,4,21.590238985257674
"DIVCORE/4/1/17/DIV/top-clear",23809,4,27.641858120878659
"DIVCORE/4/1/17/MOD/top-clear",23809,4,25.849804695703305
"DIVCORE/4/1/17/DIV/top-one",23809,4,25.225040950900919
"DIVCORE/4/1/17/MOD/top-one",23809,4,24.367508085177874
"DIVCORE/4/1/17/DIV/padded",23809,4,24.752572556596245
"DIVCORE/4/1/17/MOD/padded",23809,4,23.237011214246714
"DIVCORE/4/1/127/DIV/normalized",23809,4,23.942248729472048
"DIVCORE/4/1/127/MOD/normalized",23809,4,23.98076357679869
"DIVCORE/4/1/127/DIV/top-clear",23809,4,26.703809483808644
"DIVCORE/4/1/127/MOD/top-clear",23809,4,26.695073291612417
"DIVCORE/4/1/127/DIV/top-one",23809,4,25.317820992061826
"DIVCORE/4/1/127/MOD/top-one",23809,4,24.418287202318449
"DIVCORE/4/1/127/DIV/padded",23809,4,27.232349111680456
"DIVCORE/4/1/127/MOD/padded",23809,4,22.265739846276617
"DIVCORE/33/1/17/DIV/normalized",10000,4,211.82079999999999
"DIVCORE/33/1/17/MOD/normalized",10000,4,215.27500000000001
"DIVCORE/33/1/17/DIV/top-clear",10000,4,238.8083
"DIVCORE/33/1/17/MOD/top-clear",10000,4,240.69999999999999
"DIVCORE/33/1/17/DIV/top-one",10000,4,201.46250000000001
"DIVCORE/33/1/17/MOD/top-one",10000,4,200.03749999999999
"DIVCORE/33/1/17/DIV/padded",10000,4,231.07079999999999
"DIVCORE/33/1/17/MOD/padded",10000,4,225.63749999999999
"DIVCORE/33/1/127/DIV/normalized",10000,4,216.46250000000001
"DIVCORE/33/1/127/MOD/normalized",10000,4,216.35419999999999
"DIVCORE/33/1/127/DIV/top-clear",10000,4,236.92500000000001
"DIVCORE/33/1/127/MOD/top-clear",10000,4,234.36660000000001
"DIVCORE/33/1/127/DIV/top-one",10000,4,206.28749999999999
"DIVCORE/33/1/127/MOD/top-one",10000,4,204.02500000000001
"DIVCORE/33/1/127/DIV/padded",10000,4,232.16249999999999
"DIVCORE/33/1/127/MOD/padded",10000,4,230.04169999999999
"DIVCORE/1025/1/17/DIV/normalized",479,4,7146.3987473903962
"DIVCORE/1025/1/17/MOD/normalized",479,4,7295.4947807933195
"DIVCORE/1025/1/17/DIV/top-clear",479,4,7655.010438413361
"DIVCORE/1025/1/17/MOD/top-clear",479,4,7592.989561586639
"DIVCORE/1025/1/17/DIV/top-one",479,4,6308.5407098121086
"DIVCORE/1025/1/17/MOD/top-one",479,4,6362.8204592901875
"DIVCORE/1025/1/17/DIV/padded",479,4,7577.329853862213
"DIVCORE/1025/1/17/MOD/padded",479,4,7533.4029227557412
"DIVCORE/1025/1/127/DIV/normalized",479,4,7560.3674321503131
"DIVCORE/1025/1/127/MOD/normalized",479,4,7552.7139874739041
"DIVCORE/1025/1/127/DIV/top-clear",479,4,7483.6471816283929
"DIVCORE/1025/1/127/MOD/top-clear",479,4,7641.1795407098125
"DIVCORE/1025/1/127/DIV/top-one",479,4,6314.0208768267221
"DIVCORE/1025/1/127/MOD/top-one",479,4,6280.7933194154484
"DIVCORE/1025/1/127/DIV/padded",479,4,7930.4112734864302
"DIVCORE/1025/1/127/MOD/padded",479,4,7911.1002087682673
"DIVCORE/65536/1/17/DIV/normalized",7,4,719964.28571428568
"DIVCORE/65536/1/17/MOD/normalized",7,4,757940.57142857148
"DIVCORE/65536/1/17/DIV/top-one",7,4,405506
"DIVCORE/65536/1/17/MOD/top-one",7,4,404428.57142857142
"DIVCORE/500000/1/17/DIV/normalized",1,4,5937166
"DIVCORE/500000/1/17/MOD/normalized",1,4,5966250
"DIVCORE/500000/1/17/DIV/top-one",1,4,3107125
"DIVCORE/500000/1/17/MOD/top-one",1,4,3064083
"DIVCORE/1/2/17/DIV/normalized",26315,4,6.0881246437393122
"DIVCORE/1/2/17/MOD/normalized",26315,4,6.1339920197605924
"DIVCORE/1/2/17/DIV/top-clear",26315,4,6.0991829754892644
"DIVCORE/1/2/17/MOD/top-clear",26315,4,6.1419342580277405
"DIVCORE/1/2/17/DIV/top-one",26315,4,6.1403762112863385
"DIVCORE/1/2/17/MOD/top-one",26315,4,6.146684400532016
"DIVCORE/1/2/17/DIV/padded",26315,4,5.6130723921717651
"DIVCORE/1/2/17/MOD/padded",26315,4,6.2306289188675663
"DIVCORE/1/2/127/DIV/normalized",26315,4,6.0500855025650768
"DIVCORE/1/2/127/MOD/normalized",26315,4,5.9234277028310851
"DIVCORE/1/2/127/DIV/top-clear",26315,4,6.0976249287478623
"DIVCORE/1/2/127/MOD/top-clear",26315,4,6.1324339730191904
"DIVCORE/1/2/127/DIV/top-one",26315,4,6.2416872506175185
"DIVCORE/1/2/127/MOD/top-one",26315,4,6.0722781683450506
"DIVCORE/1/2/127/DIV/padded",26315,4,5.8933688010640317
"DIVCORE/1/2/127/MOD/padded",26315,4,6.1894356830704922
"DIVCORE/2/2/17/DIV/normalized",25000,4,18.93336
"DIVCORE/2/2/17/MOD/normalized",25000,4,16.476680000000002
"DIVCORE/2/2/17/DIV/top-clear",25000,4,17.97832
"DIVCORE/2/2/17/MOD/top-clear",25000,4,16.70336
"DIVCORE/2/2/17/DIV/top-one",25000,4,19.03668
"DIVCORE/2/2/17/MOD/top-one",25000,4,18.34
"DIVCORE/2/2/17/DIV/padded",25000,4,17.451640000000001
"DIVCORE/2/2/17/MOD/padded",25000,4,15.505000000000001
"DIVCORE/2/2/127/DIV/normalized",25000,4,18.120000000000001
"DIVCORE/2/2/127/MOD/normalized",25000,4,14.69
"DIVCORE/2/2/127/DIV/top-clear",25000,4,19.421679999999999
"DIVCORE/2/2/127/MOD/top-clear",25000,4,18.03332
"DIVCORE/2/2/127/DIV/top-one",25000,4,20.109999999999999
"DIVCORE/2/2/127/MOD/top-one",25000,4,19.704999999999998
"DIVCORE/2/2/127/DIV/padded",25000,4,17.95168
"DIVCORE/2/2/127/MOD/padded",25000,4,15.03336
"DIVCORE/3/2/17/DIV/normalized",23809,4,23.142509135200974
"DIVCORE/3/2/17/MOD/normalized",23809,4,23.336763408794994
"DIVCORE/3/2/17/DIV/top-clear",23809,4,24.616027552606159
"DIVCORE/3/2/17/MOD/top-clear",23809,4,25.01155025410559
"DIVCORE/3/2/17/DIV/top-one",23809,4,25.015078331723299
"DIVCORE/3/2/17/MOD/top-one",23809,4,25.659078499726995
"DIVCORE/3/2/17/DIV/padded",23809,4,24.115502541055903
"DIVCORE/3/2/17/MOD/padded",23809,4,24.231047083035826
"DIVCORE/3/2/127/DIV/normalized",23809,4,24.544289974379435
"DIVCORE/3/2/127/MOD/normalized",23809,4,22.720735856188835
"DIVCORE/3/2/127/DIV/top-clear",23809,4,26.352093746062412
"DIVCORE/3/2/127/MOD/top-clear",23809,4,26.836826410181025
"DIVCORE/3/2/127/DIV/top-one",23809,4,24.232769120920661
"DIVCORE/3/2/127/MOD/top-one",23809,4,26.784325255155615
"DIVCORE/3/2/127/DIV/padded",23809,4,23.555504221092864
"DIVCORE/3/2/127/MOD/padded",23809,4,23.788273342013525
"DIVCORE/4/2/17/DIV/normalized",22727,4,26.62951555418665
"DIVCORE/4/2/17/MOD/normalized",22727,4,28.952347428169137
"DIVCORE/4/2/17/DIV/top-clear",22727,4,35.238922867074407
"DIVCORE/4/2/17/MOD/top-clear",22727,4,36.643287719452637
"DIVCORE/4/2/17/DIV/top-one",22727,4,34.694416332995999
"DIVCORE/4/2/17/MOD/top-one",22727,4,35.083072996875963
"DIVCORE/4/2/17/DIV/padded",22727,4,29.284155409864919
"DIVCORE/4/2/17/MOD/padded",22727,4,26.427817133805604
"DIVCORE/4/2/127/DIV/normalized",22727,4,30.98917587011044
"DIVCORE/4/2/127/MOD/normalized",22727,4,29.700356404276853
"DIVCORE/4/2/127/DIV/top-clear",22727,4,35.719276631319573
"DIVCORE/4/2/127/MOD/top-clear",22727,4,34.775069300831611
"DIVCORE/4/2/127/DIV/top-one",22727,4,33.92255907070885
"DIVCORE/4/2/127/MOD/top-one",22727,4,35.176574118889427
"DIVCORE/4/2/127/DIV/padded",22727,4,30.48686584239011
"DIVCORE/4/2/127/MOD/padded",22727,4,29.559202710432526
"DIVCORE/8/2/17/DIV/normalized",19230,4,71.019656786271455
"DIVCORE/8/2/17/MOD/normalized",19230,4,71.125845033801355
"DIVCORE/8/2/17/DIV/top-clear",19230,4,78.921840873634949
"DIVCORE/8/2/17/MOD/top-clear",19230,4,82.115652626105046
"DIVCORE/8/2/17/DIV/top-one",19230,4,80.70936037441497
"DIVCORE/8/2/17/MOD/top-one",19230,4,73.719448777951115
"DIVCORE/8/2/17/DIV/padded",19230,4,69.476911076443059
"DIVCORE/8/2/17/MOD/padded",19230,4,71.806188247529903
"DIVCORE/8/2/127/DIV/normalized",19230,4,68.805252210088398
"DIVCORE/8/2/127/MOD/normalized",19230,4,72.534217368694755
"DIVCORE/8/2/127/DIV/top-clear",19230,4,80.700728029121166
"DIVCORE/8/2/127/MOD/top-clear",19230,4,80.278211128445136
"DIVCORE/8/2/127/DIV/top-one",19230,4,80.57722308892356
"DIVCORE/8/2/127/MOD/top-one",19230,4,80.198075923036924
"DIVCORE/8/2/127/DIV/padded",19230,4,72.571086843473736
"DIVCORE/8/2/127/MOD/padded",19230,4,71.654498179927202
"DIVCORE/34/2/17/DIV/normalized",9615,4,350.06926677067082
"DIVCORE/34/2/17/MOD/normalized",9615,4,338.41653666146647
"DIVCORE/34/2/17/DIV/top-clear",9615,4,355.55985439417577
"DIVCORE/34/2/17/MOD/top-clear",9615,4,352.76474258970359
"DIVCORE/34/2/17/DIV/top-one",9615,4,349.92199687987522
"DIVCORE/34/2/17/MOD/top-one",9615,4,355.81560062402497
"DIVCORE/34/2/17/DIV/padded",9615,4,346.76287051482058
"DIVCORE/34/2/17/MOD/padded",9615,4,349.43234529381175
"DIVCORE/34/2/127/DIV/normalized",9615,4,333.67134685387413
"DIVCORE/34/2/127/MOD/normalized",9615,4,351.18731149245968
"DIVCORE/34/2/127/DIV/top-clear",9615,4,351.37368694747789
"DIVCORE/34/2/127/MOD/top-clear",9615,4,353.90889235569421
"DIVCORE/34/2/127/DIV/top-one",9615,4,349.605616224649
"DIVCORE/34/2/127/MOD/top-one",9615,4,355.88486739469579
"DIVCORE/34/2/127/DIV/padded",9615,4,362.87925117004681
"DIVCORE/34/2/127/MOD/padded",9615,4,353.21976079043162
"DIVCORE/1026/2/17/DIV/normalized",478,4,10867.330543933054
"DIVCORE/1026/2/17/MOD/normalized",478,4,10836.820083682009
"DIVCORE/1026/2/17/DIV/top-clear",478,4,11353.817991631799
"DIVCORE/1026/2/17/MOD/top-clear",478,4,11169.803347280334
"DIVCORE/1026/2/17/DIV/top-one",478,4,11697.351464435147
"DIVCORE/1026/2/17/MOD/top-one",478,4,11725.853556485356
"DIVCORE/1026/2/17/DIV/padded",478,4,11227.161087866109
"DIVCORE/1026/2/17/MOD/padded",478,4,11288.964435146443
"DIVCORE/1026/2/127/DIV/normalized",478,4,10859.048117154811
"DIVCORE/1026/2/127/MOD/normalized",478,4,10939.330543933054
"DIVCORE/1026/2/127/DIV/top-clear",478,4,11961.993723849373
"DIVCORE/1026/2/127/MOD/top-clear",478,4,11968.968619246862
"DIVCORE/1026/2/127/DIV/top-one",478,4,11899.058577405858
"DIVCORE/1026/2/127/MOD/top-one",478,4,11866.807531380753
"DIVCORE/1026/2/127/DIV/padded",478,4,11219.142259414226
"DIVCORE/1026/2/127/MOD/padded",478,4,11147.838912133891
"DIVCORE/65536/2/17/DIV/normalized",7,4,928422.57142857148
"DIVCORE/65536/2/17/MOD/normalized",7,4,914142.85714285716
"DIVCORE/65536/2/17/DIV/top-one",7,4,898244.14285714284
"DIVCORE/65536/2/17/MOD/top-one",7,4,880845.14285714284
"DIVCORE/500000/2/17/DIV/normalized",1,4,7275625
"DIVCORE/500000/2/17/MOD/normalized",1,4,7266958
"DIVCORE/500000/2/17/DIV/top-one",1,4,6690333
"DIVCORE/500000/2/17/MOD/top-one",1,4,6704416
"DIVCORE/2/3/17/DIV/normalized",23809,4,6.4874207232559113
"DIVCORE/2/3/17/MOD/normalized",23809,4,6.3491116804569705
"DIVCORE/2/3/17/DIV/top-clear",23809,4,6.5678944936788612
"DIVCORE/2/3/17/MOD/top-clear",23809,4,5.7541265907849972
"DIVCORE/2/3/17/DIV/top-one",23809,4,6.5766306858750889
"DIVCORE/2/3/17/MOD/top-one",23809,4,5.9501449031878701
"DIVCORE/2/3/17/DIV/padded",23809,4,6.5976731488092737
"DIVCORE/2/3/17/MOD/padded",23809,4,6.3089167961695161
"DIVCORE/2/3/127/DIV/normalized",23809,4,6.630895879709354
"DIVCORE/2/3/127/MOD/normalized",23809,4,6.2633877945314795
"DIVCORE/2/3/127/DIV/top-clear",23809,4,6.3088747952454955
"DIVCORE/2/3/127/MOD/top-clear",23809,4,6.1076483682641021
"DIVCORE/2/3/127/DIV/top-one",23809,4,6.3071527573606616
"DIVCORE/2/3/127/MOD/top-one",23809,4,6.0568692511235245
"DIVCORE/2/3/127/DIV/padded",23809,4,6.5661304548700068
"DIVCORE/2/3/127/MOD/padded",23809,4,6.1041202906463941
"DIVCORE/3/3/17/DIV/normalized",22727,4,19.233730804769657
"DIVCORE/3/3/17/MOD/normalized",22727,4,16.538698464381572
"DIVCORE/3/3/17/DIV/top-clear",22727,4,21.327407928895148
"DIVCORE/3/3/17/MOD/top-clear",22727,4,19.365732388788665
"DIVCORE/3/3/17/DIV/top-one",22727,4,23.873938487261846
"DIVCORE/3/3/17/MOD/top-one",22727,4,20.014740176882121
"DIVCORE/3/3/17/DIV/padded",22727,4,19.314383772605272
"DIVCORE/3/3/17/MOD/padded",22727,4,17.013552162625952
"DIVCORE/3/3/127/DIV/normalized",22727,4,21.73076076912923
"DIVCORE/3/3/127/MOD/normalized",22727,4,14.413824965899591
"DIVCORE/3/3/127/DIV/top-clear",22727,4,22.075460905530868
"DIVCORE/3/3/127/MOD/top-clear",22727,4,19.404232850794209
"DIVCORE/3/3/127/DIV/top-one",22727,4,22.550270603247238
"DIVCORE/3/3/127/MOD/top-one",22727,4,19.893738724864697
"DIVCORE/3/3/127/DIV/padded",22727,4,17.180358164297971
"DIVCORE/3/3/127/MOD/padded",22727,4,14.155365864390372
"DIVCORE/4/3/17/DIV/normalized",21739,4,23.375822254933528
"DIVCORE/4/3/17/MOD/normalized",21739,4,22.699250195501172
"DIVCORE/4/3/17/DIV/top-clear",21739,4,28.784672708036247
"DIVCORE/4/3/17/MOD/top-clear",21739,4,29.706610239661437
"DIVCORE/4/3/17/DIV/top-one",21739,4,31.807258843553061
"DIVCORE/4/3/17/MOD/top-one",21739,4,30.551865311191868
"DIVCORE/4/3/17/DIV/padded",21739,4,25.616403698422189
"DIVCORE/4/3/17/MOD/padded",21739,4,24.75389852339114
"DIVCORE/4/3/17/DIV/add-back",21739,4,25.652835917015501
"DIVCORE/4/3/17/MOD/add-back",21739,4,23.705506233037397
"DIVCORE/4/3/127/DIV/normalized",21739,4,26.668660011960071
"DIVCORE/4/3/127/MOD/normalized",21739,4,25.068218409310457
"DIVCORE/4/3/127/DIV/top-clear",21739,4,25.917291503749023
"DIVCORE/4/3/127/MOD/top-clear",21739,4,27.768848613091677
"DIVCORE/4/3/127/DIV/top-one",21739,4,28.742490454942729
"DIVCORE/4/3/127/MOD/top-one",21739,4,29.802428814572888
"DIVCORE/4/3/127/DIV/padded",21739,4,25.990155940935647
"DIVCORE/4/3/127/MOD/padded",21739,4,24.008280049680298
"DIVCORE/6/3/17/DIV/normalized",20000,4,43.78125
"DIVCORE/6/3/17/MOD/normalized",20000,4,44.529150000000001
"DIVCORE/6/3/17/DIV/top-clear",20000,4,55.079149999999998
"DIVCORE/6/3/17/MOD/top-clear",20000,4,53.512500000000003
"DIVCORE/6/3/17/DIV/top-one",20000,4,56.447899999999997
"DIVCORE/6/3/17/MOD/top-one",20000,4,53.197899999999997
"DIVCORE/6/3/17/DIV/padded",20000,4,43.727049999999998
"DIVCORE/6/3/17/MOD/padded",20000,4,43.9375
"DIVCORE/6/3/17/DIV/add-back",20000,4,33.827100000000002
"DIVCORE/6/3/17/MOD/add-back",20000,4,32.808349999999997
"DIVCORE/6/3/127/DIV/normalized",20000,4,45.172899999999998
"DIVCORE/6/3/127/MOD/normalized",20000,4,42.977049999999998
"DIVCORE/6/3/127/DIV/top-clear",20000,4,47.964550000000003
"DIVCORE/6/3/127/MOD/top-clear",20000,4,51.875
"DIVCORE/6/3/127/DIV/top-one",20000,4,52.410400000000003
"DIVCORE/6/3/127/MOD/top-one",20000,4,53.410449999999997
"DIVCORE/6/3/127/DIV/padded",20000,4,43.010449999999999
"DIVCORE/6/3/127/MOD/padded",20000,4,42.75
"DIVCORE/12/3/17/DIV/normalized",16129,4,116.43102486204972
"DIVCORE/12/3/17/MOD/normalized",16129,4,111.7991195982392
"DIVCORE/12/3/17/DIV/top-clear",16129,4,124.57895715791432
"DIVCORE/12/3/17/MOD/top-clear",16129,4,128.66321532643065
"DIVCORE/12/3/17/DIV/top-one",16129,4,125.27385454770909
"DIVCORE/12/3/17/MOD/top-one",16129,4,124.58149916299833
"DIVCORE/12/3/17/DIV/padded",16129,4,116.76948353896708
"DIVCORE/12/3/17/MOD/padded",16129,4,115.31248062496125
"DIVCORE/12/3/17/DIV/add-back",16129,4,65.376526753053511
"DIVCORE/12/3/17/MOD/add-back",16129,4,63.426126852253702
"DIVCORE/12/3/127/DIV/normalized",16129,4,115.1264802529605
"DIVCORE/12/3/127/MOD/normalized",16129,4,113.8735197470395
"DIVCORE/12/3/127/DIV/top-clear",16129,4,125.59420918841838
"DIVCORE/12/3/127/MOD/top-clear",16129,4,123.82714365428731
"DIVCORE/12/3/127/DIV/top-one",16129,4,122.81970363940728
"DIVCORE/12/3/127/MOD/top-one",16129,4,123.70835141670284
"DIVCORE/12/3/127/DIV/padded",16129,4,114.28172856345712
"DIVCORE/12/3/127/MOD/padded",16129,4,115.02833405666811
"DIVCORE/35/3/17/DIV/normalized",9259,4,380.20207365806243
"DIVCORE/35/3/17/MOD/normalized",9259,4,377.98801166432662
"DIVCORE/35/3/17/DIV/top-clear",9259,4,407.67545091262554
"DIVCORE/35/3/17/MOD/top-clear",9259,4,407.81499081974295
"DIVCORE/35/3/17/DIV/top-one",9259,4,398.13521978615404
"DIVCORE/35/3/17/MOD/top-one",9259,4,397.14958418835727
"DIVCORE/35/3/17/DIV/padded",9259,4,378.15466033048926
"DIVCORE/35/3/17/MOD/padded",9259,4,379.99071173992871
"DIVCORE/35/3/17/DIV/add-back",9259,4,186.35921805810563
"DIVCORE/35/3/17/MOD/add-back",9259,4,183.6095690679339
"DIVCORE/35/3/127/DIV/normalized",9259,4,395.16060049681391
"DIVCORE/35/3/127/MOD/normalized",9259,4,378.70363970191164
"DIVCORE/35/3/127/DIV/top-clear",9259,4,387.94686251215035
"DIVCORE/35/3/127/MOD/top-clear",9259,4,387.78485797602332
"DIVCORE/35/3/127/DIV/top-one",9259,4,393.66205853763904
"DIVCORE/35/3/127/MOD/top-one",9259,4,381.40371530402854
"DIVCORE/35/3/127/DIV/padded",9259,4,388.1493681823091
"DIVCORE/35/3/127/MOD/padded",9259,4,368.99233178528999
"DIVCORE/1027/3/17/DIV/normalized",478,4,13481.694560669455
"DIVCORE/1027/3/17/MOD/normalized",478,4,14648.274058577406
"DIVCORE/1027/3/17/DIV/top-clear",478,4,12272.751046025105
"DIVCORE/1027/3/17/MOD/top-clear",478,4,12496.776150627615
"DIVCORE/1027/3/17/DIV/top-one",478,4,12194.734309623431
"DIVCORE/1027/3/17/MOD/top-one",478,4,12173.81380753138
"DIVCORE/1027/3/17/DIV/padded",478,4,12078.016736401674
"DIVCORE/1027/3/17/MOD/padded",478,4,12108.263598326359
"DIVCORE/1027/3/17/DIV/add-back",478,4,5011.6799163179912
"DIVCORE/1027/3/17/MOD/add-back",478,4,5011.3326359832636
"DIVCORE/1027/3/127/DIV/normalized",478,4,12200.922594142259
"DIVCORE/1027/3/127/MOD/normalized",478,4,11899.058577405858
"DIVCORE/1027/3/127/DIV/top-clear",478,4,13000
"DIVCORE/1027/3/127/MOD/top-clear",478,4,12883.018828451883
"DIVCORE/1027/3/127/DIV/top-one",478,4,12108.087866108786
"DIVCORE/1027/3/127/MOD/top-one",478,4,12065.376569037657
"DIVCORE/1027/3/127/DIV/padded",478,4,12164.487447698744
"DIVCORE/1027/3/127/MOD/padded",478,4,12149.144351464434
"DIVCORE/3/4/17/DIV/normalized",21739,4,5.9052854317125902
"DIVCORE/3/4/17/MOD/normalized",21739,4,6.3940383642301857
"DIVCORE/3/4/17/DIV/top-clear",21739,4,6.1046046276277659
"DIVCORE/3/4/17/MOD/top-clear",21739,4,6.5780394682368097
"DIVCORE/3/4/17/DIV/top-one",21739,4,6.024104144624868
"DIVCORE/3/4/17/MOD/top-one",21739,4,6.5492892957357745
"DIVCORE/3/4/17/DIV/padded",21739,4,6.2790376742260454
"DIVCORE/3/4/17/MOD/padded",21739,4,6.7409724458346751
"DIVCORE/3/4/127/DIV/normalized",21739,4,6.9997239983439901
"DIVCORE/3/4/127/MOD/normalized",21739,4,5.7481484888909335
"DIVCORE/3/4/127/DIV/top-clear",21739,4,6.2905377432264595
"DIVCORE/3/4/127/MOD/top-clear",21739,4,6.5550393302359815
"DIVCORE/3/4/127/DIV/top-one",21739,4,6.1927871567229404
"DIVCORE/3/4/127/MOD/top-one",21739,4,6.6796080776484663
"DIVCORE/3/4/127/DIV/padded",21739,4,6.2675376052256313
"DIVCORE/3/4/127/MOD/padded",21739,4,6.8770412622475732
"DIVCORE/4/4/17/DIV/normalized",20833,4,20.484327749243988
"DIVCORE/4/4/17/MOD/normalized",20833,4,14.32621321941151
"DIVCORE/4/4/17/DIV/top-clear",20833,4,21.060336965391446
"DIVCORE/4/4/17/MOD/top-clear",20833,4,20.906350501608024
"DIVCORE/4/4/17/DIV/top-one",20833,4,22.006384102145635
"DIVCORE/4/4/17/MOD/top-one",20833,4,22.756396102337636
"DIVCORE/4/4/17/DIV/padded",20833,4,18.508328133250131
"DIVCORE/4/4/17/MOD/padded",20833,4,16.342293476695627
"DIVCORE/4/4/127/DIV/normalized",20833,4,20.186338981423702
"DIVCORE/4/4/127/MOD/normalized",20833,4,19.8043008688139
"DIVCORE/4/4/127/DIV/top-clear",20833,4,23.214371429942879
"DIVCORE/4/4/127/MOD/top-clear",20833,4,20.534296548744781
"DIVCORE/4/4/127/DIV/top-one",20833,4,22.524360389766237
"DIVCORE/4/4/127/MOD/top-one",20833,4,23.088369413910623
"DIVCORE/4/4/127/DIV/padded",20833,4,20.17832285316565
"DIVCORE/4/4/127/MOD/padded",20833,4,18.796332741323862
"DIVCORE/5/4/17/DIV/normalized",20000,4,28.845800000000001
"DIVCORE/5/4/17/MOD/normalized",20000,4,28.587499999999999
"DIVCORE/5/4/17/DIV/top-clear",20000,4,32.837499999999999
"DIVCORE/5/4/17/MOD/top-clear",20000,4,33.462499999999999
"DIVCORE/5/4/17/DIV/top-one",20000,4,33.443750000000001
"DIVCORE/5/4/17/MOD/top-one",20000,4,33.720799999999997
"DIVCORE/5/4/17/DIV/padded",20000,4,28.237500000000001
"DIVCORE/5/4/17/MOD/padded",20000,4,28.095800000000001
"DIVCORE/5/4/17/DIV/add-back",20000,4,24.03125
"DIVCORE/5/4/17/MOD/add-back",20000,4,21.893750000000001
"DIVCORE/5/4/127/DIV/normalized",20000,4,24.585450000000002
"DIVCORE/5/4/127/MOD/normalized",20000,4,24.939599999999999
"DIVCORE/5/4/127/DIV/top-clear",20000,4,33.322899999999997
"DIVCORE/5/4/127/MOD/top-clear",20000,4,33.410400000000003
"DIVCORE/5/4/127/DIV/top-one",20000,4,32.55415
"DIVCORE/5/4/127/MOD/top-one",20000,4,34.545850000000002
"DIVCORE/5/4/127/DIV/padded",20000,4,24.754200000000001
"DIVCORE/5/4/127/MOD/padded",20000,4,24.433350000000001
"DIVCORE/8/4/17/DIV/normalized",17857,4,62.281794254354033
"DIVCORE/8/4/17/MOD/normalized",17857,4,62.218849750798007
"DIVCORE/8/4/17/DIV/top-clear",17857,4,74.769894159153267
"DIVCORE/8/4/17/MOD/top-clear",17857,4,75.402251218009738
"DIVCORE/8/4/17/DIV/top-one",17857,4,72.086576692613548
"DIVCORE/8/4/17/MOD/top-one",17857,4,72.938231505852045
"DIVCORE/8/4/17/DIV/padded",17857,4,61.264490115920928
"DIVCORE/8/4/17/MOD/padded",17857,4,61.507140057120459
"DIVCORE/8/4/17/DIV/add-back",17857,4,44.924007392059139
"DIVCORE/8/4/17/MOD/add-back",17857,4,43.845998767990146
"DIVCORE/8/4/127/DIV/normalized",17857,4,68.81990255922048
"DIVCORE/8/4/127/MOD/normalized",17857,4,67.128241025928205
"DIVCORE/8/4/127/DIV/top-clear",17857,4,73.680293442347534
"DIVCORE/8/4/127/MOD/top-clear",17857,4,74.457243657949263
"DIVCORE/8/4/127/DIV/top-one",17857,4,70.607212857702862
"DIVCORE/8/4/127/MOD/top-one",17857,4,70.007560060480486
"DIVCORE/8/4/127/DIV/padded",17857,4,68.833846670773369
"DIVCORE/8/4/127/MOD/padded",17857,4,68.178249425995403
"DIVCORE/16/4/17/DIV/normalized",13888,4,172.93101958525347
"DIVCORE/16/4/17/MOD/normalized",13888,4,171.29593894009216
"DIVCORE/16/4/17/DIV/top-clear",13888,4,180.92662730414747
"DIVCORE/16/4/17/MOD/top-clear",13888,4,183.12874423963135
"DIVCORE/16/4/17/DIV/top-one",13888,4,176.43533986175115
"DIVCORE/16/4/17/MOD/top-one",13888,4,177.48833525345623
"DIVCORE/16/4/17/DIV/padded",13888,4,175.18721198156683
"DIVCORE/16/4/17/MOD/padded",13888,4,175.32222062211983
"DIVCORE/16/4/17/DIV/add-back",13888,4,94.115999423963132
"DIVCORE/16/4/17/MOD/add-back",13888,4,87.611607142857139
"DIVCORE/16/4/127/DIV/normalized",13888,4,172.68202764976959
"DIVCORE/16/4/127/MOD/normalized",13888,4,171.75201612903226
"DIVCORE/16/4/127/DIV/top-clear",13888,4,165.51764112903226
"DIVCORE/16/4/127/MOD/top-clear",13888,4,166.53470622119815
"DIVCORE/16/4/127/DIV/top-one",13888,4,165.74863191244239
"DIVCORE/16/4/127/MOD/top-one",13888,4,166.78369815668202
"DIVCORE/16/4/127/DIV/padded",13888,4,165.1845478110599
"DIVCORE/16/4/127/MOD/padded",13888,4,169.96990207373273
"DIVCORE/36/4/17/DIV/normalized",8928,4,413.7871863799283
"DIVCORE/36/4/17/MOD/normalized",8928,4,410.24955197132618
"DIVCORE/36/4/17/DIV/top-clear",8928,4,459.29480286738351
"DIVCORE/36/4/17/MOD/top-clear",8928,4,435.13384856630825
"DIVCORE/36/4/17/DIV/top-one",8928,4,423.23308691756273
"DIVCORE/36/4/17/MOD/top-one",8928,4,430.25224014336919
"DIVCORE/36/4/17/DIV/padded",8928,4,430.12612007168457
"DIVCORE/36/4/17/MOD/padded",8928,4,420.04558691756273
"DIVCORE/36/4/17/DIV/add-back",8928,4,254.15826612903226
"DIVCORE/36/4/17/MOD/add-back",8928,4,267.36581541218641
"DIVCORE/36/4/127/DIV/normalized",8928,4,432.80969982078852
"DIVCORE/36/4/127/MOD/normalized",8928,4,428.49742383512546
"DIVCORE/36/4/127/DIV/top-clear",8928,4,446.41386648745521
"DIVCORE/36/4/127/MOD/top-clear",8928,4,440.79021057347671
"DIVCORE/36/4/127/DIV/top-one",8928,4,428.29681899641577
"DIVCORE/36/4/127/MOD/top-one",8928,4,429.90221774193549
"DIVCORE/36/4/127/DIV/padded",8928,4,435.64258512544802
"DIVCORE/36/4/127/MOD/padded",8928,4,434.69982078853047
"DIVCORE/1028/4/17/DIV/normalized",477,4,13772.886792452829
"DIVCORE/1028/4/17/MOD/normalized",477,4,13031.0964360587
"DIVCORE/1028/4/17/DIV/top-clear",477,4,13617.576519916143
"DIVCORE/1028/4/17/MOD/top-clear",477,4,13669.375262054507
"DIVCORE/1028/4/17/DIV/top-one",477,4,13156.010482180294
"DIVCORE/1028/4/17/MOD/top-one",477,4,12938.765199161426
"DIVCORE/1028/4/17/DIV/padded",477,4,13661.075471698114
"DIVCORE/1028/4/17/MOD/padded",477,4,13013.450733752621
"DIVCORE/1028/4/17/DIV/add-back",477,4,7066.9119496855346
"DIVCORE/1028/4/17/MOD/add-back",477,4,7063.155136268344
"DIVCORE/1028/4/127/DIV/normalized",477,4,13374.475890985324
"DIVCORE/1028/4/127/MOD/normalized",477,4,13235.150943396226
"DIVCORE/1028/4/127/DIV/top-clear",477,4,14290.792452830188
"DIVCORE/1028/4/127/MOD/top-clear",477,4,13704.140461215933
"DIVCORE/1028/4/127/DIV/top-one",477,4,13475.104821802935
"DIVCORE/1028/4/127/MOD/top-one",477,4,13420.773584905661
"DIVCORE/1028/4/127/DIV/padded",477,4,13601.153039832285
"DIVCORE/1028/4/127/MOD/padded",477,4,13564.377358490567
"DIVCORE/7/8/17/DIV/normalized",16129,4,6.1948663897327796
"DIVCORE/7/8/17/MOD/normalized",16129,4,5.4947609895219793
"DIVCORE/7/8/17/DIV/top-clear",16129,4,6.1302622605245212
"DIVCORE/7/8/17/MOD/top-clear",16129,4,5.9210118420236837
"DIVCORE/7/8/17/DIV/top-one",16129,4,6.2052204104408206
"DIVCORE/7/8/17/MOD/top-one",16129,4,5.7014694029388062
"DIVCORE/7/8/17/DIV/padded",16129,4,6.1277202554405106
"DIVCORE/7/8/17/MOD/padded",16129,4,5.9391158782317568
"DIVCORE/7/8/127/DIV/normalized",16129,4,6.2026164052328108
"DIVCORE/7/8/127/MOD/normalized",16129,4,5.8538037076074154
"DIVCORE/7/8/127/DIV/top-clear",16129,4,6.3834087668175332
"DIVCORE/7/8/127/MOD/top-clear",16129,4,5.5205530411060826
"DIVCORE/7/8/127/DIV/top-one",16129,4,6.1715543431086859
"DIVCORE/7/8/127/MOD/top-one",16129,4,5.879719759439519
"DIVCORE/7/8/127/DIV/padded",16129,4,6.12251224502449
"DIVCORE/7/8/127/MOD/padded",16129,4,6.0915121830243661
"DIVCORE/8/8/17/DIV/normalized",15625,4,22.786688000000002
"DIVCORE/8/8/17/MOD/normalized",15625,4,15.034624000000001
"DIVCORE/8/8/17/DIV/top-clear",15625,4,29.741375999999999
"DIVCORE/8/8/17/MOD/top-clear",15625,4,27.525312
"DIVCORE/8/8/17/DIV/top-one",15625,4,29.917311999999999
"DIVCORE/8/8/17/MOD/top-one",15625,4,27.154623999999998
"DIVCORE/8/8/17/DIV/padded",15625,4,24.106687999999998
"DIVCORE/8/8/17/MOD/padded",15625,4,16.141376000000001
"DIVCORE/8/8/127/DIV/normalized",15625,4,22.325375999999999
"DIVCORE/8/8/127/MOD/normalized",15625,4,15.821312000000001
"DIVCORE/8/8/127/DIV/top-clear",15625,4,29.192
"DIVCORE/8/8/127/MOD/top-clear",15625,4,27.018688000000001
"DIVCORE/8/8/127/DIV/top-one",15625,4,27.858688000000001
"DIVCORE/8/8/127/MOD/top-one",15625,4,27.456
"DIVCORE/8/8/127/DIV/padded",15625,4,22.648
"DIVCORE/8/8/127/MOD/padded",15625,4,15.213312
"DIVCORE/9/8/17/DIV/normalized",15151,4,29.373770708204081
"DIVCORE/9/8/17/MOD/normalized",15151,4,24.335555408883902
"DIVCORE/9/8/17/DIV/top-clear",15151,4,44.422216355356085
"DIVCORE/9/8/17/MOD/top-clear",15151,4,43.874991749719491
"DIVCORE/9/8/17/DIV/top-one",15151,4,45.833014322486967
"DIVCORE/9/8/17/MOD/top-one",15151,4,44.689063428156558
"DIVCORE/9/8/17/DIV/padded",15151,4,26.455943502079069
"DIVCORE/9/8/17/MOD/padded",15151,4,25.424592436142827
"DIVCORE/9/8/17/DIV/add-back",15151,4,30.052999801993266
"DIVCORE/9/8/17/MOD/add-back",15151,4,26.461355686093327
"DIVCORE/9/8/127/DIV/normalized",15151,4,25.559369018546629
"DIVCORE/9/8/127/MOD/normalized",15151,4,24.379578905682795
"DIVCORE/9/8/127/DIV/top-clear",15151,4,44.328757177744045
"DIVCORE/9/8/127/MOD/top-clear",15151,4,44.859481222361559
"DIVCORE/9/8/127/DIV/top-one",15151,4,43.520229687809383
"DIVCORE/9/8/127/MOD/top-one",15151,4,44.246254372648671
"DIVCORE/9/8/127/DIV/padded",15151,4,25.771104217543396
"DIVCORE/9/8/127/MOD/padded",15151,4,25.267903108705696
"DIVCORE/16/8/17/DIV/normalized",12500,4,145.61336
"DIVCORE/16/8/17/MOD/normalized",12500,4,146.27663999999999
"DIVCORE/16/8/17/DIV/top-clear",12500,4,164.13999999999999
"DIVCORE/16/8/17/MOD/top-clear",12500,4,165.47
"DIVCORE/16/8/17/DIV/top-one",12500,4,168.33663999999999
"DIVCORE/16/8/17/MOD/top-one",12500,4,168.84672
"DIVCORE/16/8/17/DIV/padded",12500,4,146.43328
"DIVCORE/16/8/17/MOD/padded",12500,4,146.47999999999999
"DIVCORE/16/8/17/DIV/add-back",12500,4,104.06999999999999
"DIVCORE/16/8/17/MOD/add-back",12500,4,108.09663999999999
"DIVCORE/16/8/127/DIV/normalized",12500,4,141.44
"DIVCORE/16/8/127/MOD/normalized",12500,4,143.29664
"DIVCORE/16/8/127/DIV/top-clear",12500,4,157.85664
"DIVCORE/16/8/127/MOD/top-clear",12500,4,161.60336000000001
"DIVCORE/16/8/127/DIV/top-one",12500,4,161.03999999999999
"DIVCORE/16/8/127/MOD/top-one",12500,4,161.62327999999999
"DIVCORE/16/8/127/DIV/padded",12500,4,145.44999999999999
"DIVCORE/16/8/127/MOD/padded",12500,4,145.09664000000001
"DIVCORE/32/8/17/DIV/normalized",8928,4,426.35528673835125
"DIVCORE/32/8/17/MOD/normalized",8928,4,423.51780913978496
"DIVCORE/32/8/17/DIV/top-clear",8928,4,436.93996415770607
"DIVCORE/32/8/17/MOD/top-clear",8928,4,435.79189068100357
"DIVCORE/32/8/17/DIV/top-one",8928,4,456.42921146953404
"DIVCORE/32/8/17/MOD/top-one",8928,4,458.146729390681
"DIVCORE/32/8/17/DIV/padded",8928,4,429.11805555555554
"DIVCORE/32/8/17/MOD/padded",8928,4,429.18346774193549
"DIVCORE/32/8/17/DIV/add-back",8928,4,311.62264784946234
"DIVCORE/32/8/17/MOD/add-back",8928,4,300.8605510752688
"DIVCORE/32/8/127/DIV/normalized",8928,4,490.55398745519716
"DIVCORE/32/8/127/MOD/normalized",8928,4,461.23611111111109
"DIVCORE/32/8/127/DIV/top-clear",8928,4,454.38508064516128
"DIVCORE/32/8/127/MOD/top-clear",8928,4,458.76276881720429
"DIVCORE/32/8/127/DIV/top-one",8928,4,444.2437275985663
"DIVCORE/32/8/127/MOD/top-one",8928,4,448.04267473118279
"DIVCORE/32/8/127/DIV/padded",8928,4,426.33198924731181
"DIVCORE/32/8/127/MOD/padded",8928,4,433.05241935483872
"DIVCORE/40/8/17/DIV/normalized",7812,4,568.79902713773686
"DIVCORE/40/8/17/MOD/normalized",7812,4,567.55632360471066
"DIVCORE/40/8/17/DIV/top-clear",7812,4,586.30952380952385
"DIVCORE/40/8/17/MOD/top-clear",7812,4,568.28699436763952
"DIVCORE/40/8/17/DIV/top-one",7812,4,593.58461341525856
"DIVCORE/40/8/17/MOD/top-one",7812,4,602.23579109062985
"DIVCORE/40/8/17/DIV/padded",7812,4,569.2684331797235
"DIVCORE/40/8/17/MOD/padded",7812,4,564.84152585765491
"DIVCORE/40/8/17/DIV/add-back",7812,4,405.55657962109575
"DIVCORE/40/8/17/MOD/add-back",7812,4,399.77496159754224
"DIVCORE/40/8/127/DIV/normalized",7812,4,601.69175627240145
"DIVCORE/40/8/127/MOD/normalized",7812,4,558.08371735791093
"DIVCORE/40/8/127/DIV/top-clear",7812,4,607.30286738351253
"DIVCORE/40/8/127/MOD/top-clear",7812,4,584.30939580133133
"DIVCORE/40/8/127/DIV/top-one",7812,4,585.21607782898104
"DIVCORE/40/8/127/MOD/top-one",7812,4,581.91999487967234
"DIVCORE/40/8/127/DIV/padded",7812,4,565.22555043522789
"DIVCORE/40/8/127/MOD/padded",7812,4,561.04390681003588
"DIVCORE/1032/8/17/DIV/normalized",473,4,18799.594080338265
"DIVCORE/1032/8/17/MOD/normalized",473,4,18733.615221987315
"DIVCORE/1032/8/17/DIV/top-clear",473,4,18207.188160676531
"DIVCORE/1032/8/17/MOD/top-clear",473,4,18163.143763213531
"DIVCORE/1032/8/17/DIV/top-one",473,4,18850.245243128964
"DIVCORE/1032/8/17/MOD/top-one",473,4,18810.342494714587
"DIVCORE/1032/8/17/DIV/padded",473,4,19112.932346723046
"DIVCORE/1032/8/17/MOD/padded",473,4,18485.114164904862
"DIVCORE/1032/8/17/DIV/add-back",473,4,11688.073995771671
"DIVCORE/1032/8/17/MOD/add-back",473,4,12310.871035940803
"DIVCORE/1032/8/127/DIV/normalized",473,4,19209.566596194501
"DIVCORE/1032/8/127/MOD/normalized",473,4,18187.985200845666
"DIVCORE/1032/8/127/DIV/top-clear",473,4,17841.701902748413
"DIVCORE/1032/8/127/MOD/top-clear",473,4,17723.750528541226
"DIVCORE/1032/8/127/DIV/top-one",473,4,18426.00422832981
"DIVCORE/1032/8/127/MOD/top-one",473,4,18450.845665961944
"DIVCORE/1032/8/127/DIV/padded",473,4,18465.558139534885
"DIVCORE/1032/8/127/MOD/padded",473,4,18480.355179704016
"DIVCORE/15/16/17/DIV/normalized",10638,4,5.7459108855047942
"DIVCORE/15/16/17/MOD/normalized",10638,4,6.0044181237074641
"DIVCORE/15/16/17/DIV/top-clear",10638,4,6.1022748636961834
"DIVCORE/15/16/17/MOD/top-clear",10638,4,6.1219214137995861
"DIVCORE/15/16/17/DIV/top-one",10638,4,6.180673058845648
"DIVCORE/15/16/17/MOD/top-one",10638,4,6.0201165632637714
"DIVCORE/15/16/17/DIV/padded",10638,4,6.3529798834367366
"DIVCORE/15/16/17/MOD/padded",10638,4,6.0279187817258881
"DIVCORE/15/16/127/DIV/normalized",10638,4,6.1219214137995861
"DIVCORE/15/16/127/MOD/normalized",10638,4,6.0749200977627371
"DIVCORE/15/16/127/DIV/top-clear",10638,4,6.239424703891709
"DIVCORE/15/16/127/MOD/top-clear",10638,4,5.9574168076706151
"DIVCORE/15/16/127/DIV/top-one",10638,4,6.4156796390298929
"DIVCORE/15/16/127/MOD/top-one",10638,4,5.7733596540703136
"DIVCORE/15/16/127/DIV/padded",10638,4,6.1414739612709157
"DIVCORE/15/16/127/MOD/padded",10638,4,5.9653130287648057
"DIVCORE/16/16/17/DIV/normalized",10416,4,18.921178955453151
"DIVCORE/16/16/17/MOD/normalized",10416,4,15.961021505376344
"DIVCORE/16/16/17/DIV/top-clear",10416,4,35.642281105990783
"DIVCORE/16/16/17/MOD/top-clear",10416,4,39.110503072196622
"DIVCORE/16/16/17/DIV/top-one",10416,4,37.634408602150536
"DIVCORE/16/16/17/MOD/top-one",10416,4,41.058659754224273
"DIVCORE/16/16/17/DIV/padded",10416,4,19.501248079877112
"DIVCORE/16/16/17/MOD/padded",10416,4,14.908986175115208
"DIVCORE/16/16/127/DIV/normalized",10416,4,25.257584485407065
"DIVCORE/16/16/127/MOD/normalized",10416,4,23.497503840245777
"DIVCORE/16/16/127/DIV/top-clear",10416,4,36.322388632872503
"DIVCORE/16/16/127/MOD/top-clear",10416,4,38.730510752688176
"DIVCORE/16/16/127/DIV/top-one",10416,4,37.642473118279568
"DIVCORE/16/16/127/MOD/top-one",10416,4,40.02256144393241
"DIVCORE/16/16/127/DIV/padded",10416,4,25.593605990783409
"DIVCORE/16/16/127/MOD/padded",10416,4,23.953533026113671
"DIVCORE/17/16/17/DIV/normalized",10204,4,51.866914935319485
"DIVCORE/17/16/17/MOD/normalized",10204,4,49.122892983143863
"DIVCORE/17/16/17/DIV/top-clear",10204,4,63.990395923167384
"DIVCORE/17/16/17/MOD/top-clear",10204,4,66.003528028224224
"DIVCORE/17/16/17/DIV/top-one",10204,4,64.847902783222267
"DIVCORE/17/16/17/MOD/top-one",10204,4,67.547040376323011
"DIVCORE/17/16/17/DIV/padded",10204,4,51.79341434731478
"DIVCORE/17/16/17/MOD/padded",10204,4,49.99676597412779
"DIVCORE/17/16/17/DIV/add-back",10204,4,40.54782438259506
"DIVCORE/17/16/17/MOD/add-back",10204,4,34.920913367306937
"DIVCORE/17/16/127/DIV/normalized",10204,4,52.908173265386125
"DIVCORE/17/16/127/MOD/normalized",10204,4,50.033516268130143
"DIVCORE/17/16/127/DIV/top-clear",10204,4,65.244021952175615
"DIVCORE/17/16/127/MOD/top-clear",10204,4,67.375539004312031
"DIVCORE/17/16/127/DIV/top-one",10204,4,65.027538220305757
"DIVCORE/17/16/127/MOD/top-one",10204,4,67.820658565268516
"DIVCORE/17/16/127/DIV/padded",10204,4,51.287044296354374
"DIVCORE/17/16/127/MOD/padded",10204,4,50.6500392003136
"DIVCORE/32/16/17/DIV/normalized",7812,4,413.79173067076295
"DIVCORE/32/16/17/MOD/normalized",7812,4,412.91180235535074
"DIVCORE/32/16/17/DIV/top-clear",7812,4,446.68996415770607
"DIVCORE/32/16/17/MOD/top-clear",7812,4,449.75678443420378
"DIVCORE/32/16/17/DIV/top-one",7812,4,441.39349718381976
"DIVCORE/32/16/17/MOD/top-one",7812,4,417.40271377368151
"DIVCORE/32/16/17/DIV/padded",7812,4,396.23335893497182
"DIVCORE/32/16/17/MOD/padded",7812,4,399.85496671786996
"DIVCORE/32/16/17/DIV/add-back",7812,4,450.69546850998466
"DIVCORE/32/16/17/MOD/add-back",7812,4,450.44482846902201
"DIVCORE/32/16/127/DIV/normalized",7812,4,410.67690732206859
"DIVCORE/32/16/127/MOD/normalized",7812,4,406.62864823348696
"DIVCORE/32/16/127/DIV/top-clear",7812,4,432.09703020993345
"DIVCORE/32/16/127/MOD/top-clear",7812,4,438.09728622631849
"DIVCORE/32/16/127/DIV/top-one",7812,4,427.53136200716847
"DIVCORE/32/16/127/MOD/top-one",7812,4,434.28379416282644
"DIVCORE/32/16/127/DIV/padded",7812,4,414.59190988223247
"DIVCORE/32/16/127/MOD/padded",7812,4,413.83448540706604
"DIVCORE/48/16/17/DIV/normalized",6250,4,762.17327999999998
"DIVCORE/48/16/17/MOD/normalized",6250,4,758.25343999999996
"DIVCORE/48/16/17/DIV/top-clear",6250,4,818.58000000000004
"DIVCORE/48/16/17/MOD/top-clear",6250,4,833.77344000000005
"DIVCORE/48/16/17/DIV/top-one",6250,4,842.81344000000001
"DIVCORE/48/16/17/MOD/top-one",6250,4,840.54672000000005
"DIVCORE/48/16/17/DIV/padded",6250,4,770.44000000000005
"DIVCORE/48/16/17/MOD/padded",6250,4,765.51328000000001
"DIVCORE/48/16/17/DIV/add-back",6250,4,895.36000000000001
"DIVCORE/48/16/17/MOD/add-back",6250,4,869.67344000000003
"DIVCORE/48/16/127/DIV/normalized",6250,4,764.97328000000005
"DIVCORE/48/16/127/MOD/normalized",6250,4,776.35343999999998
"DIVCORE/48/16/127/DIV/top-clear",6250,4,813.01999999999998
"DIVCORE/48/16/127/MOD/top-clear",6250,4,822.15999999999997
"DIVCORE/48/16/127/DIV/top-one",6250,4,823.45327999999995
"DIVCORE/48/16/127/MOD/top-one",6250,4,815.45327999999995
"DIVCORE/48/16/127/DIV/padded",6250,4,813.22000000000003
"DIVCORE/48/16/127/MOD/padded",6250,4,811.90656000000001
"DIVCORE/64/16/17/DIV/normalized",5208,4,1169.9710061443932
"DIVCORE/64/16/17/MOD/normalized",5208,4,1183.1637864823349
"DIVCORE/64/16/17/DIV/top-clear",5208,4,1247.1359447004609
"DIVCORE/64/16/17/MOD/top-clear",5208,4,1249.0798771121351
"DIVCORE/64/16/17/DIV/top-one",5208,4,1237.0232334869431
"DIVCORE/64/16/17/MOD/top-one",5208,4,1247.6478494623657
"DIVCORE/64/16/17/DIV/padded",5208,4,1169.3227726574501
"DIVCORE/64/16/17/MOD/padded",5208,4,1173.8511904761904
"DIVCORE/64/16/17/DIV/add-back",5208,4,1322.3886328725039
"DIVCORE/64/16/17/MOD/add-back",5208,4,1325.5328341013824
"DIVCORE/64/16/127/DIV/normalized",5208,4,1223.1662826420891
"DIVCORE/64/16/127/MOD/normalized",5208,4,1183.4998079877112
"DIVCORE/64/16/127/DIV/top-clear",5208,4,1242.1353686635944
"DIVCORE/64/16/127/MOD/top-clear",5208,4,1243.9996159754223
"DIVCORE/64/16/127/DIV/top-one",5208,4,1223.7342549923196
"DIVCORE/64/16/127/MOD/top-one",5208,4,1229.4786866359448
"DIVCORE/64/16/127/DIV/padded",5208,4,1213.4216589861751
"DIVCORE/64/16/127/MOD/padded",5208,4,1210.3335253456221
"DIVCORE/1040/16/17/DIV/normalized",466,4,25125.894849785407
"DIVCORE/1040/16/17/MOD/normalized",418,4,25514.552631578947
"DIVCORE/1040/16/17/DIV/top-clear",466,4,27122.673819742489
"DIVCORE/1040/16/17/MOD/top-clear",466,4,27207.886266094421
"DIVCORE/1040/16/17/DIV/top-one",376,4,27138.188829787236
"DIVCORE/1040/16/17/MOD/top-one",383,4,26941.362924281984
"DIVCORE/1040/16/17/DIV/padded",466,4,25587.804721030043
"DIVCORE/1040/16/17/MOD/padded",466,4,25527.182403433475
"DIVCORE/1040/16/17/DIV/add-back",466,4,27992.847639484979
"DIVCORE/1040/16/17/MOD/add-back",466,4,28070.727467811157
"DIVCORE/1040/16/127/DIV/normalized",372,4,28170.139784946237
"DIVCORE/1040/16/127/MOD/normalized",375,4,28095.666666666668
"DIVCORE/1040/16/127/DIV/top-clear",367,4,26746.705722070845
"DIVCORE/1040/16/127/MOD/top-clear",466,4,27059.997854077254
"DIVCORE/1040/16/127/DIV/top-one",466,4,25821.442060085836
"DIVCORE/1040/16/127/MOD/top-one",400,4,26004.6875
"DIVCORE/1040/16/127/DIV/padded",466,4,28170.154506437768
"DIVCORE/1040/16/127/MOD/padded",376,4,28194.037234042553
"DIVCORE/31/32/17/DIV/normalized",6329,4,7.7816400695212513
"DIVCORE/31/32/17/MOD/normalized",6329,4,7.1232422183599304
"DIVCORE/31/32/17/DIV/top-clear",6329,4,8.3016274292937275
"DIVCORE/31/32/17/MOD/top-clear",6329,4,7.5907726339074104
"DIVCORE/31/32/17/DIV/top-one",6329,4,7.5051350924316642
"DIVCORE/31/32/17/MOD/top-one",6329,4,6.8928740717332913
"DIVCORE/31/32/17/DIV/padded",6329,4,7.5512719228946121
"DIVCORE/31/32/17/MOD/padded",6329,4,6.8402591246642439
"DIVCORE/31/32/127/DIV/normalized",6329,4,7.5248854479380629
"DIVCORE/31/32/127/MOD/normalized",6329,4,7.0113762047716861
"DIVCORE/31/32/127/DIV/top-clear",6329,4,6.7612577026386473
"DIVCORE/31/32/127/MOD/top-clear",6329,4,7.1496286933164797
"DIVCORE/31/32/127/DIV/top-one",6329,4,7.9791436245852427
"DIVCORE/31/32/127/MOD/top-one",6329,4,7.0706272712908831
"DIVCORE/31/32/127/DIV/padded",6329,4,7.3866329593932694
"DIVCORE/31/32/127/MOD/padded",6329,4,7.1166060989097808
"DIVCORE/32/32/17/DIV/normalized",6250,4,43.146720000000002
"DIVCORE/32/32/17/MOD/normalized",6250,4,39.640000000000001
"DIVCORE/32/32/17/DIV/top-clear",6250,4,64.853279999999998
"DIVCORE/32/32/17/MOD/top-clear",6250,4,70.060000000000002
"DIVCORE/32/32/17/DIV/top-one",6250,4,65.299999999999997
"DIVCORE/32/32/17/MOD/top-one",6250,4,71.040000000000006
"DIVCORE/32/32/17/DIV/padded",6250,4,42.426560000000002
"DIVCORE/32/32/17/MOD/padded",6250,4,39.293280000000003
"DIVCORE/32/32/127/DIV/normalized",6250,4,43.259999999999998
"DIVCORE/32/32/127/MOD/normalized",6250,4,39.82
"DIVCORE/32/32/127/DIV/top-clear",6250,4,64.366720000000001
"DIVCORE/32/32/127/MOD/top-clear",6250,4,70.266559999999998
"DIVCORE/32/32/127/DIV/top-one",6250,4,65.833439999999996
"DIVCORE/32/32/127/MOD/top-one",6250,4,71.153440000000003
"DIVCORE/32/32/127/DIV/padded",6250,4,42.013280000000002
"DIVCORE/32/32/127/MOD/padded",6250,4,39.553280000000001
"DIVCORE/33/32/17/DIV/normalized",6172,4,51.867303953337654
"DIVCORE/33/32/17/MOD/normalized",6172,4,47.702041477640961
"DIVCORE/33/32/17/DIV/top-clear",6172,4,107.09656513285807
"DIVCORE/33/32/17/MOD/top-clear",6172,4,113.3951717433571
"DIVCORE/33/32/17/DIV/top-one",6172,4,108.29147764095917
"DIVCORE/33/32/17/MOD/top-one",6172,4,112.18681140635127
"DIVCORE/33/32/17/DIV/padded",6172,4,52.650356448476991
"DIVCORE/33/32/17/MOD/padded",6172,4,49.09948152948801
"DIVCORE/33/32/17/DIV/add-back",6172,4,65.369086195722616
"DIVCORE/33/32/17/MOD/add-back",6172,4,59.981853532080365
"DIVCORE/33/32/127/DIV/normalized",6172,4,86.641283214517173
"DIVCORE/33/32/127/MOD/normalized",6172,4,82.374594944912502
"DIVCORE/33/32/127/DIV/top-clear",6172,4,107.52187297472456
"DIVCORE/33/32/127/MOD/top-clear",6172,4,113.09802333117304
"DIVCORE/33/32/127/DIV/top-one",6172,4,107.55573558003888
"DIVCORE/33/32/127/MOD/top-one",6172,4,111.09316267012314
"DIVCORE/33/32/127/DIV/padded",6172,4,87.167854828256637
"DIVCORE/33/32/127/MOD/padded",6172,4,80.53856124432923
"DIVCORE/64/32/17/DIV/normalized",4464,4,1333.4359318996417
"DIVCORE/64/32/17/MOD/normalized",4464,4,1322.2072132616488
"DIVCORE/64/32/17/DIV/top-clear",4464,4,1415.5840053763441
"DIVCORE/64/32/17/MOD/top-clear",4464,4,1359.160170250896
"DIVCORE/64/32/17/DIV/top-one",4464,4,1333.4827508960573
"DIVCORE/64/32/17/MOD/top-one",4464,4,1360.8682795698924
"DIVCORE/64/32/17/DIV/padded",4464,4,1304.1274641577061
"DIVCORE/64/32/17/MOD/padded",4464,4,1314.5535394265232
"DIVCORE/64/32/17/DIV/add-back",4464,4,1602.1877240143369
"DIVCORE/64/32/17/MOD/add-back",4464,4,1613.2858422939069
"DIVCORE/64/32/127/DIV/normalized",4464,4,1401.1444892473119
"DIVCORE/64/32/127/MOD/normalized",4464,4,1464.1948924731182
"DIVCORE/64/32/127/DIV/top-clear",4464,4,1427.6805555555557
"DIVCORE/64/32/127/MOD/top-clear",4464,4,1427.9139784946237
"DIVCORE/64/32/127/DIV/top-one",4464,4,1373.7211021505377
"DIVCORE/64/32/127/MOD/top-one",4464,4,1378.6588261648747
"DIVCORE/64/32/127/DIV/padded",4464,4,1340.5112007168459
"DIVCORE/64/32/127/MOD/padded",4464,4,1341.668458781362
"DIVCORE/128/32/17/DIV/normalized",2425,4,4095.0515463917527
"DIVCORE/128/32/17/MOD/normalized",2840,4,4099.3105633802816
"DIVCORE/128/32/17/DIV/top-clear",2364,4,4272.2081218274116
"DIVCORE/128/32/17/MOD/top-clear",2840,4,4085.4313380281692
"DIVCORE/128/32/17/DIV/top-one",2840,4,3846.1707746478874
"DIVCORE/128/32/17/MOD/top-one",2670,4,3914.8565543071163
"DIVCORE/128/32/17/DIV/padded",2840,4,4037.5
"DIVCORE/128/32/17/MOD/padded",2599,4,4060.6325509811468
"DIVCORE/128/32/17/DIV/add-back",2131,4,4786.074612857813
"DIVCORE/128/32/17/MOD/add-back",2133,4,4802.48898265354
"DIVCORE/128/32/127/DIV/normalized",2643,4,3960.1778282255013
"DIVCORE/128/32/127/MOD/normalized",2840,4,3977.3475352112678
"DIVCORE/128/32/127/DIV/top-clear",2840,4,4161.9130281690141
"DIVCORE/128/32/127/MOD/top-clear",2840,4,4165.9919014084508
"DIVCORE/128/32/127/DIV/top-one",2514,4,4075.4606205250598
"DIVCORE/128/32/127/MOD/top-one",2840,4,4086.8838028169016
"DIVCORE/128/32/127/DIV/padded",2557,4,4000.5866249511146
"DIVCORE/128/32/127/MOD/padded",2525,4,3978.3334653465345
"DIVCORE/1056/32/17/DIV/normalized",221,4,45753.203619909502
"DIVCORE/1056/32/17/MOD/normalized",220,4,45644.699999999997
"DIVCORE/1056/32/17/DIV/top-clear",229,4,44934.864628820964
"DIVCORE/1056/32/17/MOD/top-clear",228,4,44956.324561403511
"DIVCORE/1056/32/17/DIV/top-one",252,4,41125.825396825399
"DIVCORE/1056/32/17/MOD/top-one",452,4,41407.356194690263
"DIVCORE/1056/32/17/DIV/padded",216,4,46170.717592592591
"DIVCORE/1056/32/17/MOD/padded",438,4,46104.262557077629
"DIVCORE/1056/32/17/DIV/add-back",396,4,51290.82575757576
"DIVCORE/1056/32/17/MOD/add-back",196,4,51256.806122448979
"DIVCORE/1056/32/127/DIV/normalized",438,4,42735.634703196345
"DIVCORE/1056/32/127/MOD/normalized",452,4,42445.610619469029
"DIVCORE/1056/32/127/DIV/top-clear",436,4,44521.692660550456
"DIVCORE/1056/32/127/MOD/top-clear",219,4,45368.150684931505
"DIVCORE/1056/32/127/DIV/top-one",228,4,45641.267543859649
"DIVCORE/1056/32/127/MOD/top-one",219,4,45680.173515981733
"DIVCORE/1056/32/127/DIV/padded",452,4,42795.630530973453
"DIVCORE/1056/32/127/MOD/padded",452,4,42999.353982300883
"DIVCORE/63/64/17/DIV/normalized",3496,4,10.142448512585812
"DIVCORE/63/64/17/MOD/normalized",3496,4,9.9877002288329528
"DIVCORE/63/64/17/DIV/top-clear",3496,4,8.1281464530892453
"DIVCORE/63/64/17/MOD/top-clear",3496,4,7.5680778032036615
"DIVCORE/63/64/17/DIV/top-one",3496,4,7.4370709382151032
"DIVCORE/63/64/17/MOD/top-one",3496,4,6.8412471395881003
"DIVCORE/63/64/17/DIV/padded",3496,4,7.8541189931350113
"DIVCORE/63/64/17/MOD/padded",3496,4,6.9482265446224254
"DIVCORE/63/64/127/DIV/normalized",3496,4,7.6753432494279172
"DIVCORE/63/64/127/MOD/normalized",3496,4,7.3298054919908466
"DIVCORE/63/64/127/DIV/top-clear",3496,4,8.0686498855835236
"DIVCORE/63/64/127/MOD/top-clear",3496,4,6.5789473684210522
"DIVCORE/63/64/127/DIV/top-one",3496,4,8.4622425629290614
"DIVCORE/63/64/127/MOD/top-one",3496,4,8.0806636155606402
"DIVCORE/63/64/127/DIV/padded",3496,4,7.901887871853547
"DIVCORE/63/64/127/MOD/padded",3496,4,7.5205949656750573
"DIVCORE/64/64/17/DIV/normalized",3472,4,23.269585253456221
"DIVCORE/64/64/17/MOD/normalized",3472,4,16.117223502304146
"DIVCORE/64/64/17/DIV/top-clear",3472,4,123.85973502304148
"DIVCORE/64/64/17/MOD/top-clear",3472,4,133.60455069124424
"DIVCORE/64/64/17/DIV/top-one",3472,4,127.65207373271889
"DIVCORE/64/64/17/MOD/top-one",3472,4,134.7926267281106
"DIVCORE/64/64/17/DIV/padded",3472,4,22.621255760368662
"DIVCORE/64/64/17/MOD/padded",3472,4,16.224942396313363
"DIVCORE/64/64/127/DIV/normalized",3472,4,78.641129032258064
"DIVCORE/64/64/127/MOD/normalized",3472,4,71.692396313364057
"DIVCORE/64/64/127/DIV/top-clear",3472,4,125.05990783410138
"DIVCORE/64/64/127/MOD/top-clear",3472,4,132.54838709677421
"DIVCORE/64/64/127/DIV/top-one",3472,4,123.61981566820276
"DIVCORE/64/64/127/MOD/top-one",3472,4,135.3565668202765
"DIVCORE/64/64/127/DIV/padded",3472,4,76.985023041474648
"DIVCORE/64/64/127/MOD/padded",3472,4,72.472638248847929
"DIVCORE/65/64/17/DIV/normalized",3448,4,149.45881670533643
"DIVCORE/65/64/17/MOD/normalized",3448,4,139.44054524361948
"DIVCORE/65/64/17/DIV/top-clear",3448,4,193.91676334106728
"DIVCORE/65/64/17/MOD/top-clear",3448,4,203.47563805104409
"DIVCORE/65/64/17/DIV/top-one",3448,4,196.3213457076566
"DIVCORE/65/64/17/MOD/top-one",3448,4,207.63225058004642
"DIVCORE/65/64/17/DIV/padded",3448,4,155.1502320185615
"DIVCORE/65/64/17/MOD/padded",3448,4,143.11426914153131
"DIVCORE/65/64/17/DIV/add-back",3448,4,124.61339907192576
"DIVCORE/65/64/17/MOD/add-back",3448,4,116.73433874709977
"DIVCORE/65/64/127/DIV/normalized",3448,4,151.80278422273781
"DIVCORE/65/64/127/MOD/normalized",3448,4,140.93938515081206
"DIVCORE/65/64/127/DIV/top-clear",3448,4,199.66879350348029
"DIVCORE/65/64/127/MOD/top-clear",3448,4,193.22795823665894
"DIVCORE/65/64/127/DIV/top-one",3448,4,176.92633410672855
"DIVCORE/65/64/127/MOD/top-one",3448,4,187.41531322505801
"DIVCORE/65/64/127/DIV/padded",3448,4,145.22911832946636
"DIVCORE/65/64/127/MOD/padded",3448,4,136.15371229698377
"DIVCORE/96/64/17/DIV/normalized",2840,4,2274.0609154929575
"DIVCORE/96/64/17/MOD/normalized",2840,4,2305.6045774647887
"DIVCORE/96/64/17/DIV/top-clear",2840,4,2471.8309859154929
"DIVCORE/96/64/17/MOD/top-clear",2840,4,2486.7221830985914
"DIVCORE/96/64/17/DIV/top-one",2840,4,2414.3045774647885
"DIVCORE/96/64/17/MOD/top-one",2840,4,2431.4116197183098
"DIVCORE/96/64/17/DIV/padded",2840,4,2327.9341549295773
"DIVCORE/96/64/17/MOD/padded",2840,4,2336.0767605633805
"DIVCORE/96/64/17/DIV/add-back",2840,4,3267.3123239436618
"DIVCORE/96/64/17/MOD/add-back",2840,4,3306.2059859154929
"DIVCORE/96/64/127/DIV/normalized",2840,4,2333.2010563380281
"DIVCORE/96/64/127/MOD/normalized",2840,4,2328.506338028169
"DIVCORE/96/64/127/DIV/top-clear",2840,4,2422.9897887323946
"DIVCORE/96/64/127/MOD/top-clear",2840,4,2453.4038732394365
"DIVCORE/96/64/127/DIV/top-one",2840,4,2460.3725352112674
"DIVCORE/96/64/127/MOD/top-one",2840,4,2478.9172535211269
"DIVCORE/96/64/127/DIV/padded",2840,4,2371.0535211267606
"DIVCORE/96/64/127/MOD/padded",2840,4,2335.4609154929576
"DIVCORE/128/64/17/DIV/normalized",2403,4,4740.8102372034955
"DIVCORE/128/64/17/MOD/normalized",2125,4,4722.4903529411768
"DIVCORE/128/64/17/DIV/top-clear",2403,4,4703.773200166459
"DIVCORE/128/64/17/MOD/top-clear",2403,4,4708.1602163961716
"DIVCORE/128/64/17/DIV/top-one",2403,4,4658.135663753641
"DIVCORE/128/64/17/MOD/top-one",2403,4,4735.4868913857681
"DIVCORE/128/64/17/DIV/padded",2119,4,4727.8787163756488
"DIVCORE/128/64/17/MOD/padded",2215,4,4708.4460496613992
"DIVCORE/128/64/17/DIV/add-back",1542,4,6527.8858625162129
"DIVCORE/128/64/17/MOD/add-back",2403,4,6539.0137328339579
"DIVCORE/128/64/127/DIV/normalized",2150,4,4696.8990697674417
"DIVCORE/128/64/127/MOD/normalized",2403,4,4684.7861007074489
"DIVCORE/128/64/127/DIV/top-clear",2047,4,4848.3351245725453
"DIVCORE/128/64/127/MOD/top-clear",2024,4,4904.067687747036
"DIVCORE/128/64/127/DIV/top-one",2403,4,4828.894298793175
"DIVCORE/128/64/127/MOD/top-one",2059,4,4820.3822243807672
"DIVCORE/128/64/127/DIV/padded",2117,4,4598.5673122342941
"DIVCORE/128/64/127/MOD/padded",2228,4,4695.466786355476
"DIVCORE/256/64/17/DIV/normalized",1024,4,14357.2998046875
"DIVCORE/256/64/17/MOD/normalized",1024,4,14403.1171875
"DIVCORE/256/64/17/DIV/top-clear",1024,4,14066.2431640625
"DIVCORE/256/64/17/MOD/top-clear",1024,4,14038.37109375
"DIVCORE/256/64/17/DIV/top-one",1024,4,14620.19921875
"DIVCORE/256/64/17/MOD/top-one",1024,4,14636.02734375
"DIVCORE/256/64/17/DIV/padded",1024,4,14478.6376953125
"DIVCORE/256/64/17/MOD/padded",1024,4,15518.310546875
"DIVCORE/256/64/17/DIV/add-back",1024,4,19374.30859375
"DIVCORE/256/64/17/MOD/add-back",1010,4,19447.27722772277
"DIVCORE/256/64/127/DIV/normalized",1024,4,14221.76171875
"DIVCORE/256/64/127/MOD/normalized",1024,4,14241.69921875
"DIVCORE/256/64/127/DIV/top-clear",1024,4,14215.658203125
"DIVCORE/256/64/127/MOD/top-clear",1024,4,14225.6669921875
"DIVCORE/256/64/127/DIV/top-one",1024,4,14562.947265625
"DIVCORE/256/64/127/MOD/top-one",1024,4,14411.376953125
"DIVCORE/256/64/127/DIV/padded",1024,4,14377.44140625
"DIVCORE/256/64/127/MOD/padded",1024,4,14559.244140625
"DIVCORE/1088/64/17/DIV/normalized",135,4,77429.629629629635
"DIVCORE/1088/64/17/MOD/normalized",256,4,77762.04296875
"DIVCORE/1088/64/17/DIV/top-clear",268,4,73732.899253731346
"DIVCORE/1088/64/17/MOD/top-clear",266,4,71996.240601503756
"DIVCORE/1088/64/17/DIV/top-one",260,4,77157.050000000003
"DIVCORE/1088/64/17/MOD/top-one",130,4,77378.523076923084
"DIVCORE/1088/64/17/DIV/padded",129,4,77445.41860465116
"DIVCORE/1088/64/17/MOD/padded",130,4,77575.323076923072
"DIVCORE/1088/64/17/DIV/add-back",128,4,103269.203125
"DIVCORE/1088/64/17/MOD/add-back",128,4,103620.1171875
"DIVCORE/1088/64/127/DIV/normalized",130,4,77340.061538461538
"DIVCORE/1088/64/127/MOD/normalized",130,4,73413.13846153846
"DIVCORE/1088/64/127/DIV/top-clear",131,4,73963.106870229007
"DIVCORE/1088/64/127/MOD/top-clear",139,4,74790.467625899284
"DIVCORE/1088/64/127/DIV/top-one",133,4,75115.917293233084
"DIVCORE/1088/64/127/MOD/top-one",133,4,75071.428571428565
"DIVCORE/1088/64/127/DIV/padded",130,4,76753.207692307697
"DIVCORE/1088/64/127/MOD/padded",131,4,77411.900763358775
"DIVCORE/65536/64/17/DIV/normalized",3,4,4966875
"DIVCORE/65536/64/17/MOD/normalized",3,4,4982555.333333333
"DIVCORE/65536/64/17/DIV/top-one",3,4,4962236
"DIVCORE/65536/64/17/MOD/top-one",3,4,4846750
"DIVCORE/65536/64/17/DIV/add-back",2,4,6638770.5
"DIVCORE/65536/64/17/MOD/add-back",2,4,6631271
"DIVCORE/500000/64/17/DIV/normalized",1,4,38172125
"DIVCORE/500000/64/17/MOD/normalized",1,4,38584167
"DIVCORE/500000/64/17/DIV/top-one",1,4,38491167
"DIVCORE/500000/64/17/MOD/top-one",1,4,37793833
"DIVCORE/500000/64/17/DIV/add-back",1,4,50066625
"DIVCORE/500000/64/17/MOD/add-back",1,4,50435667
"DIVCORE/127/128/17/DIV/normalized",1845,4,6.5268292682926825
"DIVCORE/127/128/17/MOD/normalized",1845,4,6.0070460704607047
"DIVCORE/127/128/17/DIV/top-clear",1845,4,6.075338753387534
"DIVCORE/127/128/17/MOD/top-clear",1845,4,6.8200542005420051
"DIVCORE/127/128/17/DIV/top-one",1845,4,6.0975609756097562
"DIVCORE/127/128/17/MOD/top-one",1845,4,6.8655826558265582
"DIVCORE/127/128/17/DIV/padded",1845,4,5.9170731707317072
"DIVCORE/127/128/17/MOD/padded",1845,4,5.8037940379403796
"DIVCORE/127/128/127/DIV/normalized",1845,4,5.9848238482384826
"DIVCORE/127/128/127/MOD/normalized",1845,4,5.872086720867209
"DIVCORE/127/128/127/DIV/top-clear",1845,4,6.1203252032520323
"DIVCORE/127/128/127/MOD/top-clear",1845,4,5.7138211382113822
"DIVCORE/127/128/127/DIV/top-one",1845,4,5.9398373983739834
"DIVCORE/127/128/127/MOD/top-one",1845,4,5.6005420054200545
"DIVCORE/127/128/127/DIV/padded",1845,4,5.9620596205962055
"DIVCORE/127/128/127/MOD/padded",1845,4,5.7365853658536583
"DIVCORE/128/128/17/DIV/normalized",1838,4,28.745375408052229
"DIVCORE/128/128/17/MOD/normalized",1838,4,13.193688792165398
"DIVCORE/128/128/17/DIV/top-clear",1838,4,238.98258977149075
"DIVCORE/128/128/17/MOD/top-clear",1838,4,264.10065288356907
"DIVCORE/128/128/17/DIV/top-one",1838,4,235.65016322089227
"DIVCORE/128/128/17/MOD/top-one",1838,4,265.23394994559305
"DIVCORE/128/128/17/DIV/padded",1838,4,28.631664853101196
"DIVCORE/128/128/17/MOD/padded",1838,4,15.007072905331883
"DIVCORE/128/128/127/DIV/normalized",1838,4,150.29923830250272
"DIVCORE/128/128/127/MOD/normalized",1838,4,145.53862894450489
"DIVCORE/128/128/127/DIV/top-clear",1838,4,233.24700761697497
"DIVCORE/128/128/127/MOD/top-clear",1838,4,262.89934711643093
"DIVCORE/128/128/127/DIV/top-one",1838,4,236.9423286180631
"DIVCORE/128/128/127/MOD/top-one",1838,4,264.59902067464634
"DIVCORE/128/128/127/DIV/padded",1838,4,145.60663764961916
"DIVCORE/128/128/127/MOD/padded",1838,4,139.64417845484223
"DIVCORE/129/128/17/DIV/normalized",1831,4,287.52484980884765
"DIVCORE/129/128/17/MOD/normalized",1831,4,280.01583833970506
"DIVCORE/129/128/17/DIV/top-clear",1831,4,374.15783724740578
"DIVCORE/129/128/17/MOD/top-clear",1831,4,410.0218459858001
"DIVCORE/129/128/17/DIV/top-one",1831,4,369.1742217367559
"DIVCORE/129/128/17/MOD/top-one",1831,4,398.89404696886947
"DIVCORE/129/128/17/DIV/padded",1831,4,286.50081922446748
"DIVCORE/129/128/17/MOD/padded",1831,4,277.62588749317314
"DIVCORE/129/128/17/DIV/add-back",1831,4,244.8574549426543
"DIVCORE/129/128/17/MOD/add-back",1831,4,239.03167667941017
"DIVCORE/129/128/127/DIV/normalized",1831,4,283.40578918623703
"DIVCORE/129/128/127/MOD/normalized",1831,4,277.74003276897872
"DIVCORE/129/128/127/DIV/top-clear",1831,4,371.13162206444565
"DIVCORE/129/128/127/MOD/top-clear",1831,4,399.94046968869469
"DIVCORE/129/128/127/DIV/top-one",1831,4,377.57181867831787
"DIVCORE/129/128/127/MOD/top-one",1831,4,406.03986892408523
"DIVCORE/129/128/127/DIV/padded",1831,4,285.795740032769
"DIVCORE/129/128/127/MOD/padded",1831,4,289.61824139814308
"DIVCORE/160/128/17/DIV/normalized",1644,4,4201.1356447688568
"DIVCORE/160/128/17/MOD/normalized",1644,4,4244.8296836982972
"DIVCORE/160/128/17/DIV/top-clear",1644,4,4539.9178832116786
"DIVCORE/160/128/17/MOD/top-clear",1644,4,4578.6192214111925
"DIVCORE/160/128/17/DIV/top-one",1644,4,4557.8874695863751
"DIVCORE/160/128/17/MOD/top-one",1644,4,4581.3059610705595
"DIVCORE/160/128/17/DIV/padded",1644,4,4378.3710462287108
"DIVCORE/160/128/17/MOD/padded",1644,4,4369.373479318735
"DIVCORE/160/128/17/DIV/add-back",1393,4,6642.4386216798275
"DIVCORE/160/128/17/MOD/add-back",1644,4,6645.3771289537717
"DIVCORE/160/128/127/DIV/normalized",1644,4,4359.4641119221415
"DIVCORE/160/128/127/MOD/normalized",1644,4,4370.4884428223841
"DIVCORE/160/128/127/DIV/top-clear",1644,4,4529.830291970803
"DIVCORE/160/128/127/MOD/top-clear",1644,4,4605.7633819951334
"DIVCORE/160/128/127/DIV/top-one",1644,4,4455.1399026763993
"DIVCORE/160/128/127/MOD/top-one",1644,4,4607.968369829684
"DIVCORE/160/128/127/DIV/padded",1644,4,4354.2177615571773
"DIVCORE/160/128/127/MOD/padded",1644,4,4364.0255474452551
"DIVCORE/256/128/17/DIV/normalized",1024,4,17327.392578125
"DIVCORE/256/128/17/MOD/normalized",1024,4,17322.4287109375
"DIVCORE/256/128/17/DIV/top-clear",1024,4,18723.7548828125
"DIVCORE/256/128/17/MOD/top-clear",1024,4,18002.197265625
"DIVCORE/256/128/17/DIV/top-one",1024,4,17710.978515625
"DIVCORE/256/128/17/MOD/top-one",1024,4,17747.0302734375
"DIVCORE/256/128/17/DIV/padded",1024,4,17444.82421875
"DIVCORE/256/128/17/MOD/padded",1024,4,17470.5400390625
"DIVCORE/256/128/17/DIV/add-back",748,4,26824.030748663103
"DIVCORE/256/128/17/MOD/add-back",750,4,26157
"DIVCORE/256/128/127/DIV/normalized",1024,4,17414.4287109375
"DIVCORE/256/128/127/MOD/normalized",1024,4,17485.5146484375
"DIVCORE/256/128/127/DIV/top-clear",1024,4,17691.5693359375
"DIVCORE/256/128/127/MOD/top-clear",1024,4,17843.017578125
"DIVCORE/256/128/127/DIV/top-one",1024,4,18193.2783203125
"DIVCORE/256/128/127/MOD/top-one",1024,4,18202.0263671875
"DIVCORE/256/128/127/DIV/padded",1024,4,17236.001953125
"DIVCORE/256/128/127/MOD/padded",1024,4,17381.14453125
"DIVCORE/512/128/17/DIV/normalized",199,4,52187.60301507538
"DIVCORE/512/128/17/MOD/normalized",384,4,52314.127604166664
"DIVCORE/512/128/17/DIV/top-clear",384,4,52385.307291666664
"DIVCORE/512/128/17/MOD/top-clear",197,4,52411.802030456856
"DIVCORE/512/128/17/DIV/top-one",192,4,52778.427083333336
"DIVCORE/512/128/17/MOD/top-one",193,4,53053.108808290155
"DIVCORE/512/128/17/DIV/padded",384,4,52049.153645833336
"DIVCORE/512/128/17/MOD/padded",192,4,50921.65625
"DIVCORE/512/128/17/DIV/add-back",131,4,78152.351145038163
"DIVCORE/512/128/17/MOD/add-back",128,4,79044.6015625
"DIVCORE/512/128/127/DIV/normalized",197,4,51971.873096446703
"DIVCORE/512/128/127/MOD/normalized",192,4,52066.838541666664
"DIVCORE/512/128/127/DIV/top-clear",193,4,51927.243523316065
"DIVCORE/512/128/127/MOD/top-clear",330,4,52145.454545454544
"DIVCORE/512/128/127/DIV/top-one",382,4,53585.732984293194
"DIVCORE/512/128/127/MOD/top-one",372,4,53769.263440860217
"DIVCORE/512/128/127/DIV/padded",376,4,52489.805851063829
"DIVCORE/512/128/127/MOD/padded",200,4,52368.959999999999
"DIVCORE/1152/128/17/DIV/normalized",128,4,140572.9140625
"DIVCORE/1152/128/17/MOD/normalized",128,4,140302.0859375
"DIVCORE/1152/128/17/DIV/top-clear",128,4,136010.4140625
"DIVCORE/1152/128/17/MOD/top-clear",128,4,139374.6796875
"DIVCORE/1152/128/17/DIV/top-one",128,4,140976.890625
"DIVCORE/1152/128/17/MOD/top-one",128,4,139796.875
"DIVCORE/1152/128/17/DIV/padded",128,4,140934.5703125
"DIVCORE/1152/128/17/MOD/padded",128,4,140716.796875
"DIVCORE/1152/128/17/DIV/add-back",46,4,211580.60869565216
"DIVCORE/1152/128/17/MOD/add-back",94,4,207075.79787234042
"DIVCORE/1152/128/127/DIV/normalized",128,4,138384.765625
"DIVCORE/1152/128/127/MOD/normalized",128,4,140603.8359375
"DIVCORE/1152/128/127/DIV/top-clear",128,4,139550.453125
"DIVCORE/1152/128/127/MOD/top-clear",128,4,140055.0078125
"DIVCORE/1152/128/127/DIV/top-one",128,4,140592.4453125
"DIVCORE/1152/128/127/MOD/top-one",128,4,141991.2109375
"DIVCORE/1152/128/127/DIV/padded",128,4,138686.84375
"DIVCORE/1152/128/127/MOD/padded",128,4,139319.3359375
"DIVCORE/255/256/17/DIV/normalized",948,4,7.2964135021097043
"DIVCORE/255/256/17/MOD/normalized",948,4,6.0210970464135025
"DIVCORE/255/256/17/DIV/top-clear",948,4,6.2858649789029535
"DIVCORE/255/256/17/MOD/top-clear",948,4,5.9778481012658231
"DIVCORE/255/256/17/DIV/top-one",948,4,5.9778481012658231
"DIVCORE/255/256/17/MOD/top-one",948,4,5.0537974683544302
"DIVCORE/255/256/17/DIV/padded",948,4,6.0210970464135025
"DIVCORE/255/256/17/MOD/padded",948,4,5.7584388185654012
"DIVCORE/255/256/127/DIV/normalized",948,4,5.3185654008438821
"DIVCORE/255/256/127/MOD/normalized",948,4,5.7141350210970465
"DIVCORE/255/256/127/DIV/top-clear",948,4,6.0221518987341769
"DIVCORE/255/256/127/MOD/top-clear",948,4,5.7573839662447259
"DIVCORE/255/256/127/DIV/top-one",948,4,5.9767932489451479
"DIVCORE/255/256/127/MOD/top-one",948,4,5.6698312236286919
"DIVCORE/255/256/127/DIV/padded",948,4,6.0210970464135025
"DIVCORE/255/256/127/MOD/padded",948,4,5.6265822784810124
"DIVCORE/256/256/17/DIV/normalized",946,4,293.03276955602536
"DIVCORE/256/256/17/MOD/normalized",946,4,274.48942917547566
"DIVCORE/256/256/17/DIV/top-clear",946,4,464.71987315010568
"DIVCORE/256/256/17/MOD/top-clear",946,4,506.2980972515856
"DIVCORE/256/256/17/DIV/top-one",946,4,445.20824524312894
"DIVCORE/256/256/17/MOD/top-one",946,4,524.26955602536998
"DIVCORE/256/256/17/DIV/padded",946,4,262.37632135306552
"DIVCORE/256/256/17/MOD/padded",946,4,258.89640591966173
"DIVCORE/256/256/127/DIV/normalized",946,4,291.84249471458776
"DIVCORE/256/256/127/MOD/normalized",946,4,274.31289640591967
"DIVCORE/256/256/127/DIV/top-clear",946,4,459.39112050739959
"DIVCORE/256/256/127/MOD/top-clear",946,4,509.07399577167018
"DIVCORE/256/256/127/DIV/top-one",946,4,454.67758985200845
"DIVCORE/256/256/127/MOD/top-one",946,4,514.84355179704016
"DIVCORE/256/256/127/DIV/padded",946,4,277.96934460887951
"DIVCORE/256/256/127/MOD/padded",946,4,258.32452431289641
"DIVCORE/257/256/17/DIV/normalized",945,4,526.36719576719577
"DIVCORE/257/256/17/MOD/normalized",945,4,528.7037037037037
"DIVCORE/257/256/17/DIV/top-clear",945,4,699.1185185185185
"DIVCORE/257/256/17/MOD/top-clear",945,4,760.8899470899471
"DIVCORE/257/256/17/DIV/top-one",945,4,702.24867724867727
"DIVCORE/257/256/17/MOD/top-one",945,4,768.65079365079362
"DIVCORE/257/256/17/DIV/padded",945,4,539.90264550264556
"DIVCORE/257/256/17/MOD/padded",945,4,536.72804232804231
"DIVCORE/257/256/17/DIV/add-back",945,4,461.24338624338623
"DIVCORE/257/256/17/MOD/add-back",945,4,440.82857142857142
"DIVCORE/257/256/127/DIV/normalized",945,4,536.68359788359794
"DIVCORE/257/256/127/MOD/normalized",945,4,524.95555555555552
"DIVCORE/257/256/127/DIV/top-clear",945,4,694.1354497354497
"DIVCORE/257/256/127/MOD/top-clear",945,4,751.45502645502643
"DIVCORE/257/256/127/DIV/top-one",945,4,704.89417989417984
"DIVCORE/257/256/127/MOD/top-one",945,4,764.9915343915344
"DIVCORE/257/256/127/DIV/padded",945,4,560.6698412698413
"DIVCORE/257/256/127/MOD/padded",945,4,526.05820105820101
"DIVCORE/288/256/17/DIV/normalized",892,4,8209.6883408071753
"DIVCORE/288/256/17/MOD/normalized",892,4,8193.1053811659185
"DIVCORE/288/256/17/DIV/top-clear",892,4,8545.0762331838559
"DIVCORE/288/256/17/MOD/top-clear",892,4,8602.2511210762332
"DIVCORE/288/256/17/DIV/top-one",892,4,8632.2869955156948
"DIVCORE/288/256/17/MOD/top-one",892,4,8723
"DIVCORE/288/256/17/DIV/padded",892,4,8252.3822869955166
"DIVCORE/288/256/17/MOD/padded",892,4,8186.192825112108
"DIVCORE/288/256/17/DIV/add-back",892,4,13421.47869955157
"DIVCORE/288/256/17/MOD/add-back",892,4,13455.25
"DIVCORE/288/256/127/DIV/normalized",892,4,8317.358744394618
"DIVCORE/288/256/127/MOD/normalized",892,4,8148.8699551569507
"DIVCORE/288/256/127/DIV/top-clear",892,4,8398.8699551569498
"DIVCORE/288/256/127/MOD/top-clear",892,4,8777.7466367713005
"DIVCORE/288/256/127/DIV/top-one",892,4,9634.2488789237668
"DIVCORE/288/256/127/MOD/top-one",892,4,9082.9125560538123
"DIVCORE/288/256/127/DIV/padded",892,4,8456.7926008968607
"DIVCORE/288/256/127/MOD/padded",892,4,8432.2219730941706
"DIVCORE/512/256/17/DIV/normalized",156,4,65973.557692307688
"DIVCORE/512/256/17/MOD/normalized",310,4,65597.848387096776
"DIVCORE/512/256/17/DIV/top-clear",306,4,65631.80718954248
"DIVCORE/512/256/17/MOD/top-clear",154,4,65630.142857142855
"DIVCORE/512/256/17/DIV/top-one",151,4,63724.337748344369
"DIVCORE/512/256/17/MOD/top-one",151,4,64963.026490066222
"DIVCORE/512/256/17/DIV/padded",152,4,65822.098684210519
"DIVCORE/512/256/17/MOD/padded",152,4,65345.394736842107
"DIVCORE/512/256/17/DIV/add-back",128,4,106829.75
"DIVCORE/512/256/17/MOD/add-back",128,4,106690.4296875
"DIVCORE/512/256/127/DIV/normalized",308,4,65106.194805194806
"DIVCORE/512/256/127/MOD/normalized",308,4,64940.477272727272
"DIVCORE/512/256/127/DIV/top-clear",161,4,64447.204968944097
"DIVCORE/512/256/127/MOD/top-clear",157,4,64214.707006369426
"DIVCORE/512/256/127/DIV/top-one",154,4,65602.811688311689
"DIVCORE/512/256/127/MOD/top-one",282,4,64011.081560283688
"DIVCORE/512/256/127/DIV/padded",302,4,65070.089403973507
"DIVCORE/512/256/127/MOD/padded",308,4,65421.808441558438
"DIVCORE/1024/256/17/DIV/normalized",51,4,195363.54901960783
"DIVCORE/1024/256/17/MOD/normalized",51,4,195584.15686274509
"DIVCORE/1024/256/17/DIV/top-clear",52,4,193556.09615384616
"DIVCORE/1024/256/17/MOD/top-clear",104,4,193846.15384615384
"DIVCORE/1024/256/17/DIV/top-one",51,4,198085.78431372548
"DIVCORE/1024/256/17/MOD/top-one",51,4,197509
"DIVCORE/1024/256/17/DIV/padded",51,4,196532.66666666666
"DIVCORE/1024/256/17/MOD/padded",51,4,196045.76470588235
"DIVCORE/1024/256/17/DIV/add-back",34,4,321272.0588235294
"DIVCORE/1024/256/17/MOD/add-back",32,4,320639.3125
"DIVCORE/1024/256/127/DIV/normalized",53,4,195121.84905660377
"DIVCORE/1024/256/127/MOD/normalized",102,4,188790.4411764706
"DIVCORE/1024/256/127/DIV/top-clear",53,4,189488.20754716982
"DIVCORE/1024/256/127/MOD/top-clear",54,4,191231.48148148149
"DIVCORE/1024/256/127/DIV/top-one",53,4,194363.20754716982
"DIVCORE/1024/256/127/MOD/top-one",52,4,196283.65384615384
"DIVCORE/1024/256/127/DIV/padded",52,4,194258
"DIVCORE/1024/256/127/MOD/padded",52,4,196048.07692307694
"DIVCORE/1280/256/17/DIV/normalized",39,4,260326.92307692306
"DIVCORE/1280/256/17/MOD/normalized",39,4,260410.25641025641
"DIVCORE/1280/256/17/DIV/top-clear",76,4,257868.97368421053
"DIVCORE/1280/256/17/MOD/top-clear",40,4,258314.57500000001
"DIVCORE/1280/256/17/DIV/top-one",39,4,265082.28205128206
"DIVCORE/1280/256/17/MOD/top-one",39,4,264379.25641025644
"DIVCORE/1280/256/17/DIV/padded",39,4,262970.10256410256
"DIVCORE/1280/256/17/MOD/padded",39,4,261956.1794871795
"DIVCORE/1280/256/17/DIV/add-back",24,4,431477.45833333331
"DIVCORE/1280/256/17/MOD/add-back",24,4,432071.20833333331
"DIVCORE/1280/256/127/DIV/normalized",39,4,261510.69230769231
"DIVCORE/1280/256/127/MOD/normalized",39,4,263417.74358974356
"DIVCORE/1280/256/127/DIV/top-clear",39,4,261697.64102564103
"DIVCORE/1280/256/127/MOD/top-clear",39,4,257547
"DIVCORE/1280/256/127/DIV/top-one",76,4,262717.65789473685
"DIVCORE/1280/256/127/MOD/top-one",40,4,250591.64999999999
"DIVCORE/1280/256/127/DIV/padded",39,4,255832.25641025641
"DIVCORE/1280/256/127/MOD/padded",39,4,257810.89743589744
"DIVCORE/1023/1024/17/DIV/normalized",484,4,6.6280991735537187
"DIVCORE/1023/1024/17/MOD/normalized",484,4,5.9421487603305785
"DIVCORE/1023/1024/17/DIV/top-clear",484,4,5.7685950413223139
"DIVCORE/1023/1024/17/MOD/top-clear",484,4,5.9400826446280988
"DIVCORE/1023/1024/17/DIV/top-one",484,4,6.026859504132231
"DIVCORE/1023/1024/17/MOD/top-one",484,4,5.5950413223140494
"DIVCORE/1023/1024/17/DIV/padded",484,4,6.2830578512396693
"DIVCORE/1023/1024/17/MOD/padded",484,4,5.6818181818181817
"DIVCORE/1023/1024/127/DIV/normalized",484,4,5.4235537190082646
"DIVCORE/1023/1024/127/MOD/normalized",484,4,5.5971074380165291
"DIVCORE/1023/1024/127/DIV/top-clear",484,4,6.196280991735537
"DIVCORE/1023/1024/127/MOD/top-clear",484,4,5.8533057851239674
"DIVCORE/1023/1024/127/DIV/top-one",484,4,6.1983471074380168
"DIVCORE/1023/1024/127/MOD/top-one",484,4,6.4566115702479339
"DIVCORE/1023/1024/127/DIV/padded",484,4,6.6280991735537187
"DIVCORE/1023/1024/127/MOD/padded",484,4,5.5950413223140494
"DIVCORE/1024/1024/17/DIV/normalized",242,4,104.68181818181819
"DIVCORE/1024/1024/17/MOD/normalized",242,4,14.979338842975206
"DIVCORE/1024/1024/17/DIV/top-clear",242,4,1600.3801652892562
"DIVCORE/1024/1024/17/MOD/top-clear",242,4,1882.9214876033059
"DIVCORE/1024/1024/17/DIV/top-one",242,4,1636.5371900826447
"DIVCORE/1024/1024/17/MOD/top-one",242,4,1871.9008264462809
"DIVCORE/1024/1024/17/DIV/padded",242,4,105.20247933884298
"DIVCORE/1024/1024/17/MOD/padded",242,4,13.260330578512397
"DIVCORE/1024/1024/127/DIV/normalized",242,4,107.61157024793388
"DIVCORE/1024/1024/127/MOD/normalized",242,4,15.152892561983471
"DIVCORE/1024/1024/127/DIV/top-clear",242,4,1592.4586776859503
"DIVCORE/1024/1024/127/MOD/top-clear",242,4,1907.0247933884298
"DIVCORE/1024/1024/127/DIV/top-one",242,4,1648.7603305785124
"DIVCORE/1024/1024/127/MOD/top-one",242,4,1889.1157024793388
"DIVCORE/1024/1024/127/DIV/padded",242,4,108.12809917355372
"DIVCORE/1024/1024/127/MOD/padded",242,4,14.462809917355372
"DIVCORE/1025/1024/17/DIV/normalized",242,4,1115.0123966942149
"DIVCORE/1025/1024/17/MOD/normalized",242,4,976.75619834710744
"DIVCORE/1025/1024/17/DIV/top-clear",242,4,2611.5702479338843
"DIVCORE/1025/1024/17/MOD/top-clear",242,4,2793.5619834710742
"DIVCORE/1025/1024/17/DIV/top-one",242,4,2680.6157024793388
"DIVCORE/1025/1024/17/MOD/top-one",242,4,2822.6570247933882
"DIVCORE/1025/1024/17/DIV/padded",242,4,1097.2809917355371
"DIVCORE/1025/1024/17/MOD/padded",242,4,1032.5413223140497
"DIVCORE/1025/1024/17/DIV/add-back",242,4,1695.2479338842975
"DIVCORE/1025/1024/17/MOD/add-back",242,4,1771.004132231405
"DIVCORE/1025/1024/127/DIV/normalized",242,4,1925.4462809917356
"DIVCORE/1025/1024/127/MOD/normalized",242,4,2040.4586776859503
"DIVCORE/1025/1024/127/DIV/top-clear",242,4,2609.1570247933882
"DIVCORE/1025/1024/127/MOD/top-clear",242,4,2887.913223140496
"DIVCORE/1025/1024/127/DIV/top-one",242,4,2610.7066115702478
"DIVCORE/1025/1024/127/MOD/top-one",242,4,2942.4917355371899
"DIVCORE/1025/1024/127/DIV/padded",242,4,2030.4752066115702
"DIVCORE/1025/1024/127/MOD/padded",242,4,2007.5785123966941
"DIVCORE/1056/1024/17/DIV/normalized",238,4,30975.663865546219
"DIVCORE/1056/1024/17/MOD/normalized",238,4,31235.995798319327
"DIVCORE/1056/1024/17/DIV/top-clear",238,4,32640.932773109245
"DIVCORE/1056/1024/17/MOD/top-clear",238,4,33042.016806722691
"DIVCORE/1056/1024/17/DIV/top-one",238,4,32870.626050420171
"DIVCORE/1056/1024/17/MOD/top-one",238,4,32933.474789915963
"DIVCORE/1056/1024/17/DIV/padded",238,4,31586.483193277312
"DIVCORE/1056/1024/17/MOD/padded",238,4,31108.193277310926
"DIVCORE/1056/1024/17/DIV/add-back",238,4,54140.407563025212
"DIVCORE/1056/1024/17/MOD/add-back",185,4,54083.108108108107
"DIVCORE/1056/1024/127/DIV/normalized",238,4,31314.949579831933
"DIVCORE/1056/1024/127/MOD/normalized",238,4,31369.9243697479
"DIVCORE/1056/1024/127/DIV/top-clear",238,4,33489.147058823532
"DIVCORE/1056/1024/127/MOD/top-clear",238,4,33203.428571428572
"DIVCORE/1056/1024/127/DIV/top-one",238,4,32655.289915966387
"DIVCORE/1056/1024/127/MOD/top-one",238,4,33340.159663865546
"DIVCORE/1056/1024/127/DIV/padded",238,4,31489.319327731093
"DIVCORE/1056/1024/127/MOD/padded",238,4,30642.504201680673
"DIVCORE/2048/1024/17/DIV/normalized",16,4,972747.375
"DIVCORE/2048/1024/17/MOD/normalized",16,4,992018.25
"DIVCORE/2048/1024/17/DIV/top-clear",16,4,997080.6875
"DIVCORE/2048/1024/17/MOD/top-clear",16,4,1001085.9375
"DIVCORE/2048/1024/17/DIV/top-one",16,4,995765.625
"DIVCORE/2048/1024/17/MOD/top-one",16,4,993200.5
"DIVCORE/2048/1024/17/DIV/padded",16,4,993437.5
"DIVCORE/2048/1024/17/MOD/padded",16,4,1061328.125
"DIVCORE/2048/1024/17/DIV/add-back",6,4,1786347.1666666667
"DIVCORE/2048/1024/17/MOD/add-back",6,4,1658048.5
"DIVCORE/2048/1024/127/DIV/normalized",16,4,994171.875
"DIVCORE/2048/1024/127/MOD/normalized",16,4,994539.0625
"DIVCORE/2048/1024/127/DIV/top-clear",16,4,994033.875
"DIVCORE/2048/1024/127/MOD/top-clear",16,4,994622.375
"DIVCORE/2048/1024/127/DIV/top-one",16,4,996661.5
"DIVCORE/2048/1024/127/MOD/top-one",16,4,995849
"DIVCORE/2048/1024/127/DIV/padded",16,4,1000580.75
"DIVCORE/2048/1024/127/MOD/padded",16,4,981362
"DIVCORE/4096/1024/17/DIV/normalized",4,4,3026312.5
"DIVCORE/4096/1024/17/MOD/normalized",4,4,3007031.25
"DIVCORE/4096/1024/17/DIV/top-clear",4,4,3010989.5
"DIVCORE/4096/1024/17/MOD/top-clear",4,4,3032823
"DIVCORE/4096/1024/17/DIV/top-one",4,4,3016281.25
"DIVCORE/4096/1024/17/MOD/top-one",4,4,2911666.75
"DIVCORE/4096/1024/17/DIV/padded",4,4,2935573
"DIVCORE/4096/1024/17/MOD/padded",4,4,2964760.25
"DIVCORE/4096/1024/17/DIV/add-back",2,4,5167229
"DIVCORE/4096/1024/17/MOD/add-back",2,4,5153854
"DIVCORE/4096/1024/127/DIV/normalized",4,4,3007239.5
"DIVCORE/4096/1024/127/MOD/normalized",4,4,3026697.75
"DIVCORE/4096/1024/127/DIV/top-clear",4,4,2995510.25
"DIVCORE/4096/1024/127/MOD/top-clear",4,4,2993666.75
"DIVCORE/4096/1024/127/DIV/top-one",4,4,2887302
"DIVCORE/4096/1024/127/MOD/top-one",4,4,2979437.5
"DIVCORE/4096/1024/127/DIV/padded",4,4,3011062.5
"DIVCORE/4096/1024/127/MOD/padded",4,4,3003145.75
