probe,repetitions,epoch,ns_per_execution
"DIVCORE/1/1/17/DIV/normalized",27777,0,6.5597076718148104
"DIVCORE/1/1/17/MOD/normalized",27777,0,6.5536955034740974
"DIVCORE/1/1/17/DIV/top-clear",27777,0,6.5476833351333834
"DIVCORE/1/1/17/MOD/top-clear",27777,0,6.8266911473521255
"DIVCORE/1/1/17/DIV/top-one",27777,0,6.5656838391474963
"DIVCORE/1/1/17/MOD/top-one",27777,0,6.9722072218022104
"DIVCORE/1/1/17/DIV/padded",27777,0,6.5461712927961981
"DIVCORE/1/1/17/MOD/padded",27777,0,6.5311948734564567
"DIVCORE/1/1/127/DIV/normalized",27777,0,6.5296828311192714
"DIVCORE/1/1/127/MOD/normalized",27777,0,6.5386830831263278
"DIVCORE/1/1/127/DIV/top-clear",27777,0,6.6362098138747889
"DIVCORE/1/1/127/MOD/top-clear",27777,0,6.5251827051157436
"DIVCORE/1/1/127/DIV/top-one",27777,0,6.5431832091298556
"DIVCORE/1/1/127/MOD/top-one",27777,0,6.8581920293768226
"DIVCORE/1/1/127/DIV/padded",27777,0,6.5491593764625406
"DIVCORE/1/1/127/MOD/padded",27777,0,6.5281707887820861
"DIVCORE/2/1/17/DIV/normalized",26315,0,17.972981189435682
"DIVCORE/2/1/17/MOD/normalized",26315,0,17.046665399961999
"DIVCORE/2/1/17/DIV/top-clear",26315,0,20.150104503135093
"DIVCORE/2/1/17/MOD/top-clear",26315,0,19.293520805624169
"DIVCORE/2/1/17/DIV/top-one",26315,0,18.284856545696371
"DIVCORE/2/1/17/MOD/top-one",26315,0,17.676876306289188
"DIVCORE/2/1/17/DIV/padded",26315,0,17.661029830894925
"DIVCORE/2/1/17/MOD/padded",26315,0,16.747444423332698
"DIVCORE/2/1/127/DIV/normalized",26315,0,17.661029830894925
"DIVCORE/2/1/127/MOD/normalized",26315,0,16.422800684020519
"DIVCORE/2/1/127/DIV/top-clear",26315,0,18.288048641459245
"DIVCORE/2/1/127/MOD/top-clear",26315,0,17.390271708151243
"DIVCORE/2/1/127/DIV/top-one",26315,0,18.284894546836405
"DIVCORE/2/1/127/MOD/top-one",26315,0,17.678434353030593
"DIVCORE/2/1/127/DIV/padded",26315,0,17.350712521375641
"DIVCORE/2/1/127/MOD/padded",26315,0,16.115675470264108
"DIVCORE/4/1/17/DIV/normalized",23809,0,26.047587046915034
"DIVCORE/4/1/17/MOD/normalized",23809,0,26.808811793859466
"DIVCORE/4/1/17/DIV/top-clear",23809,0,31.115712545676004
"DIVCORE/4/1/17/MOD/top-clear",23809,0,31.82620017640388
"DIVCORE/4/1/17/DIV/top-one",23809,0,28.494140871099166
"DIVCORE/4/1/17/MOD/top-one",23809,0,29.047167037674829
"DIVCORE/4/1/17/DIV/padded",23809,0,27.456340039480867
"DIVCORE/4/1/17/MOD/padded",23809,0,28.026880591373011
"DIVCORE/4/1/127/DIV/normalized",23809,0,27.862362971985384
"DIVCORE/4/1/127/MOD/normalized",23809,0,27.382838422445293
"DIVCORE/4/1/127/DIV/top-clear",23809,0,32.767734890167581
"DIVCORE/4/1/127/MOD/top-clear",23809,0,33.810743836364402
"DIVCORE/4/1/127/DIV/top-one",23809,0,28.296400520811456
"DIVCORE/4/1/127/MOD/top-one",23809,0,29.027888613549496
"DIVCORE/4/1/127/DIV/padded",23809,0,28.390902599857196
"DIVCORE/4/1/127/MOD/padded",23809,0,28.497626947792853
"DIVCORE/33/1/17/DIV/normalized",10000,0,308.64589999999998
"DIVCORE/33/1/17/MOD/normalized",10000,0,309.29590000000002
"DIVCORE/33/1/17/DIV/top-clear",10000,0,349.34160000000003
"DIVCORE/33/1/17/MOD/top-clear",10000,0,352.24579999999997
"DIVCORE/33/1/17/DIV/top-one",10000,0,282.6875
"DIVCORE/33/1/17/MOD/top-one",10000,0,283.75839999999999
"DIVCORE/33/1/17/DIV/padded",10000,0,326.14159999999998
"DIVCORE/33/1/17/MOD/padded",10000,0,327.93340000000001
"DIVCORE/33/1/127/DIV/normalized",10000,0,307.39999999999998
"DIVCORE/33/1/127/MOD/normalized",10000,0,309.22910000000002
"DIVCORE/33/1/127/DIV/top-clear",10000,0,330.60419999999999
"DIVCORE/33/1/127/MOD/top-clear",10000,0,332.64999999999998
"DIVCORE/33/1/127/DIV/top-one",10000,0,283.37090000000001
"DIVCORE/33/1/127/MOD/top-one",10000,0,283.98340000000002
"DIVCORE/33/1/127/DIV/padded",10000,0,324.12920000000003
"DIVCORE/33/1/127/MOD/padded",10000,0,325.5625
"DIVCORE/1025/1/17/DIV/normalized",479,0,10990.605427974948
"DIVCORE/1025/1/17/MOD/normalized",479,0,11790.275574112735
"DIVCORE/1025/1/17/DIV/top-clear",479,0,11409.707724425887
"DIVCORE/1025/1/17/MOD/top-clear",479,0,11836.985386221295
"DIVCORE/1025/1/17/DIV/top-one",479,0,8950.1565762004175
"DIVCORE/1025/1/17/MOD/top-one",479,0,9018.7035490605431
"DIVCORE/1025/1/17/DIV/padded",479,0,11796.450939457203
"DIVCORE/1025/1/17/MOD/padded",479,0,11262.438413361169
"DIVCORE/1025/1/127/DIV/normalized",479,0,10926.670146137787
"DIVCORE/1025/1/127/MOD/normalized",479,0,10977.296450939457
"DIVCORE/1025/1/127/DIV/top-clear",479,0,11409.881002087683
"DIVCORE/1025/1/127/MOD/top-clear",479,0,11762.611691022965
"DIVCORE/1025/1/127/DIV/top-one",479,0,8969.5532359081426
"DIVCORE/1025/1/127/MOD/top-one",479,0,9030.1837160751566
"DIVCORE/1025/1/127/DIV/padded",479,0,11524.269311064718
"DIVCORE/1025/1/127/MOD/padded",479,0,11768.70146137787
"DIVCORE/65536/1/17/DIV/normalized",7,0,1051464.2857142857
"DIVCORE/65536/1/17/MOD/normalized",7,0,1050881
"DIVCORE/65536/1/17/DIV/top-one",7,0,571732.14285714284
"DIVCORE/65536/1/17/MOD/top-one",7,0,576458.42857142852
"DIVCORE/500000/1/17/DIV/normalized",1,0,8461084
"DIVCORE/500000/1/17/MOD/normalized",1,0,8338708
"DIVCORE/500000/1/17/DIV/top-one",1,0,4392583
"DIVCORE/500000/1/17/MOD/top-one",1,0,4420000
"DIVCORE/1/2/17/DIV/normalized",26315,0,5.359718791563747
"DIVCORE/1/2/17/MOD/normalized",26315,0,5.4341630248907471
"DIVCORE/1/2/17/DIV/top-clear",26315,0,5.3613148394451837
"DIVCORE/1/2/17/MOD/top-clear",26315,0,5.4468554056621699
"DIVCORE/1/2/17/DIV/top-one",26315,0,5.3439103173095193
"DIVCORE/1/2/17/MOD/top-one",26315,0,5.4167205016150488
"DIVCORE/1/2/17/DIV/padded",26315,0,5.326467794033821
"DIVCORE/1/2/17/MOD/padded",26315,0,5.4151624548736459
"DIVCORE/1/2/127/DIV/normalized",26315,0,5.4499714991449739
"DIVCORE/1/2/127/MOD/normalized",26315,0,5.424662739882196
"DIVCORE/1/2/127/DIV/top-clear",26315,0,5.345506365190956
"DIVCORE/1/2/127/MOD/top-clear",26315,0,5.380315409462284
"DIVCORE/1/2/127/DIV/top-one",26315,0,5.3486604598137948
"DIVCORE/1/2/127/MOD/top-one",26315,0,5.3755652669580085
"DIVCORE/1/2/127/DIV/padded",26315,0,5.347064411932358
"DIVCORE/1/2/127/MOD/padded",26315,0,5.4151624548736459
"DIVCORE/2/2/17/DIV/normalized",25000,0,19.251639999999998
"DIVCORE/2/2/17/MOD/normalized",25000,0,16.571639999999999
"DIVCORE/2/2/17/DIV/top-clear",25000,0,20.09
"DIVCORE/2/2/17/MOD/top-clear",25000,0,18.191680000000002
"DIVCORE/2/2/17/DIV/top-one",25000,0,19.885000000000002
"DIVCORE/2/2/17/MOD/top-one",25000,0,18.553319999999999
"DIVCORE/2/2/17/DIV/padded",25000,0,19.254999999999999
"DIVCORE/2/2/17/MOD/padded",25000,0,16.563320000000001
"DIVCORE/2/2/127/DIV/normalized",25000,0,16.731680000000001
"DIVCORE/2/2/127/MOD/normalized",25000,0,13.88832
"DIVCORE/2/2/127/DIV/top-clear",25000,0,19.995000000000001
"DIVCORE/2/2/127/MOD/top-clear",25000,0,18.301680000000001
"DIVCORE/2/2/127/DIV/top-one",25000,0,20.58164
"DIVCORE/2/2/127/MOD/top-one",25000,0,18.855
"DIVCORE/2/2/127/DIV/padded",25000,0,16.731680000000001
"DIVCORE/2/2/127/MOD/padded",25000,0,13.630000000000001
"DIVCORE/3/2/17/DIV/normalized",23809,0,26.352093746062412
"DIVCORE/3/2/17/MOD/normalized",23809,0,24.815573942626738
"DIVCORE/3/2/17/DIV/top-clear",23809,0,32.846486622705697
"DIVCORE/3/2/17/MOD/top-clear",23809,0,33.252467554286191
"DIVCORE/3/2/17/DIV/top-one",23809,0,30.387668528707632
"DIVCORE/3/2/17/MOD/top-one",23809,0,31.556680246965435
"DIVCORE/3/2/17/DIV/padded",23809,0,26.229577050695116
"DIVCORE/3/2/17/MOD/padded",23809,0,24.871561174345835
"DIVCORE/3/2/127/DIV/normalized",23809,0,29.568650510311226
"DIVCORE/3/2/127/MOD/normalized",23809,0,28.75311856860851
"DIVCORE/3/2/127/DIV/top-clear",23809,0,32.699441387710529
"DIVCORE/3/2/127/MOD/top-clear",23809,0,33.457222058885293
"DIVCORE/3/2/127/DIV/top-one",23809,0,29.078625729766056
"DIVCORE/3/2/127/MOD/top-one",23809,0,30.151413331093284
"DIVCORE/3/2/127/DIV/padded",23809,0,30.177663908605989
"DIVCORE/3/2/127/MOD/padded",23809,0,29.110126422781303
"DIVCORE/4/2/17/DIV/normalized",22727,0,34.076560918731026
"DIVCORE/4/2/17/MOD/normalized",22727,0,32.147885774629295
"DIVCORE/4/2/17/DIV/top-clear",22727,0,46.251903022836274
"DIVCORE/4/2/17/MOD/top-clear",22727,0,46.435253223038679
"DIVCORE/4/2/17/DIV/top-one",22727,0,42.040656487877854
"DIVCORE/4/2/17/MOD/top-one",22727,0,43.186518238218859
"DIVCORE/4/2/17/DIV/padded",22727,0,35.123421481057775
"DIVCORE/4/2/17/MOD/padded",22727,0,32.732740792889516
"DIVCORE/4/2/127/DIV/normalized",22727,0,42.488009856118275
"DIVCORE/4/2/127/MOD/normalized",22727,0,40.517182206186476
"DIVCORE/4/2/127/DIV/top-clear",22727,0,46.779865358384299
"DIVCORE/4/2/127/MOD/top-clear",22727,0,46.591059092709109
"DIVCORE/4/2/127/DIV/top-one",22727,0,41.745500946011354
"DIVCORE/4/2/127/MOD/top-one",22727,0,43.358824305891673
"DIVCORE/4/2/127/DIV/padded",22727,0,45.637699652395831
"DIVCORE/4/2/127/MOD/padded",22727,0,42.257007084085011
"DIVCORE/8/2/17/DIV/normalized",19230,0,97.473530941237655
"DIVCORE/8/2/17/MOD/normalized",19230,0,88.258346333853353
"DIVCORE/8/2/17/DIV/top-clear",19230,0,110.57155486219449
"DIVCORE/8/2/17/MOD/top-clear",19230,0,110.9724388975559
"DIVCORE/8/2/17/DIV/top-one",19230,0,104.45917836713468
"DIVCORE/8/2/17/MOD/top-one",19230,0,106.14274570982839
"DIVCORE/8/2/17/DIV/padded",19230,0,92.199687987519496
"DIVCORE/8/2/17/MOD/padded",19230,0,90.247477899115964
"DIVCORE/8/2/127/DIV/normalized",19230,0,102.01076443057723
"DIVCORE/8/2/127/MOD/normalized",19230,0,100.32932917316693
"DIVCORE/8/2/127/DIV/top-clear",19230,0,108.11014040561622
"DIVCORE/8/2/127/MOD/top-clear",19230,0,109.19573582943318
"DIVCORE/8/2/127/DIV/top-one",19230,0,102.27509100364014
"DIVCORE/8/2/127/MOD/top-one",19230,0,105.64004160166407
"DIVCORE/8/2/127/DIV/padded",19230,0,105.10052002080083
"DIVCORE/8/2/127/MOD/padded",19230,0,103.90447217888716
"DIVCORE/34/2/17/DIV/normalized",9615,0,494.89516380655226
"DIVCORE/34/2/17/MOD/normalized",9615,0,490.94300572022883
"DIVCORE/34/2/17/DIV/top-clear",9615,0,522.14851794071762
"DIVCORE/34/2/17/MOD/top-clear",9615,0,518.60374414976604
"DIVCORE/34/2/17/DIV/top-one",9615,0,514.74258970358812
"DIVCORE/34/2/17/MOD/top-one",9615,0,515.36235049401978
"DIVCORE/34/2/17/DIV/padded",9615,0,506.89901196047845
"DIVCORE/34/2/17/MOD/padded",9615,0,515.78263130525227
"DIVCORE/34/2/127/DIV/normalized",9615,0,507.78731149245971
"DIVCORE/34/2/127/MOD/normalized",9615,0,502.93374934997399
"DIVCORE/34/2/127/DIV/top-clear",9615,0,564.34830993239734
"DIVCORE/34/2/127/MOD/top-clear",9615,0,546.35548621944872
"DIVCORE/34/2/127/DIV/top-one",9615,0,551.44732189287572
"DIVCORE/34/2/127/MOD/top-one",9615,0,537.09485179407181
"DIVCORE/34/2/127/DIV/padded",9615,0,518.33510140405622
"DIVCORE/34/2/127/MOD/padded",9615,0,516.27238689547585
"DIVCORE/1026/2/17/DIV/normalized",478,0,16875.173640167362
"DIVCORE/1026/2/17/MOD/normalized",478,0,16898.535564853555
"DIVCORE/1026/2/17/DIV/top-clear",478,0,18269.439330543933
"DIVCORE/1026/2/17/MOD/top-clear",478,0,18308.924686192469
"DIVCORE/1026/2/17/DIV/top-one",478,0,17527.023012552301
"DIVCORE/1026/2/17/MOD/top-one",478,0,17476.640167364018
"DIVCORE/1026/2/17/DIV/padded",478,0,16911.87238493724
"DIVCORE/1026/2/17/MOD/padded",478,0,16885.37238493724
"DIVCORE/1026/2/127/DIV/normalized",478,0,17277.63179916318
"DIVCORE/1026/2/127/MOD/normalized",478,0,17279.985355648536
"DIVCORE/1026/2/127/DIV/top-clear",478,0,18230.734309623433
"DIVCORE/1026/2/127/MOD/top-clear",478,0,18246.338912133891
"DIVCORE/1026/2/127/DIV/top-one",478,0,17990.49790794979
"DIVCORE/1026/2/127/MOD/top-one",478,0,17992.765690376567
"DIVCORE/1026/2/127/DIV/padded",478,0,17661.087866108788
"DIVCORE/1026/2/127/MOD/padded",478,0,17625.087866108788
"DIVCORE/65536/2/17/DIV/normalized",7,0,1374250
"DIVCORE/65536/2/17/MOD/normalized",7,0,1367398.7142857143
"DIVCORE/65536/2/17/DIV/top-one",7,0,1300434.4285714286
"DIVCORE/65536/2/17/MOD/top-one",7,0,1301452.2857142857
"DIVCORE/500000/2/17/DIV/normalized",1,0,10483500
"DIVCORE/500000/2/17/MOD/normalized",1,0,10435875
"DIVCORE/500000/2/17/DIV/top-one",1,0,9989000
"DIVCORE/500000/2/17/MOD/top-one",1,0,10003625
"DIVCORE/2/3/17/DIV/normalized",23809,0,5.4723843924566342
"DIVCORE/2/3/17/MOD/normalized",23809,0,5.4146331219286825
"DIVCORE/2/3/17/DIV/top-clear",23809,0,5.369104120290646
"DIVCORE/2/3/17/MOD/top-clear",23809,0,5.4233693141249111
"DIVCORE/2/3/17/DIV/top-one",23809,0,5.3568818514007308
"DIVCORE/2/3/17/MOD/top-one",23809,0,5.4023688521147468
"DIVCORE/2/3/17/DIV/padded",23809,0,5.372632197908354
"DIVCORE/2/3/17/MOD/padded",23809,0,5.5091352009744217
"DIVCORE/2/3/127/DIV/normalized",23809,0,5.3586038892855639
"DIVCORE/2/3/127/MOD/normalized",23809,0,5.5126212776681083
"DIVCORE/2/3/127/DIV/top-clear",23809,0,5.3428955437019612
"DIVCORE/2/3/127/MOD/top-clear",23809,0,5.3848544667982692
"DIVCORE/2/3/127/DIV/top-one",23809,0,5.369104120290646
"DIVCORE/2/3/127/MOD/top-one",23809,0,5.4093410055021209
"DIVCORE/2/3/127/DIV/padded",23809,0,5.3586038892855639
"DIVCORE/2/3/127/MOD/padded",23809,0,5.3901465832248308
"DIVCORE/3/3/17/DIV/normalized",22727,0,21.067100805209662
"DIVCORE/3/3/17/MOD/normalized",22727,0,17.490209882518592
"DIVCORE/3/3/17/DIV/top-clear",22727,0,23.551282615391386
"DIVCORE/3/3/17/MOD/top-clear",22727,0,20.500594007128086
"DIVCORE/3/3/17/DIV/top-one",22727,0,23.864786377436531
"DIVCORE/3/3/17/MOD/top-one",22727,0,21.345756149073789
"DIVCORE/3/3/17/DIV/padded",22727,0,21.070752849034189
"DIVCORE/3/3/17/MOD/padded",22727,0,17.361860342324107
"DIVCORE/3/3/127/DIV/normalized",22727,0,17.669864038368459
"DIVCORE/3/3/127/MOD/normalized",22727,0,13.649315791789501
"DIVCORE/3/3/127/DIV/top-clear",22727,0,23.55493465921591
"DIVCORE/3/3/127/MOD/top-clear",22727,0,20.498745984951821
"DIVCORE/3/3/127/DIV/top-one",22727,0,24.302987635851629
"DIVCORE/3/3/127/MOD/top-one",22727,0,21.919567034804416
"DIVCORE/3/3/127/DIV/padded",22727,0,17.660711928543144
"DIVCORE/3/3/127/MOD/padded",22727,0,13.634663615963392
"DIVCORE/4/3/17/DIV/normalized",21739,0,28.637103822622937
"DIVCORE/4/3/17/MOD/normalized",21739,0,25.721836331017986
"DIVCORE/4/3/17/DIV/top-clear",21739,0,36.80215281291688
"DIVCORE/4/3/17/MOD/top-clear",21739,0,37.670408022448136
"DIVCORE/4/3/17/DIV/top-one",21739,0,37.329223975343851
"DIVCORE/4/3/17/MOD/top-one",21739,0,38.939233635401813
"DIVCORE/4/3/17/DIV/padded",21739,0,28.202033212199272
"DIVCORE/4/3/17/MOD/padded",21739,0,25.541653249919499
"DIVCORE/4/3/17/DIV/add-back",21739,0,26.655273931643588
"DIVCORE/4/3/17/MOD/add-back",21739,0,23.862643175859056
"DIVCORE/4/3/127/DIV/normalized",21739,0,33.252449514697091
"DIVCORE/4/3/127/MOD/normalized",21739,0,32.313261879571279
"DIVCORE/4/3/127/DIV/top-clear",21739,0,36.917153502921018
"DIVCORE/4/3/127/MOD/top-clear",21739,0,37.988591931551589
"DIVCORE/4/3/127/DIV/top-one",21739,0,37.551589309535856
"DIVCORE/4/3/127/MOD/top-one",21739,0,38.306729840379042
"DIVCORE/4/3/127/DIV/padded",21739,0,33.595519573117436
"DIVCORE/4/3/127/MOD/padded",21739,0,32.083260499562996
"DIVCORE/6/3/17/DIV/normalized",20000,0,50.720799999999997
"DIVCORE/6/3/17/MOD/normalized",20000,0,49.197899999999997
"DIVCORE/6/3/17/DIV/top-clear",20000,0,69.275000000000006
"DIVCORE/6/3/17/MOD/top-clear",20000,0,69.679150000000007
"DIVCORE/6/3/17/DIV/top-one",20000,0,72.96875
"DIVCORE/6/3/17/MOD/top-one",20000,0,74.166650000000004
"DIVCORE/6/3/17/DIV/padded",20000,0,53.120849999999997
"DIVCORE/6/3/17/MOD/padded",20000,0,50.629150000000003
"DIVCORE/6/3/17/DIV/add-back",20000,0,40.116700000000002
"DIVCORE/6/3/17/MOD/add-back",20000,0,37.88955
"DIVCORE/6/3/127/DIV/normalized",20000,0,51.943750000000001
"DIVCORE/6/3/127/MOD/normalized",20000,0,49.797899999999998
"DIVCORE/6/3/127/DIV/top-clear",20000,0,66.831249999999997
"DIVCORE/6/3/127/MOD/top-clear",20000,0,68.035399999999996
"DIVCORE/6/3/127/DIV/top-one",20000,0,66.614549999999994
"DIVCORE/6/3/127/MOD/top-one",20000,0,67.422899999999998
"DIVCORE/6/3/127/DIV/padded",20000,0,54.152099999999997
"DIVCORE/6/3/127/MOD/padded",20000,0,50.9771
"DIVCORE/12/3/17/DIV/normalized",16129,0,149.48229896459793
"DIVCORE/12/3/17/MOD/normalized",16129,0,147.59129518259036
"DIVCORE/12/3/17/DIV/top-clear",16129,0,177.11885423770846
"DIVCORE/12/3/17/MOD/top-clear",16129,0,177.44956289912579
"DIVCORE/12/3/17/DIV/top-one",16129,0,169.96558993117986
"DIVCORE/12/3/17/MOD/top-one",16129,0,170.96013392026785
"DIVCORE/12/3/17/DIV/padded",16129,0,155.99491598983198
"DIVCORE/12/3/17/MOD/padded",16129,0,151.64715729431458
"DIVCORE/12/3/17/DIV/add-back",16129,0,88.058218116436237
"DIVCORE/12/3/17/MOD/add-back",16129,0,85.890817781635562
"DIVCORE/12/3/127/DIV/normalized",16129,0,149.91890383780768
"DIVCORE/12/3/127/MOD/normalized",16129,0,148.25004650009299
"DIVCORE/12/3/127/DIV/top-clear",16129,0,170.0275900551801
"DIVCORE/12/3/127/MOD/top-clear",16129,0,169.8002976005952
"DIVCORE/12/3/127/DIV/top-one",16129,0,166.00279000558001
"DIVCORE/12/3/127/MOD/top-one",16129,0,167.70773141546283
"DIVCORE/12/3/127/DIV/padded",16129,0,154.57666315332631
"DIVCORE/12/3/127/MOD/padded",16129,0,152.05790811581622
"DIVCORE/35/3/17/DIV/normalized",9259,0,531.7888540879145
"DIVCORE/35/3/17/MOD/normalized",9259,0,536.74802894481047
"DIVCORE/35/3/17/DIV/top-clear",9259,0,578.13122367426286
"DIVCORE/35/3/17/MOD/top-clear",9259,0,580.75926125931528
"DIVCORE/35/3/17/DIV/top-one",9259,0,564.86931634085749
"DIVCORE/35/3/17/MOD/top-one",9259,0,566.29582028296795
"DIVCORE/35/3/17/DIV/padded",9259,0,548.12884760773306
"DIVCORE/35/3/17/MOD/padded",9259,0,549.12333945350474
"DIVCORE/35/3/17/DIV/add-back",9259,0,288.30057241602765
"DIVCORE/35/3/17/MOD/add-back",9259,0,282.36040609137058
"DIVCORE/35/3/127/DIV/normalized",9259,0,532.04093314612805
"DIVCORE/35/3/127/MOD/normalized",9259,0,528.23825467113079
"DIVCORE/35/3/127/DIV/top-clear",9259,0,588.78302192461388
"DIVCORE/35/3/127/MOD/top-clear",9259,0,581.69521546603301
"DIVCORE/35/3/127/DIV/top-one",9259,0,561.89469705151748
"DIVCORE/35/3/127/MOD/top-one",9259,0,559.94167836699432
"DIVCORE/35/3/127/DIV/padded",9259,0,548.02991683767141
"DIVCORE/35/3/127/MOD/padded",9259,0,547.30975267307485
"DIVCORE/1027/3/17/DIV/normalized",478,0,18714.523012552301
"DIVCORE/1027/3/17/MOD/normalized",478,0,18625.87238493724
"DIVCORE/1027/3/17/DIV/top-clear",478,0,20486.663179916319
"DIVCORE/1027/3/17/MOD/top-clear",478,0,20536.349372384939
"DIVCORE/1027/3/17/DIV/top-one",478,0,18355.910041841005
"DIVCORE/1027/3/17/MOD/top-one",478,0,18357.479079497909
"DIVCORE/1027/3/17/DIV/padded",478,0,19018.916317991632
"DIVCORE/1027/3/17/MOD/padded",478,0,19000.784518828452
"DIVCORE/1027/3/17/DIV/add-back",478,0,8476.899581589958
"DIVCORE/1027/3/17/MOD/add-back",478,0,8446.8263598326357
"DIVCORE/1027/3/127/DIV/normalized",478,0,17912.046025104602
"DIVCORE/1027/3/127/MOD/normalized",478,0,17831.589958158995
"DIVCORE/1027/3/127/DIV/top-clear",478,0,18943.42677824268
"DIVCORE/1027/3/127/MOD/top-clear",478,0,18921.286610878662
"DIVCORE/1027/3/127/DIV/top-one",478,0,18996.163179916319
"DIVCORE/1027/3/127/MOD/top-one",478,0,18932.008368200837
"DIVCORE/1027/3/127/DIV/padded",478,0,18161.958158995814
"DIVCORE/1027/3/127/MOD/padded",478,0,18113.144351464434
"DIVCORE/3/4/17/DIV/normalized",21739,0,5.3801002806016838
"DIVCORE/3/4/17/MOD/normalized",21739,0,5.4586687520125121
"DIVCORE/3/4/17/DIV/top-clear",21739,0,5.3628961773770643
"DIVCORE/3/4/17/MOD/top-clear",21739,0,5.4414646487878926
"DIVCORE/3/4/17/DIV/top-one",21739,0,5.3762822576935463
"DIVCORE/3/4/17/MOD/top-one",21739,0,5.4606007636045817
"DIVCORE/3/4/17/DIV/padded",21739,0,5.3647821886931322
"DIVCORE/3/4/17/MOD/padded",21739,0,5.4510327061962371
"DIVCORE/3/4/127/DIV/normalized",21739,0,5.5046690280141677
"DIVCORE/3/4/127/MOD/normalized",21739,0,5.4721008326049958
"DIVCORE/3/4/127/DIV/top-clear",21739,0,5.3705322231933392
"DIVCORE/3/4/127/MOD/top-clear",21739,0,5.4548507291043746
"DIVCORE/3/4/127/DIV/top-one",21739,0,5.3724642347854088
"DIVCORE/3/4/127/MOD/top-one",21739,0,5.4548967293803763
"DIVCORE/3/4/127/DIV/padded",21739,0,5.3782142692856159
"DIVCORE/3/4/127/MOD/padded",21739,0,5.4472146832880997
"DIVCORE/4/4/17/DIV/normalized",20833,0,18.266308260932174
"DIVCORE/4/4/17/MOD/normalized",20833,0,13.636202179234868
"DIVCORE/4/4/17/DIV/top-clear",20833,0,24.790380646090338
"DIVCORE/4/4/17/MOD/top-clear",20833,0,22.450343205491286
"DIVCORE/4/4/17/DIV/top-one",20833,0,24.79839677434839
"DIVCORE/4/4/17/MOD/top-one",20833,0,23.13233811740988
"DIVCORE/4/4/17/DIV/padded",20833,0,18.108289732635722
"DIVCORE/4/4/17/MOD/padded",20833,0,13.636202179234868
"DIVCORE/4/4/127/DIV/normalized",20833,0,21.690347045552731
"DIVCORE/4/4/127/MOD/normalized",20833,0,17.730283684538954
"DIVCORE/4/4/127/DIV/top-clear",20833,0,24.808380934094945
"DIVCORE/4/4/127/MOD/top-clear",20833,0,22.472327557240916
"DIVCORE/4/4/127/DIV/top-one",20833,0,24.792396678346854
"DIVCORE/4/4/127/MOD/top-one",20833,0,22.914366629866077
"DIVCORE/4/4/127/DIV/padded",20833,0,21.690347045552731
"DIVCORE/4/4/127/MOD/padded",20833,0,17.724283588537418
"DIVCORE/5/4/17/DIV/normalized",20000,0,35.068750000000001
"DIVCORE/5/4/17/MOD/normalized",20000,0,33.760399999999997
"DIVCORE/5/4/17/DIV/top-clear",20000,0,39.497900000000001
"DIVCORE/5/4/17/MOD/top-clear",20000,0,40.885399999999997
"DIVCORE/5/4/17/DIV/top-one",20000,0,40.287500000000001
"DIVCORE/5/4/17/MOD/top-one",20000,0,41.372950000000003
"DIVCORE/5/4/17/DIV/padded",20000,0,35.23545
"DIVCORE/5/4/17/MOD/padded",20000,0,34.1708
"DIVCORE/5/4/17/DIV/add-back",20000,0,27.5792
"DIVCORE/5/4/17/MOD/add-back",20000,0,24.55415
"DIVCORE/5/4/127/DIV/normalized",20000,0,34.020850000000003
"DIVCORE/5/4/127/MOD/normalized",20000,0,32.783299999999997
"DIVCORE/5/4/127/DIV/top-clear",20000,0,40.120849999999997
"DIVCORE/5/4/127/MOD/top-clear",20000,0,41.254150000000003
"DIVCORE/5/4/127/DIV/top-one",20000,0,39.122950000000003
"DIVCORE/5/4/127/MOD/top-one",20000,0,40.54795
"DIVCORE/5/4/127/DIV/padded",20000,0,34.370800000000003
"DIVCORE/5/4/127/MOD/padded",20000,0,32.864600000000003
"DIVCORE/8/4/17/DIV/normalized",17857,0,86.261690093520741
"DIVCORE/8/4/17/MOD/normalized",17857,0,84.768382147057181
"DIVCORE/8/4/17/DIV/top-clear",17857,0,96.820126561012486
"DIVCORE/8/4/17/MOD/top-clear",17857,0,98.271490171921371
"DIVCORE/8/4/17/DIV/top-one",17857,0,93.418099344794754
"DIVCORE/8/4/17/MOD/top-one",17857,0,94.409755278042226
"DIVCORE/8/4/17/DIV/padded",17857,0,88.275354202833626
"DIVCORE/8/4/17/MOD/padded",17857,0,86.296690373522992
"DIVCORE/8/4/17/DIV/add-back",17857,0,57.078456627653019
"DIVCORE/8/4/17/MOD/add-back",17857,0,54.367082936663493
"DIVCORE/8/4/127/DIV/normalized",17857,0,91.964439715517727
"DIVCORE/8/4/127/MOD/normalized",17857,0,89.003360026880216
"DIVCORE/8/4/127/DIV/top-clear",17857,0,93.90575124600997
"DIVCORE/8/4/127/MOD/top-clear",17857,0,95.289466315730522
"DIVCORE/8/4/127/DIV/top-one",17857,0,90.459371674973397
"DIVCORE/8/4/127/MOD/top-one",17857,0,91.602732821862574
"DIVCORE/8/4/127/DIV/padded",17857,0,91.665733325866611
"DIVCORE/8/4/127/MOD/padded",17857,0,90.401075208601668
"DIVCORE/16/4/17/DIV/normalized",13888,0,234.16503456221199
"DIVCORE/16/4/17/MOD/normalized",13888,0,233.03096198156683
"DIVCORE/16/4/17/DIV/top-clear",13888,0,246.00972062211983
"DIVCORE/16/4/17/MOD/top-clear",13888,0,246.25878456221199
"DIVCORE/16/4/17/DIV/top-one",13888,0,239.96140552995391
"DIVCORE/16/4/17/MOD/top-one",13888,0,241.56646025345623
"DIVCORE/16/4/17/DIV/padded",13888,0,239.46032546082949
"DIVCORE/16/4/17/MOD/padded",13888,0,238.26620103686636
"DIVCORE/16/4/17/DIV/add-back",13888,0,144.65725806451613
"DIVCORE/16/4/17/MOD/add-back",13888,0,141.18303571428572
"DIVCORE/16/4/127/DIV/normalized",13888,0,224.2853542626728
"DIVCORE/16/4/127/MOD/normalized",13888,0,222.75223214285714
"DIVCORE/16/4/127/DIV/top-clear",13888,0,242.40351382488478
"DIVCORE/16/4/127/MOD/top-clear",13888,0,242.78449020737327
"DIVCORE/16/4/127/DIV/top-one",13888,0,232.31084389400922
"DIVCORE/16/4/127/MOD/top-one",13888,0,234.31797235023041
"DIVCORE/16/4/127/DIV/padded",13888,0,230.91877880184333
"DIVCORE/16/4/127/MOD/padded",13888,0,228.41064228110599
"DIVCORE/36/4/17/DIV/normalized",8928,0,588.65367383512546
"DIVCORE/36/4/17/MOD/normalized",8928,0,589.96046146953404
"DIVCORE/36/4/17/DIV/top-clear",8928,0,615.29737903225805
"DIVCORE/36/4/17/MOD/top-clear",8928,0,617.26691308243733
"DIVCORE/36/4/17/DIV/top-one",8928,0,600.54043458781359
"DIVCORE/36/4/17/MOD/top-one",8928,0,604.32067652329749
"DIVCORE/36/4/17/DIV/padded",8928,0,604.17607526881716
"DIVCORE/36/4/17/MOD/padded",8928,0,602.08512544802863
"DIVCORE/36/4/17/DIV/add-back",8928,0,345.43481182795699
"DIVCORE/36/4/17/MOD/add-back",8928,0,343.97401433691755
"DIVCORE/36/4/127/DIV/normalized",8928,0,597.21751792114696
"DIVCORE/36/4/127/MOD/normalized",8928,0,596.84419802867387
"DIVCORE/36/4/127/DIV/top-clear",8928,0,620.62231182795699
"DIVCORE/36/4/127/MOD/top-clear",8928,0,624.29065860215053
"DIVCORE/36/4/127/DIV/top-one",8928,0,637.28808243727599
"DIVCORE/36/4/127/MOD/top-one",8928,0,623.94052419354841
"DIVCORE/36/4/127/DIV/padded",8928,0,612.55320340501794
"DIVCORE/36/4/127/MOD/padded",8928,0,629.51769713261649
"DIVCORE/1028/4/17/DIV/normalized",477,0,21164.046121593292
"DIVCORE/1028/4/17/MOD/normalized",477,0,19395.352201257861
"DIVCORE/1028/4/17/DIV/top-clear",477,0,21042.540880503144
"DIVCORE/1028/4/17/MOD/top-clear",477,0,20985.763102725366
"DIVCORE/1028/4/17/DIV/top-one",467,0,21418.184154175589
"DIVCORE/1028/4/17/MOD/top-one",469,0,21394.368869936035
"DIVCORE/1028/4/17/DIV/padded",477,0,19832.895178197065
"DIVCORE/1028/4/17/MOD/padded",477,0,19799.440251572327
"DIVCORE/1028/4/17/DIV/add-back",477,0,10413.348008385745
"DIVCORE/1028/4/17/MOD/add-back",477,0,10399.457023060797
"DIVCORE/1028/4/127/DIV/normalized",477,0,20401.117400419287
"DIVCORE/1028/4/127/MOD/normalized",477,0,20312.283018867925
"DIVCORE/1028/4/127/DIV/top-clear",470,0,21234.219148936168
"DIVCORE/1028/4/127/MOD/top-clear",473,0,21169.837209302324
"DIVCORE/1028/4/127/DIV/top-one",477,0,20098.882599580713
"DIVCORE/1028/4/127/MOD/top-one",477,0,20091.018867924529
"DIVCORE/1028/4/127/DIV/padded",477,0,20593.727463312371
"DIVCORE/1028/4/127/MOD/padded",477,0,20571.278825995807
"DIVCORE/7/8/17/DIV/normalized",16129,0,5.3423646847293691
"DIVCORE/7/8/17/MOD/normalized",16129,0,5.3501147002294003
"DIVCORE/7/8/17/DIV/top-clear",16129,0,5.3475106950213904
"DIVCORE/7/8/17/MOD/top-clear",16129,0,5.3113646227292453
"DIVCORE/7/8/17/DIV/top-one",16129,0,5.3475106950213904
"DIVCORE/7/8/17/MOD/top-one",16129,0,5.3165106330212657
"DIVCORE/7/8/17/DIV/padded",16129,0,5.3320106640213281
"DIVCORE/7/8/17/MOD/padded",16129,0,5.3294066588133173
"DIVCORE/7/8/127/DIV/normalized",16129,0,5.3449066898133797
"DIVCORE/7/8/127/MOD/normalized",16129,0,5.3139066278132558
"DIVCORE/7/8/127/DIV/top-clear",16129,0,5.3397606795213592
"DIVCORE/7/8/127/MOD/top-clear",16129,0,5.3320106640213281
"DIVCORE/7/8/127/DIV/top-one",16129,0,5.3346146692293388
"DIVCORE/7/8/127/MOD/top-one",16129,0,5.3320106640213281
"DIVCORE/7/8/127/DIV/padded",16129,0,5.3345526691053387
"DIVCORE/7/8/127/MOD/padded",16129,0,5.3268026536053075
"DIVCORE/8/8/17/DIV/normalized",15625,0,19.210688000000001
"DIVCORE/8/8/17/MOD/normalized",15625,0,13.632
"DIVCORE/8/8/17/DIV/top-clear",15625,0,32.095999999999997
"DIVCORE/8/8/17/MOD/top-clear",15625,0,32.829312000000002
"DIVCORE/8/8/17/DIV/top-one",15625,0,34.863999999999997
"DIVCORE/8/8/17/MOD/top-one",15625,0,35.309311999999998
"DIVCORE/8/8/17/DIV/padded",15625,0,19.210688000000001
"DIVCORE/8/8/17/MOD/padded",15625,0,13.648
"DIVCORE/8/8/127/DIV/normalized",15625,0,19.207999999999998
"DIVCORE/8/8/127/MOD/normalized",15625,0,13.634688000000001
"DIVCORE/8/8/127/DIV/top-clear",15625,0,32.077311999999999
"DIVCORE/8/8/127/MOD/top-clear",15625,0,32.832000000000001
"DIVCORE/8/8/127/DIV/top-one",15625,0,33.904000000000003
"DIVCORE/8/8/127/MOD/top-one",15625,0,34.202688000000002
"DIVCORE/8/8/127/DIV/padded",15625,0,19.226687999999999
"DIVCORE/8/8/127/MOD/padded",15625,0,13.634688000000001
"DIVCORE/9/8/17/DIV/normalized",15151,0,30.61679097089301
"DIVCORE/9/8/17/MOD/normalized",15151,0,28.048181638175699
"DIVCORE/9/8/17/DIV/top-clear",15151,0,55.96165269619167
"DIVCORE/9/8/17/MOD/top-clear",15151,0,57.050689723450596
"DIVCORE/9/8/17/DIV/top-one",15151,0,57.251402547686624
"DIVCORE/9/8/17/MOD/top-one",15151,0,58.362484324467033
"DIVCORE/9/8/17/DIV/padded",15151,0,31.381294964028775
"DIVCORE/9/8/17/MOD/padded",15151,0,28.292983961454688
"DIVCORE/9/8/17/DIV/add-back",15151,0,35.470662002508085
"DIVCORE/9/8/17/MOD/add-back",15151,0,30.715794337007459
"DIVCORE/9/8/127/DIV/normalized",15151,0,30.603062504125141
"DIVCORE/9/8/127/MOD/normalized",15151,0,28.037225265659032
"DIVCORE/9/8/127/DIV/top-clear",15151,0,57.091941125998282
"DIVCORE/9/8/127/MOD/top-clear",15151,0,58.736519041647419
"DIVCORE/9/8/127/DIV/top-one",15151,0,55.480430334631379
"DIVCORE/9/8/127/MOD/top-one",15151,0,57.405451785360704
"DIVCORE/9/8/127/DIV/padded",15151,0,31.414296086066926
"DIVCORE/9/8/127/MOD/padded",15151,0,28.295756055705894
"DIVCORE/16/8/17/DIV/normalized",12500,0,186.29336000000001
"DIVCORE/16/8/17/MOD/normalized",12500,0,183.88672
"DIVCORE/16/8/17/DIV/top-clear",12500,0,220.53
"DIVCORE/16/8/17/MOD/top-clear",12500,0,229.03664000000001
"DIVCORE/16/8/17/DIV/top-one",12500,0,214.51664
"DIVCORE/16/8/17/MOD/top-one",12500,0,216.81999999999999
"DIVCORE/16/8/17/DIV/padded",12500,0,192.00672
"DIVCORE/16/8/17/MOD/padded",12500,0,187.09672
"DIVCORE/16/8/17/DIV/add-back",12500,0,160.80672000000001
"DIVCORE/16/8/17/MOD/add-back",12500,0,156.84664000000001
"DIVCORE/16/8/127/DIV/normalized",12500,0,184.57328000000001
"DIVCORE/16/8/127/MOD/normalized",12500,0,182.38664
"DIVCORE/16/8/127/DIV/top-clear",12500,0,221.14336
"DIVCORE/16/8/127/MOD/top-clear",12500,0,222.84335999999999
"DIVCORE/16/8/127/DIV/top-one",12500,0,214.16664
"DIVCORE/16/8/127/MOD/top-one",12500,0,218.14663999999999
"DIVCORE/16/8/127/DIV/padded",12500,0,188.57336000000001
"DIVCORE/16/8/127/MOD/padded",12500,0,185.24336
"DIVCORE/32/8/17/DIV/normalized",8928,0,552.59677419354841
"DIVCORE/32/8/17/MOD/normalized",8928,0,548.95172491039432
"DIVCORE/32/8/17/DIV/top-clear",8928,0,601.92652329749103
"DIVCORE/32/8/17/MOD/top-clear",8928,0,601.73051075268813
"DIVCORE/32/8/17/DIV/top-one",8928,0,598.43559587813616
"DIVCORE/32/8/17/MOD/top-one",8928,0,600.27441756272401
"DIVCORE/32/8/17/DIV/padded",8928,0,563.77408154121861
"DIVCORE/32/8/17/MOD/padded",8928,0,557.45038082437281
"DIVCORE/32/8/17/DIV/add-back",8928,0,436.5013440860215
"DIVCORE/32/8/17/MOD/add-back",8928,0,435.10114247311827
"DIVCORE/32/8/127/DIV/normalized",8928,0,563.02744175627242
"DIVCORE/32/8/127/MOD/normalized",8928,0,560.36256720430106
"DIVCORE/32/8/127/DIV/top-clear",8928,0,605.04872311827955
"DIVCORE/32/8/127/MOD/top-clear",8928,0,609.90703405017916
"DIVCORE/32/8/127/DIV/top-one",8928,0,593.25067204301081
"DIVCORE/32/8/127/MOD/top-one",8928,0,592.8726478494624
"DIVCORE/32/8/127/DIV/padded",8928,0,575.36682347670251
"DIVCORE/32/8/127/MOD/padded",8928,0,570.85853494623655
"DIVCORE/40/8/17/DIV/normalized",7812,0,734.49500768049154
"DIVCORE/40/8/17/MOD/normalized",7812,0,727.81720430107532
"DIVCORE/40/8/17/DIV/top-clear",7812,0,782.15130568356369
"DIVCORE/40/8/17/MOD/top-clear",7812,0,782.66333845366103
"DIVCORE/40/8/17/DIV/top-one",7812,0,778.03379416282644
"DIVCORE/40/8/17/MOD/top-one",7812,0,779.19124423963137
"DIVCORE/40/8/17/DIV/padded",7812,0,745.86111111111109
"DIVCORE/40/8/17/MOD/padded",7812,0,742.65015360983102
"DIVCORE/40/8/17/DIV/add-back",7812,0,573.1993087557604
"DIVCORE/40/8/17/MOD/add-back",7812,0,565.26280081925245
"DIVCORE/40/8/127/DIV/normalized",7812,0,742.40476190476193
"DIVCORE/40/8/127/MOD/normalized",7812,0,734.27099334357399
"DIVCORE/40/8/127/DIV/top-clear",7812,0,799.70442908346138
"DIVCORE/40/8/127/MOD/top-clear",7812,0,801.08589349718386
"DIVCORE/40/8/127/DIV/top-one",7812,0,766.22503840245781
"DIVCORE/40/8/127/MOD/top-one",7812,0,770.7533282130056
"DIVCORE/40/8/127/DIV/padded",7812,0,753.82424475166408
"DIVCORE/40/8/127/MOD/padded",7812,0,749.07194060419863
"DIVCORE/1032/8/17/DIV/normalized",473,0,25274.137420718816
"DIVCORE/1032/8/17/MOD/normalized",397,0,25209.69773299748
"DIVCORE/1032/8/17/DIV/top-clear",473,0,27025.194503171246
"DIVCORE/1032/8/17/MOD/top-clear",473,0,26908.737843551797
"DIVCORE/1032/8/17/DIV/top-one",370,0,27093.356756756755
"DIVCORE/1032/8/17/MOD/top-one",473,0,26989.957716701902
"DIVCORE/1032/8/17/DIV/padded",389,0,25750.426735218509
"DIVCORE/1032/8/17/MOD/padded",389,0,25708.868894601543
"DIVCORE/1032/8/17/DIV/add-back",473,0,17652.659619450318
"DIVCORE/1032/8/17/MOD/add-back",473,0,17585.974630021141
"DIVCORE/1032/8/127/DIV/normalized",385,0,26156.062337662337
"DIVCORE/1032/8/127/MOD/normalized",473,0,26043.16490486258
"DIVCORE/1032/8/127/DIV/top-clear",365,0,27409.589041095889
"DIVCORE/1032/8/127/MOD/top-clear",366,0,27481.327868852459
"DIVCORE/1032/8/127/DIV/top-one",375,0,26749.109333333334
"DIVCORE/1032/8/127/MOD/top-one",376,0,26682.513297872341
"DIVCORE/1032/8/127/DIV/padded",473,0,26326.463002114164
"DIVCORE/1032/8/127/MOD/padded",381,0,26307.524934383204
"DIVCORE/15/16/17/DIV/normalized",10638,0,5.3346493701823654
"DIVCORE/15/16/17/MOD/normalized",10638,0,5.3346493701823654
"DIVCORE/15/16/17/DIV/top-clear",10638,0,5.3385034780973868
"DIVCORE/15/16/17/MOD/top-clear",10638,0,5.3463996991915774
"DIVCORE/15/16/17/DIV/top-one",10638,0,5.3346493701823654
"DIVCORE/15/16/17/MOD/top-one",10638,0,5.3463996991915774
"DIVCORE/15/16/17/DIV/padded",10638,0,5.3189509306260572
"DIVCORE/15/16/17/MOD/padded",10638,0,5.3502538071065988
"DIVCORE/15/16/127/DIV/normalized",10638,0,5.3385034780973868
"DIVCORE/15/16/127/MOD/normalized",10638,0,5.342545591276556
"DIVCORE/15/16/127/DIV/top-clear",10638,0,5.3385974807294607
"DIVCORE/15/16/127/MOD/top-clear",10638,0,5.3620981387478848
"DIVCORE/15/16/127/DIV/top-one",10638,0,5.3228990411731525
"DIVCORE/15/16/127/MOD/top-one",10638,0,5.3463996991915774
"DIVCORE/15/16/127/DIV/padded",10638,0,5.3424515886444821
"DIVCORE/15/16/127/MOD/padded",10638,0,5.3699003572100015
"DIVCORE/16/16/17/DIV/normalized",10416,0,16.449020737327189
"DIVCORE/16/16/17/MOD/normalized",10416,0,13.65284178187404
"DIVCORE/16/16/17/DIV/top-clear",10416,0,47.307027649769587
"DIVCORE/16/16/17/MOD/top-clear",10416,0,53.203341013824883
"DIVCORE/16/16/17/DIV/top-one",10416,0,49.843125960061442
"DIVCORE/16/16/17/MOD/top-one",10416,0,55.551555299539167
"DIVCORE/16/16/17/DIV/padded",10416,0,16.46505376344086
"DIVCORE/16/16/17/MOD/padded",10416,0,13.640937019969279
"DIVCORE/16/16/127/DIV/normalized",10416,0,33.950172811059907
"DIVCORE/16/16/127/MOD/normalized",10416,0,32.206029185867898
"DIVCORE/16/16/127/DIV/top-clear",10416,0,47.543010752688176
"DIVCORE/16/16/127/MOD/top-clear",10416,0,53.203437019969279
"DIVCORE/16/16/127/DIV/top-one",10416,0,48.575076804915511
"DIVCORE/16/16/127/MOD/top-one",10416,0,54.975518433179722
"DIVCORE/16/16/127/DIV/padded",10416,0,33.950172811059907
"DIVCORE/16/16/127/MOD/padded",10416,0,32.202092933947775
"DIVCORE/17/16/17/DIV/normalized",10204,0,68.032928263426101
"DIVCORE/17/16/17/MOD/normalized",10204,0,64.994903959231678
"DIVCORE/17/16/17/DIV/top-clear",10204,0,82.635045080360641
"DIVCORE/17/16/17/MOD/top-clear",10204,0,87.682085456683652
"DIVCORE/17/16/17/DIV/top-one",10204,0,83.378283026264214
"DIVCORE/17/16/17/MOD/top-one",10204,0,88.274206193649547
"DIVCORE/17/16/17/DIV/padded",10204,0,67.220403763230109
"DIVCORE/17/16/17/MOD/padded",10204,0,65.693257546060366
"DIVCORE/17/16/17/DIV/add-back",10204,0,49.082124656997259
"DIVCORE/17/16/17/MOD/add-back",10204,0,45.827616620932965
"DIVCORE/17/16/127/DIV/normalized",10204,0,68.482163857310852
"DIVCORE/17/16/127/MOD/normalized",10204,0,65.66865934927479
"DIVCORE/17/16/127/DIV/top-clear",10204,0,83.790670325362598
"DIVCORE/17/16/127/MOD/top-clear",10204,0,88.49882399059193
"DIVCORE/17/16/127/DIV/top-one",10204,0,87.510584084672672
"DIVCORE/17/16/127/MOD/top-one",10204,0,89.270580164641316
"DIVCORE/17/16/127/DIV/padded",10204,0,67.951293610348884
"DIVCORE/17/16/127/MOD/padded",10204,0,66.048412387299095
"DIVCORE/32/16/17/DIV/normalized",7812,0,546.29621095750133
"DIVCORE/32/16/17/MOD/normalized",7812,0,541.99743983614951
"DIVCORE/32/16/17/DIV/top-clear",7812,0,586.28827444956482
"DIVCORE/32/16/17/MOD/top-clear",7812,0,590.14439324116745
"DIVCORE/32/16/17/DIV/top-one",7812,0,595.27009728622636
"DIVCORE/32/16/17/MOD/top-one",7812,0,616.62608806963647
"DIVCORE/32/16/17/DIV/padded",7812,0,555.66218637992836
"DIVCORE/32/16/17/MOD/padded",7812,0,552.83013312852017
"DIVCORE/32/16/17/DIV/add-back",7812,0,530.91397849462362
"DIVCORE/32/16/17/MOD/add-back",7812,0,528.16180235535069
"DIVCORE/32/16/127/DIV/normalized",7812,0,564.51075268817203
"DIVCORE/32/16/127/MOD/normalized",7812,0,560.96915002560161
"DIVCORE/32/16/127/DIV/top-clear",7812,0,587.44559651817713
"DIVCORE/32/16/127/MOD/top-clear",7812,0,595.83013312852017
"DIVCORE/32/16/127/DIV/top-one",7812,0,584.89080901177681
"DIVCORE/32/16/127/MOD/top-one",7812,0,590.42716333845362
"DIVCORE/32/16/127/DIV/padded",7812,0,573.32731694828465
"DIVCORE/32/16/127/MOD/padded",7812,0,570.24987199180748
"DIVCORE/48/16/17/DIV/normalized",6250,0,1063.8599999999999
"DIVCORE/48/16/17/MOD/normalized",6250,0,1041.78
"DIVCORE/48/16/17/DIV/top-clear",6250,0,1139.4000000000001
"DIVCORE/48/16/17/MOD/top-clear",6250,0,1137.0599999999999
"DIVCORE/48/16/17/DIV/top-one",6250,0,1158.3665599999999
"DIVCORE/48/16/17/MOD/top-one",6250,0,1152.8399999999999
"DIVCORE/48/16/17/DIV/padded",6250,0,1073.36672
"DIVCORE/48/16/17/MOD/padded",6250,0,1068.46
"DIVCORE/48/16/17/DIV/add-back",6250,0,1053.3334400000001
"DIVCORE/48/16/17/MOD/add-back",6250,0,1035.0999999999999
"DIVCORE/48/16/127/DIV/normalized",6250,0,1135.3734400000001
"DIVCORE/48/16/127/MOD/normalized",6250,0,1120.2132799999999
"DIVCORE/48/16/127/DIV/top-clear",6250,0,1141.9465600000001
"DIVCORE/48/16/127/MOD/top-clear",6250,0,1141.4667199999999
"DIVCORE/48/16/127/DIV/top-one",6250,0,1139.5799999999999
"DIVCORE/48/16/127/MOD/top-one",6250,0,1137.90672
"DIVCORE/48/16/127/DIV/padded",6250,0,1147.9065599999999
"DIVCORE/48/16/127/MOD/padded",6250,0,1127.5067200000001
"DIVCORE/64/16/17/DIV/normalized",5208,0,1613.78321812596
"DIVCORE/64/16/17/MOD/normalized",5208,0,1588.5816052227342
"DIVCORE/64/16/17/DIV/top-clear",5208,0,1727.8306451612902
"DIVCORE/64/16/17/MOD/top-clear",5208,0,1713.5497311827958
"DIVCORE/64/16/17/DIV/top-one",5208,0,1717.1098310291859
"DIVCORE/64/16/17/MOD/top-one",5208,0,1710.3254608294931
"DIVCORE/64/16/17/DIV/padded",5208,0,1636.7928187403993
"DIVCORE/64/16/17/MOD/padded",5208,0,1607.7428955453149
"DIVCORE/64/16/17/DIV/add-back",5208,0,1575.2048771121351
"DIVCORE/64/16/17/MOD/add-back",5208,0,1540.4425883256529
"DIVCORE/64/16/127/DIV/normalized",5208,0,1669.4669738863288
"DIVCORE/64/16/127/MOD/normalized",5208,0,1640.3448540706606
"DIVCORE/64/16/127/DIV/top-clear",5208,0,1723.5581797235022
"DIVCORE/64/16/127/MOD/top-clear",5208,0,1711.7496159754223
"DIVCORE/64/16/127/DIV/top-one",5208,0,1702.3010752688172
"DIVCORE/64/16/127/MOD/top-one",5208,0,1702.8531105990783
"DIVCORE/64/16/127/DIV/padded",5208,0,1733.8310291858679
"DIVCORE/64/16/127/MOD/padded",5208,0,1666.2907066052228
"DIVCORE/1040/16/17/DIV/normalized",292,0,34205.763698630137
"DIVCORE/1040/16/17/MOD/normalized",293,0,34172.641638225257
"DIVCORE/1040/16/17/DIV/top-clear",272,0,36925.091911764706
"DIVCORE/1040/16/17/MOD/top-clear",272,0,36813.878676470587
"DIVCORE/1040/16/17/DIV/top-one",466,0,39192.596566523607
"DIVCORE/1040/16/17/MOD/top-one",466,0,38983.549356223179
"DIVCORE/1040/16/17/DIV/padded",288,0,34844.90625
"DIVCORE/1040/16/17/MOD/padded",289,0,34673.010380622836
"DIVCORE/1040/16/17/DIV/add-back",308,0,32478.759740259738
"DIVCORE/1040/16/17/MOD/add-back",309,0,32669.766990291264
"DIVCORE/1040/16/127/DIV/normalized",262,0,38151.396946564884
"DIVCORE/1040/16/127/MOD/normalized",466,0,38301.770386266093
"DIVCORE/1040/16/127/DIV/top-clear",466,0,39453.950643776821
"DIVCORE/1040/16/127/MOD/top-clear",254,0,39372.047244094487
"DIVCORE/1040/16/127/DIV/top-one",466,0,39116.684549356221
"DIVCORE/1040/16/127/MOD/top-one",256,0,39069.5
"DIVCORE/1040/16/127/DIV/padded",260,0,38755.130769230767
"DIVCORE/1040/16/127/MOD/padded",260,0,38558.811538461538
"DIVCORE/31/32/17/DIV/normalized",6329,0,5.306209511771212
"DIVCORE/31/32/17/MOD/normalized",6329,0,5.3458682256280614
"DIVCORE/31/32/17/DIV/top-clear",6329,0,5.3259598672776107
"DIVCORE/31/32/17/MOD/top-clear",6329,0,5.3787328171907092
"DIVCORE/31/32/17/DIV/top-one",6329,0,5.3128456312213617
"DIVCORE/31/32/17/MOD/top-one",6329,0,5.3523463422341599
"DIVCORE/31/32/17/DIV/padded",6329,0,5.3259598672776107
"DIVCORE/31/32/17/MOD/padded",6329,0,5.3588244588402594
"DIVCORE/31/32/127/DIV/normalized",6329,0,5.3457102227840103
"DIVCORE/31/32/127/MOD/normalized",6329,0,5.365460578290409
"DIVCORE/31/32/127/DIV/top-clear",6329,0,5.3390741033338598
"DIVCORE/31/32/127/MOD/top-clear",6329,0,5.3259598672776107
"DIVCORE/31/32/127/DIV/top-one",6329,0,5.3392321061779109
"DIVCORE/31/32/127/MOD/top-one",6329,0,5.365460578290409
"DIVCORE/31/32/127/DIV/padded",6329,0,5.3325959867277613
"DIVCORE/31/32/127/MOD/padded",6329,0,5.3720966977405595
"DIVCORE/32/32/17/DIV/normalized",6250,0,55.213279999999997
"DIVCORE/32/32/17/MOD/normalized",6250,0,52.939999999999998
"DIVCORE/32/32/17/DIV/top-clear",6250,0,84.120000000000005
"DIVCORE/32/32/17/MOD/top-clear",6250,0,94.013279999999995
"DIVCORE/32/32/17/DIV/top-one",6250,0,85.126720000000006
"DIVCORE/32/32/17/MOD/top-one",6250,0,94.260000000000005
"DIVCORE/32/32/17/DIV/padded",6250,0,56.653440000000003
"DIVCORE/32/32/17/MOD/padded",6250,0,52.740000000000002
"DIVCORE/32/32/127/DIV/normalized",6250,0,55.560000000000002
"DIVCORE/32/32/127/MOD/normalized",6250,0,53.240000000000002
"DIVCORE/32/32/127/DIV/top-clear",6250,0,84.086560000000006
"DIVCORE/32/32/127/MOD/top-clear",6250,0,93.099999999999994
"DIVCORE/32/32/127/DIV/top-one",6250,0,86.58672
"DIVCORE/32/32/127/MOD/top-one",6250,0,95.739999999999995
"DIVCORE/32/32/127/DIV/padded",6250,0,55.280000000000001
"DIVCORE/32/32/127/MOD/padded",6250,0,52.600000000000001
"DIVCORE/33/32/17/DIV/normalized",6172,0,61.345593000648087
"DIVCORE/33/32/17/MOD/normalized",6172,0,56.917044718081662
"DIVCORE/33/32/17/DIV/top-clear",6172,0,139.92627997407646
"DIVCORE/33/32/17/MOD/top-clear",6172,0,147.36584575502269
"DIVCORE/33/32/17/DIV/top-one",6172,0,141.32372002592354
"DIVCORE/33/32/17/MOD/top-one",6172,0,148.28402462734931
"DIVCORE/33/32/17/DIV/padded",6172,0,59.624108878807519
"DIVCORE/33/32/17/MOD/padded",6172,0,57.848671419313028
"DIVCORE/33/32/17/DIV/add-back",6172,0,83.245625405055094
"DIVCORE/33/32/17/MOD/add-back",6172,0,78.405055087491903
"DIVCORE/33/32/127/DIV/normalized",6172,0,109.29066753078419
"DIVCORE/33/32/127/MOD/normalized",6172,0,105.67206740116656
"DIVCORE/33/32/127/DIV/top-clear",6172,0,138.90683732987685
"DIVCORE/33/32/127/MOD/top-clear",6172,0,147.2240764744005
"DIVCORE/33/32/127/DIV/top-one",6172,0,139.25793907971484
"DIVCORE/33/32/127/MOD/top-one",6172,0,148.93875567077123
"DIVCORE/33/32/127/DIV/padded",6172,0,111.51166558651977
"DIVCORE/33/32/127/MOD/padded",6172,0,106.00972132209981
"DIVCORE/64/32/17/DIV/normalized",4464,0,1801.6353046594982
"DIVCORE/64/32/17/MOD/normalized",4464,0,1773.3443100358422
"DIVCORE/64/32/17/DIV/top-clear",4464,0,1911.1131272401433
"DIVCORE/64/32/17/MOD/top-clear",4464,0,1908.5555555555557
"DIVCORE/64/32/17/DIV/top-one",4464,0,1850.7132616487456
"DIVCORE/64/32/17/MOD/top-one",4464,0,1847.4462365591398
"DIVCORE/64/32/17/DIV/padded",4464,0,1831.6626344086021
"DIVCORE/64/32/17/MOD/padded",4464,0,1791.3680555555557
"DIVCORE/64/32/17/DIV/add-back",4464,0,2102.2437275985662
"DIVCORE/64/32/17/MOD/add-back",4464,0,2074.6527777777778
"DIVCORE/64/32/127/DIV/normalized",4464,0,1805.4063620071684
"DIVCORE/64/32/127/MOD/normalized",4464,0,1786.9717741935483
"DIVCORE/64/32/127/DIV/top-clear",4464,0,1882.6070788530467
"DIVCORE/64/32/127/MOD/top-clear",4464,0,1879.2002688172042
"DIVCORE/64/32/127/DIV/top-one",4464,0,1854.9227150537633
"DIVCORE/64/32/127/MOD/top-one",4464,0,1849.9569892473119
"DIVCORE/64/32/127/DIV/padded",4464,0,1825.9594534050179
"DIVCORE/64/32/127/MOD/padded",4464,0,1799.0591397849462
"DIVCORE/128/32/17/DIV/normalized",1830,0,5465.8016393442622
"DIVCORE/128/32/17/MOD/normalized",1829,0,5471.9562602515034
"DIVCORE/128/32/17/DIV/top-clear",2840,0,5671.0975352112673
"DIVCORE/128/32/17/MOD/top-clear",1761,0,5689.877910278251
"DIVCORE/128/32/17/DIV/top-one",1894,0,5286.7824709609295
"DIVCORE/128/32/17/MOD/top-one",1888,0,5300.6265889830511
"DIVCORE/128/32/17/DIV/padded",2840,0,5509.1404929577466
"DIVCORE/128/32/17/MOD/padded",1814,0,5516.6069459757446
"DIVCORE/128/32/17/DIV/add-back",1608,0,6225.0721393034828
"DIVCORE/128/32/17/MOD/add-back",1610,0,6216.7701863354041
"DIVCORE/128/32/127/DIV/normalized",2840,0,5330.1936619718308
"DIVCORE/128/32/127/MOD/normalized",1879,0,5337.5465673230437
"DIVCORE/128/32/127/DIV/top-clear",1791,0,5577.0982691233949
"DIVCORE/128/32/127/MOD/top-clear",2840,0,5583.6855633802816
"DIVCORE/128/32/127/DIV/top-one",1815,0,5501.0561983471071
"DIVCORE/128/32/127/MOD/top-one",2840,0,5518.5447183098595
"DIVCORE/128/32/127/DIV/padded",2840,0,5364.9795774647891
"DIVCORE/128/32/127/MOD/padded",2840,0,5367.8112676056335
"DIVCORE/1056/32/17/DIV/normalized",165,0,61165.654545454548
"DIVCORE/1056/32/17/MOD/normalized",165,0,60955.806060606061
"DIVCORE/1056/32/17/DIV/top-clear",165,0,60895.709090909091
"DIVCORE/1056/32/17/MOD/top-clear",165,0,60817.42424242424
"DIVCORE/1056/32/17/DIV/top-one",358,0,55746.391061452516
"DIVCORE/1056/32/17/MOD/top-one",180,0,55754.166666666664
"DIVCORE/1056/32/17/DIV/padded",163,0,61490.288343558284
"DIVCORE/1056/32/17/MOD/padded",163,0,61429.190184049083
"DIVCORE/1056/32/17/DIV/add-back",152,0,65841.28289473684
"DIVCORE/1056/32/17/MOD/add-back",304,0,65779.605263157893
"DIVCORE/1056/32/127/DIV/normalized",176,0,57002.130681818184
"DIVCORE/1056/32/127/MOD/normalized",350,0,57039.285714285717
"DIVCORE/1056/32/127/DIV/top-clear",164,0,61841.969512195123
"DIVCORE/1056/32/127/MOD/top-clear",163,0,61893.914110429447
"DIVCORE/1056/32/127/DIV/top-one",162,0,61755.660493827163
"DIVCORE/1056/32/127/MOD/top-one",324,0,61801.182098765436
"DIVCORE/1056/32/127/DIV/padded",174,0,57559.867816091952
"DIVCORE/1056/32/127/MOD/padded",174,0,57555.080459770114
"DIVCORE/63/64/17/DIV/normalized",3496,0,5.3870137299771166
"DIVCORE/63/64/17/MOD/normalized",3496,0,5.3515446224256289
"DIVCORE/63/64/17/DIV/top-clear",3496,0,5.3155034324942791
"DIVCORE/63/64/17/MOD/top-clear",3496,0,5.5300343249427915
"DIVCORE/63/64/17/DIV/top-one",3496,0,5.3395308924485123
"DIVCORE/63/64/17/MOD/top-one",3496,0,5.3395308924485123
"DIVCORE/63/64/17/DIV/padded",3496,0,5.375
"DIVCORE/63/64/17/MOD/padded",3496,0,5.3512585812356983
"DIVCORE/63/64/127/DIV/normalized",3496,0,5.3157894736842106
"DIVCORE/63/64/127/MOD/normalized",3496,0,5.2917620137299775
"DIVCORE/63/64/127/DIV/top-clear",3496,0,5.3872997711670481
"DIVCORE/63/64/127/MOD/top-clear",3496,0,5.2680205949656749
"DIVCORE/63/64/127/DIV/top-one",3496,0,5.375
"DIVCORE/63/64/127/MOD/top-one",3496,0,5.3155034324942791
"DIVCORE/63/64/127/DIV/padded",3496,0,5.3395308924485123
"DIVCORE/63/64/127/MOD/padded",3496,0,5.303775743707094
"DIVCORE/64/64/17/DIV/normalized",3472,0,19.033410138248847
"DIVCORE/64/64/17/MOD/normalized",3472,0,13.668778801843319
"DIVCORE/64/64/17/DIV/top-clear",3472,0,156.50201612903226
"DIVCORE/64/64/17/MOD/top-clear",3472,0,179.80760368663596
"DIVCORE/64/64/17/DIV/top-one",3472,0,157.11405529953916
"DIVCORE/64/64/17/MOD/top-one",3472,0,181.33150921658986
"DIVCORE/64/64/17/DIV/padded",3472,0,18.973214285714285
"DIVCORE/64/64/17/MOD/padded",3472,0,13.65697004608295
"DIVCORE/64/64/127/DIV/normalized",3472,0,96.234158986175117
"DIVCORE/64/64/127/MOD/normalized",3472,0,92.58611751152074
"DIVCORE/64/64/127/DIV/top-clear",3472,0,155.90178571428572
"DIVCORE/64/64/127/MOD/top-clear",3472,0,179.92770737327189
"DIVCORE/64/64/127/DIV/top-one",3472,0,157.76209677419354
"DIVCORE/64/64/127/MOD/top-one",3472,0,180.94758064516128
"DIVCORE/64/64/127/DIV/padded",3472,0,96.114055299539174
"DIVCORE/64/64/127/MOD/padded",3472,0,92.550115207373267
"DIVCORE/65/64/17/DIV/normalized",3448,0,198.50899071925755
"DIVCORE/65/64/17/MOD/normalized",3448,0,185.09541763341068
"DIVCORE/65/64/17/DIV/top-clear",3448,0,253.28683294663574
"DIVCORE/65/64/17/MOD/top-clear",3448,0,274.77262180974481
"DIVCORE/65/64/17/DIV/top-one",3448,0,252.99680974477957
"DIVCORE/65/64/17/MOD/top-one",3448,0,275.59454756380512
"DIVCORE/65/64/17/DIV/padded",3448,0,192.5635150812065
"DIVCORE/65/64/17/MOD/padded",3448,0,185.49390951276101
"DIVCORE/65/64/17/DIV/add-back",3448,0,153.51885150812066
"DIVCORE/65/64/17/MOD/add-back",3448,0,148.90284222737819
"DIVCORE/65/64/127/DIV/normalized",3448,0,189.55452436194895
"DIVCORE/65/64/127/MOD/normalized",3448,0,184.14066125290023
"DIVCORE/65/64/127/DIV/top-clear",3448,0,252.65835266821347
"DIVCORE/65/64/127/MOD/top-clear",3448,0,275.69112529002319
"DIVCORE/65/64/127/DIV/top-one",3448,0,253.72215777262181
"DIVCORE/65/64/127/MOD/top-one",3448,0,276.60962877030164
"DIVCORE/65/64/127/DIV/padded",3448,0,191.54843387470999
"DIVCORE/65/64/127/MOD/padded",3448,0,184.51508120649652
"DIVCORE/96/64/17/DIV/normalized",2840,0,3112.4267605633804
"DIVCORE/96/64/17/MOD/normalized",2840,0,3068.2954225352114
"DIVCORE/96/64/17/DIV/top-clear",2840,0,3324.2077464788731
"DIVCORE/96/64/17/MOD/top-clear",2840,0,3400.4989436619717
"DIVCORE/96/64/17/DIV/top-one",2840,0,3251.6725352112676
"DIVCORE/96/64/17/MOD/top-one",2840,0,3259.0228873239435
"DIVCORE/96/64/17/DIV/padded",2840,0,3120.8919014084508
"DIVCORE/96/64/17/MOD/padded",2840,0,3083.1278169014086
"DIVCORE/96/64/17/DIV/add-back",2840,0,4329.54823943662
"DIVCORE/96/64/17/MOD/add-back",2330,0,4295.5648068669525
"DIVCORE/96/64/127/DIV/normalized",2840,0,3098.8996478873241
"DIVCORE/96/64/127/MOD/normalized",2840,0,3078.8588028169015
"DIVCORE/96/64/127/DIV/top-clear",2840,0,3247.5352112676055
"DIVCORE/96/64/127/MOD/top-clear",2840,0,3255.6193661971829
"DIVCORE/96/64/127/DIV/top-one",2840,0,3316.1971830985917
"DIVCORE/96/64/127/MOD/top-one",2840,0,3319.5278169014086
"DIVCORE/96/64/127/DIV/padded",2840,0,3126.5845070422533
"DIVCORE/96/64/127/MOD/padded",2840,0,3103.5503521126761
"DIVCORE/128/64/17/DIV/normalized",1587,0,6331.3377441713928
"DIVCORE/128/64/17/MOD/normalized",1597,0,6262.0538509705702
"DIVCORE/128/64/17/DIV/top-clear",1592,0,6274.7594221105528
"DIVCORE/128/64/17/MOD/top-clear",1593,0,6552.3647206528558
"DIVCORE/128/64/17/DIV/top-one",1555,0,6473.4996784565919
"DIVCORE/128/64/17/MOD/top-one",1553,0,6444.3013522215069
"DIVCORE/128/64/17/DIV/padded",1584,0,6316.3667929292933
"DIVCORE/128/64/17/MOD/padded",2403,0,6287.5226799833545
"DIVCORE/128/64/17/DIV/add-back",1165,0,8592.9545064377689
"DIVCORE/128/64/17/MOD/add-back",2334,0,8569.8191945158524
"DIVCORE/128/64/127/DIV/normalized",2403,0,6249.757386600083
"DIVCORE/128/64/127/MOD/normalized",2403,0,6208.6454431960046
"DIVCORE/128/64/127/DIV/top-clear",1541,0,6503.4879948085654
"DIVCORE/128/64/127/MOD/top-clear",1535,0,6511.1563517915311
"DIVCORE/128/64/127/DIV/top-one",1553,0,6457.5286542176436
"DIVCORE/128/64/127/MOD/top-one",1548,0,6475.2364341085267
"DIVCORE/128/64/127/DIV/padded",1597,0,6268.0544771446466
"DIVCORE/128/64/127/MOD/padded",1603,0,6247.2445414847161
"DIVCORE/256/64/17/DIV/normalized",1024,0,19111.2470703125
"DIVCORE/256/64/17/MOD/normalized",1024,0,19103.80078125
"DIVCORE/256/64/17/DIV/top-clear",1024,0,18631.2255859375
"DIVCORE/256/64/17/MOD/top-clear",1024,0,18703.125
"DIVCORE/256/64/17/DIV/top-one",1024,0,19408.244140625
"DIVCORE/256/64/17/MOD/top-one",1024,0,19499.9189453125
"DIVCORE/256/64/17/DIV/padded",1024,0,19207.03125
"DIVCORE/256/64/17/MOD/padded",1024,0,19224.12109375
"DIVCORE/256/64/17/DIV/add-back",774,0,25716.408268733849
"DIVCORE/256/64/17/MOD/add-back",391,0,25659.526854219948
"DIVCORE/256/64/127/DIV/normalized",1024,0,19016.11328125
"DIVCORE/256/64/127/MOD/normalized",1024,0,19040.771484375
"DIVCORE/256/64/127/DIV/top-clear",1024,0,19089.111328125
"DIVCORE/256/64/127/MOD/top-clear",1024,0,18998.9423828125
"DIVCORE/256/64/127/DIV/top-one",1024,0,19143.83984375
"DIVCORE/256/64/127/MOD/top-one",1024,0,19178.9951171875
"DIVCORE/256/64/127/DIV/padded",1024,0,19112.79296875
"DIVCORE/256/64/127/MOD/padded",1024,0,19153.4423828125
"DIVCORE/1088/64/17/DIV/normalized",128,0,102856.4453125
"DIVCORE/1088/64/17/MOD/normalized",128,0,102909.1796875
"DIVCORE/1088/64/17/DIV/top-clear",128,0,99164.71875
"DIVCORE/1088/64/17/MOD/top-clear",128,0,99128.25
"DIVCORE/1088/64/17/DIV/top-one",128,0,103455.078125
"DIVCORE/1088/64/17/MOD/top-one",128,0,103485.3515625
"DIVCORE/1088/64/17/DIV/padded",128,0,103412.7578125
"DIVCORE/1088/64/17/MOD/padded",128,0,103496.421875
"DIVCORE/1088/64/17/DIV/add-back",128,0,136723.3046875
"DIVCORE/1088/64/17/MOD/add-back",128,0,136637.6953125
"DIVCORE/1088/64/127/DIV/normalized",128,0,102306.640625
"DIVCORE/1088/64/127/MOD/normalized",128,0,102167.96875
"DIVCORE/1088/64/127/DIV/top-clear",128,0,101405.2734375
"DIVCORE/1088/64/127/MOD/top-clear",128,0,101355.1484375
"DIVCORE/1088/64/127/DIV/top-one",128,0,100983.7265625
"DIVCORE/1088/64/127/MOD/top-one",128,0,100977.8671875
"DIVCORE/1088/64/127/DIV/padded",128,0,102996.4140625
"DIVCORE/1088/64/127/MOD/padded",128,0,102815.109375
"DIVCORE/65536/64/17/DIV/normalized",2,0,6601104
"DIVCORE/65536/64/17/MOD/normalized",2,0,6599021
"DIVCORE/65536/64/17/DIV/top-one",2,0,6635875
"DIVCORE/65536/64/17/MOD/top-one",2,0,6625729
"DIVCORE/65536/64/17/DIV/add-back",2,0,8745083.5
"DIVCORE/65536/64/17/MOD/add-back",2,0,8746166.5
"DIVCORE/500000/64/17/DIV/normalized",1,0,50455500
"DIVCORE/500000/64/17/MOD/normalized",1,0,50435375
"DIVCORE/500000/64/17/DIV/top-one",1,0,50621250
"DIVCORE/500000/64/17/MOD/top-one",1,0,50634250
"DIVCORE/500000/64/17/DIV/add-back",1,0,66805709
"DIVCORE/500000/64/17/MOD/add-back",1,0,66746709
"DIVCORE/127/128/17/DIV/normalized",1845,0,5.4650406504065039
"DIVCORE/127/128/17/MOD/normalized",1845,0,5.4878048780487809
"DIVCORE/127/128/17/DIV/top-clear",1845,0,5.4422764227642277
"DIVCORE/127/128/17/MOD/top-clear",1845,0,5.3523035230352303
"DIVCORE/127/128/17/DIV/top-one",1845,0,5.3978319783197835
"DIVCORE/127/128/17/MOD/top-one",1845,0,9.6433604336043359
"DIVCORE/127/128/17/DIV/padded",1845,0,5.8943089430894311
"DIVCORE/127/128/17/MOD/padded",1845,0,5.8493224932249319
"DIVCORE/127/128/127/DIV/normalized",1845,0,5.3750677506775064
"DIVCORE/127/128/127/MOD/normalized",1845,0,5.3750677506775064
"DIVCORE/127/128/127/DIV/top-clear",1845,0,5.3750677506775064
"DIVCORE/127/128/127/MOD/top-clear",1845,0,5.8943089430894311
"DIVCORE/127/128/127/DIV/top-one",1845,0,5.4878048780487809
"DIVCORE/127/128/127/MOD/top-one",1845,0,5.3523035230352303
"DIVCORE/127/128/127/DIV/padded",1845,0,5.3972899728997286
"DIVCORE/127/128/127/MOD/padded",1845,0,5.8493224932249319
"DIVCORE/128/128/17/DIV/normalized",1838,0,25.684439608269859
"DIVCORE/128/128/17/MOD/normalized",1838,0,13.805767138193689
"DIVCORE/128/128/17/DIV/top-clear",1838,0,310.93579978237216
"DIVCORE/128/128/17/MOD/top-clear",1838,0,373.54896626768226
"DIVCORE/128/128/17/DIV/top-one",1838,0,311.79706202393908
"DIVCORE/128/128/17/MOD/top-one",1838,0,367.76822633297064
"DIVCORE/128/128/17/DIV/padded",1838,0,25.888465723612622
"DIVCORE/128/128/17/MOD/padded",1838,0,13.669749727965179
"DIVCORE/128/128/127/DIV/normalized",1838,0,187.52230685527746
"DIVCORE/128/128/127/MOD/normalized",1838,0,180.97116430903156
"DIVCORE/128/128/127/DIV/top-clear",1838,0,310.84548422198043
"DIVCORE/128/128/127/MOD/top-clear",1838,0,370.94178454842222
"DIVCORE/128/128/127/DIV/top-one",1838,0,328.4140369967356
"DIVCORE/128/128/127/MOD/top-one",1838,0,374.13819368879217
"DIVCORE/128/128/127/DIV/padded",1838,0,188.74646354733406
"DIVCORE/128/128/127/MOD/padded",1838,0,180.85799782372143
"DIVCORE/129/128/17/DIV/normalized",1831,0,366.21627525942108
"DIVCORE/129/128/17/MOD/normalized",1831,0,357.84161660294922
"DIVCORE/129/128/17/DIV/top-clear",1831,0,503.16329874385582
"DIVCORE/129/128/17/MOD/top-clear",1831,0,542.82741671217912
"DIVCORE/129/128/17/DIV/top-one",1831,0,489.66903331512833
"DIVCORE/129/128/17/MOD/top-one",1831,0,542.82741671217912
"DIVCORE/129/128/17/DIV/padded",1831,0,366.99016930638993
"DIVCORE/129/128/17/MOD/padded",1831,0,364.82796286182412
"DIVCORE/129/128/17/DIV/add-back",1831,0,310.41780447842712
"DIVCORE/129/128/17/MOD/add-back",1831,0,305.22938285090117
"DIVCORE/129/128/127/DIV/normalized",1831,0,366.23866739486618
"DIVCORE/129/128/127/MOD/normalized",1831,0,359.70780993992355
"DIVCORE/129/128/127/DIV/top-clear",1831,0,485.75477880939377
"DIVCORE/129/128/127/MOD/top-clear",1831,0,541.30256690333147
"DIVCORE/129/128/127/DIV/top-one",1831,0,487.07482250136536
"DIVCORE/129/128/127/MOD/top-one",1831,0,543.12342981977065
"DIVCORE/129/128/127/DIV/padded",1831,0,365.80666302566902
"DIVCORE/129/128/127/MOD/padded",1831,0,359.07045330420533
"DIVCORE/160/128/17/DIV/normalized",1644,0,5822.1563260340636
"DIVCORE/160/128/17/MOD/normalized",1644,0,5845.1690997566911
"DIVCORE/160/128/17/DIV/top-clear",1633,0,6140.9981628903861
"DIVCORE/160/128/17/MOD/top-clear",1644,0,6174.7767639902677
"DIVCORE/160/128/17/DIV/top-one",1644,0,6090.2524330900242
"DIVCORE/160/128/17/MOD/top-one",1644,0,6117.3205596107055
"DIVCORE/160/128/17/DIV/padded",1644,0,5829.6836982968371
"DIVCORE/160/128/17/MOD/padded",1644,0,5793.9476885644772
"DIVCORE/160/128/17/DIV/add-back",1114,0,8967.0107719928183
"DIVCORE/160/128/17/MOD/add-back",1121,0,8952.6458519179305
"DIVCORE/160/128/127/DIV/normalized",1644,0,5817.4927007299266
"DIVCORE/160/128/127/MOD/normalized",1644,0,5792.0218978102193
"DIVCORE/160/128/127/DIV/top-clear",1644,0,6044.8351581508514
"DIVCORE/160/128/127/MOD/top-clear",1644,0,6079.7597323600976
"DIVCORE/160/128/127/DIV/top-one",1644,0,6198.3978102189785
"DIVCORE/160/128/127/MOD/top-one",1644,0,6234.1593673965936
"DIVCORE/160/128/127/DIV/padded",1644,0,5828.8984184914843
"DIVCORE/160/128/127/MOD/padded",1644,0,5795.3667883211683
"DIVCORE/256/128/17/DIV/normalized",866,0,23018.524249422633
"DIVCORE/256/128/17/MOD/normalized",870,0,22991.858620689654
"DIVCORE/256/128/17/DIV/top-clear",428,0,23356.892523364488
"DIVCORE/256/128/17/MOD/top-clear",427,0,23411.592505854802
"DIVCORE/256/128/17/DIV/top-one",427,0,23475.702576112413
"DIVCORE/256/128/17/MOD/top-one",848,0,23529.234669811322
"DIVCORE/256/128/17/DIV/padded",435,0,23077.395402298851
"DIVCORE/256/128/17/MOD/padded",868,0,23083.620967741936
"DIVCORE/256/128/17/DIV/add-back",280,0,35686.757142857146
"DIVCORE/256/128/17/MOD/add-back",560,0,35704.017857142855
"DIVCORE/256/128/127/DIV/normalized",866,0,23093.822170900694
"DIVCORE/256/128/127/MOD/normalized",433,0,23120.669745958428
"DIVCORE/256/128/127/DIV/top-clear",854,0,23284.347775175644
"DIVCORE/256/128/127/MOD/top-clear",430,0,23400.097674418605
"DIVCORE/256/128/127/DIV/top-one",836,0,24750.897129186604
"DIVCORE/256/128/127/MOD/top-one",418,0,24012.361244019139
"DIVCORE/256/128/127/DIV/padded",432,0,23180.747685185186
"DIVCORE/256/128/127/MOD/padded",433,0,23152.327944572749
"DIVCORE/512/128/17/DIV/normalized",145,0,69224.137931034478
"DIVCORE/512/128/17/MOD/normalized",145,0,69195.68965517242
"DIVCORE/512/128/17/DIV/top-clear",288,0,69354.3125
"DIVCORE/512/128/17/MOD/top-clear",145,0,69420.979310344832
"DIVCORE/512/128/17/DIV/top-one",286,0,69900.933566433567
"DIVCORE/512/128/17/MOD/top-one",143,0,69998.251748251743
"DIVCORE/512/128/17/DIV/padded",145,0,69773.275862068971
"DIVCORE/512/128/17/MOD/padded",144,0,69580.729166666672
"DIVCORE/512/128/17/DIV/add-back",128,0,106958.65625
"DIVCORE/512/128/17/MOD/add-back",128,0,107015.625
"DIVCORE/512/128/127/DIV/normalized",145,0,68925.57241379311
"DIVCORE/512/128/127/MOD/normalized",146,0,69010.273972602736
"DIVCORE/512/128/127/DIV/top-clear",146,0,68926.945205479453
"DIVCORE/512/128/127/MOD/top-clear",145,0,69008.331034482762
"DIVCORE/512/128/127/DIV/top-one",141,0,71031.914893617024
"DIVCORE/512/128/127/MOD/top-one",141,0,71138
"DIVCORE/512/128/127/DIV/padded",145,0,71362.35172413793
"DIVCORE/512/128/127/MOD/padded",145,0,69855.744827586212
"DIVCORE/1152/128/17/DIV/normalized",54,0,185486.11111111112
"DIVCORE/1152/128/17/MOD/normalized",54,0,185296.29629629629
"DIVCORE/1152/128/17/DIV/top-clear",55,0,185083.34545454546
"DIVCORE/1152/128/17/MOD/top-clear",108,0,185351.47222222222
"DIVCORE/1152/128/17/DIV/top-one",106,0,185533.40566037735
"DIVCORE/1152/128/17/MOD/top-one",54,0,185590.27777777778
"DIVCORE/1152/128/17/DIV/padded",54,0,187040.88888888888
"DIVCORE/1152/128/17/MOD/padded",54,0,185814.8148148148
"DIVCORE/1152/128/17/DIV/add-back",35,0,285573.82857142854
"DIVCORE/1152/128/17/MOD/add-back",36,0,285097.22222222225
"DIVCORE/1152/128/127/DIV/normalized",55,0,183946.21818181817
"DIVCORE/1152/128/127/MOD/normalized",108,0,183917.05555555556
"DIVCORE/1152/128/127/DIV/top-clear",55,0,184028.78181818183
"DIVCORE/1152/128/127/MOD/top-clear",55,0,183515.90909090909
"DIVCORE/1152/128/127/DIV/top-one",53,0,189191.03773584907
"DIVCORE/1152/128/127/MOD/top-one",53,0,189518.0754716981
"DIVCORE/1152/128/127/DIV/padded",55,0,184442.43636363637
"DIVCORE/1152/128/127/MOD/padded",55,0,184621.98181818181
"DIVCORE/255/256/17/DIV/normalized",948,0,5.8459915611814344
"DIVCORE/255/256/17/MOD/normalized",948,0,5.8892405063291138
"DIVCORE/255/256/17/DIV/top-clear",948,0,5.537974683544304
"DIVCORE/255/256/17/MOD/top-clear",948,0,5.4504219409282699
"DIVCORE/255/256/17/DIV/top-one",948,0,5.4947257383966246
"DIVCORE/255/256/17/MOD/top-one",948,0,5.3628691983122359
"DIVCORE/255/256/17/DIV/padded",948,0,5.537974683544304
"DIVCORE/255/256/17/MOD/padded",948,0,5.4947257383966246
"DIVCORE/255/256/127/DIV/normalized",948,0,5.8449367088607591
"DIVCORE/255/256/127/MOD/normalized",948,0,5.4936708860759493
"DIVCORE/255/256/127/DIV/top-clear",948,0,5.4504219409282699
"DIVCORE/255/256/127/MOD/top-clear",948,0,5.8892405063291138
"DIVCORE/255/256/127/DIV/top-one",948,0,5.5812236286919834
"DIVCORE/255/256/127/MOD/top-one",948,0,5.4504219409282699
"DIVCORE/255/256/127/DIV/padded",948,0,5.537974683544304
"DIVCORE/255/256/127/MOD/padded",948,0,5.4936708860759493
"DIVCORE/256/256/17/DIV/normalized",946,0,358.79175475687106
"DIVCORE/256/256/17/MOD/normalized",946,0,347.47145877378438
"DIVCORE/256/256/17/DIV/top-clear",946,0,613.63636363636363
"DIVCORE/256/256/17/MOD/top-clear",946,0,713.88266384778012
"DIVCORE/256/256/17/DIV/top-one",946,0,613.19661733615226
"DIVCORE/256/256/17/MOD/top-one",946,0,719.78541226215646
"DIVCORE/256/256/17/DIV/padded",946,0,358.96723044397464
"DIVCORE/256/256/17/MOD/padded",946,0,344.65327695560256
"DIVCORE/256/256/127/DIV/normalized",946,0,359.09936575052853
"DIVCORE/256/256/127/MOD/normalized",946,0,344.6966173361522
"DIVCORE/256/256/127/DIV/top-clear",946,0,617.33615221987316
"DIVCORE/256/256/127/MOD/top-clear",946,0,719.12367864693442
"DIVCORE/256/256/127/DIV/top-one",946,0,620.11099365750533
"DIVCORE/256/256/127/MOD/top-one",946,0,710.09513742071886
"DIVCORE/256/256/127/DIV/padded",946,0,358.39429175475686
"DIVCORE/256/256/127/MOD/padded",946,0,344.30021141649047
"DIVCORE/257/256/17/DIV/normalized",945,0,696.12063492063487
"DIVCORE/257/256/17/MOD/normalized",945,0,676.98412698412699
"DIVCORE/257/256/17/DIV/top-clear",945,0,939.19788359788356
"DIVCORE/257/256/17/MOD/top-clear",945,0,1046.7375661375661
"DIVCORE/257/256/17/DIV/top-one",945,0,943.16507936507935
"DIVCORE/257/256/17/MOD/top-one",945,0,1051.5873015873017
"DIVCORE/257/256/17/DIV/padded",945,0,696.51746031746029
"DIVCORE/257/256/17/MOD/padded",945,0,677.51322751322755
"DIVCORE/257/256/17/DIV/add-back",945,0,598.28042328042329
"DIVCORE/257/256/17/MOD/add-back",945,0,583.28994708994708
"DIVCORE/257/256/127/DIV/normalized",945,0,693.16613756613754
"DIVCORE/257/256/127/MOD/normalized",945,0,677.20529100529097
"DIVCORE/257/256/127/DIV/top-clear",945,0,948.19259259259263
"DIVCORE/257/256/127/MOD/top-clear",945,0,1046.031746031746
"DIVCORE/257/256/127/DIV/top-one",945,0,940.78518518518524
"DIVCORE/257/256/127/MOD/top-one",945,0,1049.7354497354497
"DIVCORE/257/256/127/DIV/padded",945,0,693.51851851851848
"DIVCORE/257/256/127/MOD/padded",945,0,678.17460317460313
"DIVCORE/288/256/17/DIV/normalized",892,0,10848.70067264574
"DIVCORE/288/256/17/MOD/normalized",892,0,10803.205156950673
"DIVCORE/288/256/17/DIV/top-clear",892,0,11357.015695067264
"DIVCORE/288/256/17/MOD/top-clear",892,0,11430.353139013452
"DIVCORE/288/256/17/DIV/top-one",892,0,11454.409192825113
"DIVCORE/288/256/17/MOD/top-one",892,0,11551.008968609865
"DIVCORE/288/256/17/DIV/padded",892,0,10900.690582959642
"DIVCORE/288/256/17/MOD/padded",892,0,10815.723094170404
"DIVCORE/288/256/17/DIV/add-back",892,0,17864.863228699553
"DIVCORE/288/256/17/MOD/add-back",892,0,17814.321748878923
"DIVCORE/288/256/127/DIV/normalized",892,0,11182.922645739911
"DIVCORE/288/256/127/MOD/normalized",892,0,11125.466367713005
"DIVCORE/288/256/127/DIV/top-clear",892,0,11261.958520179372
"DIVCORE/288/256/127/MOD/top-clear",892,0,11338.891255605382
"DIVCORE/288/256/127/DIV/top-one",892,0,11423.906950672646
"DIVCORE/288/256/127/MOD/top-one",892,0,11519.804932735426
"DIVCORE/288/256/127/DIV/padded",892,0,11156.20403587444
"DIVCORE/288/256/127/MOD/padded",892,0,11122.150224215247
"DIVCORE/512/256/17/DIV/normalized",128,0,86650.7109375
"DIVCORE/512/256/17/MOD/normalized",128,0,86876.3046875
"DIVCORE/512/256/17/DIV/top-clear",128,0,86784.828125
"DIVCORE/512/256/17/MOD/top-clear",128,0,86885.09375
"DIVCORE/512/256/17/DIV/top-one",128,0,87751.625
"DIVCORE/512/256/17/MOD/top-one",128,0,87911.1328125
"DIVCORE/512/256/17/DIV/padded",128,0,86918.6171875
"DIVCORE/512/256/17/MOD/padded",128,0,86778.3203125
"DIVCORE/512/256/17/DIV/add-back",128,0,142538.0859375
"DIVCORE/512/256/17/MOD/add-back",128,0,143346.03125
"DIVCORE/512/256/127/DIV/normalized",128,0,86397.7890625
"DIVCORE/512/256/127/MOD/normalized",128,0,86474.609375
"DIVCORE/512/256/127/DIV/top-clear",128,0,85570.9609375
"DIVCORE/512/256/127/MOD/top-clear",128,0,85844.078125
"DIVCORE/512/256/127/DIV/top-one",128,0,87354.4921875
"DIVCORE/512/256/127/MOD/top-one",128,0,87215.8203125
"DIVCORE/512/256/127/DIV/padded",128,0,86792.3203125
"DIVCORE/512/256/127/MOD/padded",128,0,86533.53125
"DIVCORE/1024/256/17/DIV/normalized",39,0,259597.23076923078
"DIVCORE/1024/256/17/MOD/normalized",39,0,259408.10256410256
"DIVCORE/1024/256/17/DIV/top-clear",39,0,259477.56410256409
"DIVCORE/1024/256/17/MOD/top-clear",39,0,258804.48717948719
"DIVCORE/1024/256/17/DIV/top-one",39,0,261907.05128205128
"DIVCORE/1024/256/17/MOD/top-one",39,0,262129.28205128206
"DIVCORE/1024/256/17/DIV/padded",39,0,260460.48717948719
"DIVCORE/1024/256/17/MOD/padded",39,0,260662.41025641025
"DIVCORE/1024/256/17/DIV/add-back",24,0,428100.70833333331
"DIVCORE/1024/256/17/MOD/add-back",24,0,427086.83333333331
"DIVCORE/1024/256/127/DIV/normalized",39,0,259103.64102564103
"DIVCORE/1024/256/127/MOD/normalized",39,0,258621.79487179487
"DIVCORE/1024/256/127/DIV/top-clear",40,0,254936.47500000001
"DIVCORE/1024/256/127/MOD/top-clear",40,0,257594.77499999999
"DIVCORE/1024/256/127/DIV/top-one",39,0,262120.71794871794
"DIVCORE/1024/256/127/MOD/top-one",39,0,261966.87179487178
"DIVCORE/1024/256/127/DIV/padded",39,0,259087.61538461538
"DIVCORE/1024/256/127/MOD/padded",39,0,259217.94871794872
"DIVCORE/1280/256/17/DIV/normalized",29,0,346398
"DIVCORE/1280/256/17/MOD/normalized",29,0,345625
"DIVCORE/1280/256/17/DIV/top-clear",30,0,343648.59999999998
"DIVCORE/1280/256/17/MOD/top-clear",30,0,343554.16666666669
"DIVCORE/1280/256/17/DIV/top-one",29,0,349533.03448275861
"DIVCORE/1280/256/17/MOD/top-one",29,0,348841.93103448278
"DIVCORE/1280/256/17/DIV/padded",29,0,346308.93103448278
"DIVCORE/1280/256/17/MOD/padded",29,0,346257.20689655171
"DIVCORE/1280/256/17/DIV/add-back",18,0,569405.0555555555
"DIVCORE/1280/256/17/MOD/add-back",18,0,571282.38888888888
"DIVCORE/1280/256/127/DIV/normalized",29,0,345238.4827586207
"DIVCORE/1280/256/127/MOD/normalized",29,0,345021.55172413791
"DIVCORE/1280/256/127/DIV/top-clear",30,0,340008.33333333331
"DIVCORE/1280/256/127/MOD/top-clear",30,0,340536.09999999998
"DIVCORE/1280/256/127/DIV/top-one",29,0,346893.68965517241
"DIVCORE/1280/256/127/MOD/top-one",29,0,346794.5172413793
"DIVCORE/1280/256/127/DIV/padded",29,0,345913.79310344829
"DIVCORE/1280/256/127/MOD/padded",29,0,345704
"DIVCORE/1023/1024/17/DIV/normalized",484,0,5.338842975206612
"DIVCORE/1023/1024/17/MOD/normalized",484,0,5.4235537190082646
"DIVCORE/1023/1024/17/DIV/top-clear",484,0,5.4235537190082646
"DIVCORE/1023/1024/17/MOD/top-clear",484,0,5.4256198347107434
"DIVCORE/1023/1024/17/DIV/top-one",484,0,5.4214876033057848
"DIVCORE/1023/1024/17/MOD/top-one",484,0,5.4235537190082646
"DIVCORE/1023/1024/17/DIV/padded",484,0,5.4235537190082646
"DIVCORE/1023/1024/17/MOD/padded",484,0,5.4235537190082646
"DIVCORE/1023/1024/127/DIV/normalized",484,0,5.4214876033057848
"DIVCORE/1023/1024/127/MOD/normalized",484,0,5.4235537190082646
"DIVCORE/1023/1024/127/DIV/top-clear",484,0,5.5103305785123968
"DIVCORE/1023/1024/127/MOD/top-clear",484,0,5.4256198347107434
"DIVCORE/1023/1024/127/DIV/top-one",484,0,5.3367768595041323
"DIVCORE/1023/1024/127/MOD/top-one",484,0,5.4214876033057848
"DIVCORE/1023/1024/127/DIV/padded",484,0,5.338842975206612
"DIVCORE/1023/1024/127/MOD/padded",484,0,5.4235537190082646
"DIVCORE/1024/1024/17/DIV/normalized",242,0,115.53305785123968
"DIVCORE/1024/1024/17/MOD/normalized",242,0,14.632231404958677
"DIVCORE/1024/1024/17/DIV/top-clear",242,0,2393.4256198347107
"DIVCORE/1024/1024/17/MOD/top-clear",242,0,2823.004132231405
"DIVCORE/1024/1024/17/DIV/top-one",242,0,2384.8140495867769
"DIVCORE/1024/1024/17/MOD/top-one",242,0,2750.1735537190084
"DIVCORE/1024/1024/17/DIV/padded",242,0,115.18595041322314
"DIVCORE/1024/1024/17/MOD/padded",242,0,14.119834710743802
"DIVCORE/1024/1024/127/DIV/normalized",242,0,114.83884297520662
"DIVCORE/1024/1024/127/MOD/normalized",242,0,14.119834710743802
"DIVCORE/1024/1024/127/DIV/top-clear",242,0,2381.1983471074382
"DIVCORE/1024/1024/127/MOD/top-clear",242,0,2766.8719008264461
"DIVCORE/1024/1024/127/DIV/top-one",242,0,2393.0785123966944
"DIVCORE/1024/1024/127/MOD/top-one",242,0,2759.2975206611573
"DIVCORE/1024/1024/127/DIV/padded",242,0,115.18595041322314
"DIVCORE/1024/1024/127/MOD/padded",242,0,14.979338842975206
"DIVCORE/1025/1024/17/DIV/normalized",242,0,1423.0371900826447
"DIVCORE/1025/1024/17/MOD/normalized",242,0,1328.8595041322315
"DIVCORE/1025/1024/17/DIV/top-clear",242,0,3763.2561983471073
"DIVCORE/1025/1024/17/MOD/top-clear",242,0,4157.3719008264461
"DIVCORE/1025/1024/17/DIV/top-one",242,0,3743.4586776859505
"DIVCORE/1025/1024/17/MOD/top-one",242,0,4159.6074380165292
"DIVCORE/1025/1024/17/DIV/padded",242,0,1462.9793388429753
"DIVCORE/1025/1024/17/MOD/padded",242,0,1367.9380165289256
"DIVCORE/1025/1024/17/DIV/add-back",242,0,2451.6198347107438
"DIVCORE/1025/1024/17/MOD/add-back",242,0,2424.2438016528927
"DIVCORE/1025/1024/127/DIV/normalized",242,0,2793.3884297520663
"DIVCORE/1025/1024/127/MOD/normalized",242,0,2645.6611570247933
"DIVCORE/1025/1024/127/DIV/top-clear",242,0,3844.0082644628101
"DIVCORE/1025/1024/127/MOD/top-clear",242,0,4242.4256198347111
"DIVCORE/1025/1024/127/DIV/top-one",242,0,3856.0619834710742
"DIVCORE/1025/1024/127/MOD/top-one",242,0,4252.5826446280989
"DIVCORE/1025/1024/127/DIV/padded",242,0,2765.6694214876034
"DIVCORE/1025/1024/127/MOD/padded",242,0,2659.6074380165287
"DIVCORE/1056/1024/17/DIV/normalized",238,0,41405.113445378149
"DIVCORE/1056/1024/17/MOD/normalized",238,0,41335.957983193279
"DIVCORE/1056/1024/17/DIV/top-clear",238,0,43919.289915966387
"DIVCORE/1056/1024/17/MOD/top-clear",226,0,44389.933628318584
"DIVCORE/1056/1024/17/DIV/top-one",238,0,43717.962184873948
"DIVCORE/1056/1024/17/MOD/top-one",227,0,44391.885462555067
"DIVCORE/1056/1024/17/DIV/padded",238,0,41478.294117647056
"DIVCORE/1056/1024/17/MOD/padded",238,0,41286.415966386558
"DIVCORE/1056/1024/17/DIV/add-back",141,0,71312.943262411354
"DIVCORE/1056/1024/17/MOD/add-back",141,0,71200.354609929083
"DIVCORE/1056/1024/127/DIV/normalized",238,0,41623.075630252104
"DIVCORE/1056/1024/127/MOD/normalized",238,0,41415.26470588235
"DIVCORE/1056/1024/127/DIV/top-clear",238,0,43707.810924369747
"DIVCORE/1056/1024/127/MOD/top-clear",227,0,44085.903083700439
"DIVCORE/1056/1024/127/DIV/top-one",229,0,43897.017467248908
"DIVCORE/1056/1024/127/MOD/top-one",227,0,44225.585903083702
"DIVCORE/1056/1024/127/DIV/padded",238,0,41519.957983193279
"DIVCORE/1056/1024/127/MOD/padded",238,0,41400.563025210082
"DIVCORE/2048/1024/17/DIV/normalized",8,0,1320531.25
"DIVCORE/2048/1024/17/MOD/normalized",8,0,1320437.5
"DIVCORE/2048/1024/17/DIV/top-clear",8,0,1329791.625
"DIVCORE/2048/1024/17/MOD/top-clear",8,0,1326802
"DIVCORE/2048/1024/17/DIV/top-one",8,0,1321265.625
"DIVCORE/2048/1024/17/MOD/top-one",8,0,1320203.125
"DIVCORE/2048/1024/17/DIV/padded",8,0,1321057.375
"DIVCORE/2048/1024/17/MOD/padded",8,0,1325416.625
"DIVCORE/2048/1024/17/DIV/add-back",5,0,2282266.6000000001
"DIVCORE/2048/1024/17/MOD/add-back",5,0,2276008.3999999999
"DIVCORE/2048/1024/127/DIV/normalized",8,0,1326739.625
"DIVCORE/2048/1024/127/MOD/normalized",8,0,1324729.125
"DIVCORE/2048/1024/127/DIV/top-clear",8,0,1322859.375
"DIVCORE/2048/1024/127/MOD/top-clear",8,0,1327625
"DIVCORE/2048/1024/127/DIV/top-one",8,0,1324088.5
"DIVCORE/2048/1024/127/MOD/top-one",8,0,1324104.25
"DIVCORE/2048/1024/127/DIV/padded",8,0,1326869.875
"DIVCORE/2048/1024/127/MOD/padded",8,0,1326192.625
"DIVCORE/4096/1024/17/DIV/normalized",3,0,3968194.3333333335
"DIVCORE/4096/1024/17/MOD/normalized",3,0,3959861
"DIVCORE/4096/1024/17/DIV/top-clear",3,0,3973750
"DIVCORE/4096/1024/17/MOD/top-clear",3,0,3974097
"DIVCORE/4096/1024/17/DIV/top-one",3,0,3956291.6666666665
"DIVCORE/4096/1024/17/MOD/top-one",3,0,3976555.6666666665
"DIVCORE/4096/1024/17/DIV/padded",3,0,3961680.3333333335
"DIVCORE/4096/1024/17/MOD/padded",3,0,3969597
"DIVCORE/4096/1024/17/DIV/add-back",2,0,6852000
"DIVCORE/4096/1024/17/MOD/add-back",2,0,6826708.5
"DIVCORE/4096/1024/127/DIV/normalized",3,0,3975153
"DIVCORE/4096/1024/127/MOD/normalized",3,0,3973805.3333333335
"DIVCORE/4096/1024/127/DIV/top-clear",3,0,3964875
"DIVCORE/4096/1024/127/MOD/top-clear",3,0,3989097.3333333335
"DIVCORE/4096/1024/127/DIV/top-one",3,0,3981125
"DIVCORE/4096/1024/127/MOD/top-one",3,0,3971639
"DIVCORE/4096/1024/127/DIV/padded",3,0,3994111
"DIVCORE/4096/1024/127/MOD/padded",3,0,3982486
"DIVCORE/1/1/17/DIV/normalized",27777,1,6.5941966375058501
"DIVCORE/1/1/17/MOD/normalized",27777,1,6.5431832091298556
"DIVCORE/1/1/17/DIV/top-clear",27777,1,6.5431832091298556
"DIVCORE/1/1/17/MOD/top-clear",27777,1,6.5341829571227992
"DIVCORE/1/1/17/DIV/top-one",27777,1,6.5536595024660693
"DIVCORE/1/1/17/MOD/top-one",27777,1,6.8687043237210643
"DIVCORE/1/1/17/DIV/padded",27777,1,6.5371710407891417
"DIVCORE/1/1/17/MOD/padded",27777,1,6.5372070417971706
"DIVCORE/1/1/127/DIV/normalized",27777,1,6.5491953774705696
"DIVCORE/1/1/127/MOD/normalized",27777,1,6.5417071678006984
"DIVCORE/1/1/127/DIV/top-clear",27777,1,6.6166612665154627
"DIVCORE/1/1/127/MOD/top-clear",27777,1,6.5446952514670409
"DIVCORE/1/1/127/DIV/top-one",27777,1,6.5461712927961981
"DIVCORE/1/1/127/MOD/top-one",27777,1,6.8597040717140079
"DIVCORE/1/1/127/DIV/padded",27777,1,6.5431832091298556
"DIVCORE/1/1/127/MOD/padded",27777,1,6.5536595024660693
"DIVCORE/2/1/17/DIV/normalized",26315,1,17.977731331939957
"DIVCORE/2/1/17/MOD/normalized",26315,1,17.054569637089113
"DIVCORE/2/1/17/DIV/top-clear",26315,1,20.162758882766482
"DIVCORE/2/1/17/MOD/top-clear",26315,1,19.426486794603839
"DIVCORE/2/1/17/DIV/top-one",26315,1,18.403610108303248
"DIVCORE/2/1/17/MOD/top-one",26315,1,17.713281398441953
"DIVCORE/2/1/17/DIV/padded",26315,1,17.670530115903478
"DIVCORE/2/1/17/MOD/padded",26315,1,16.763252897586927
"DIVCORE/2/1/127/DIV/normalized",26315,1,17.664221926657799
"DIVCORE/2/1/127/MOD/normalized",26315,1,16.425992779783392
"DIVCORE/2/1/127/DIV/top-clear",26315,1,18.493862815884476
"DIVCORE/2/1/127/MOD/top-clear",26315,1,17.439331179935397
"DIVCORE/2/1/127/DIV/top-one",26315,1,18.297548926467794
"DIVCORE/2/1/127/MOD/top-one",26315,1,17.702185065551966
"DIVCORE/2/1/127/DIV/padded",26315,1,17.355462663879916
"DIVCORE/2/1/127/MOD/padded",26315,1,16.316739502185065
"DIVCORE/4/1/17/DIV/normalized",23809,1,26.07030954681003
"DIVCORE/4/1/17/MOD/normalized",23809,1,26.808853794783484
"DIVCORE/4/1/17/DIV/top-clear",23809,1,31.077197698349362
"DIVCORE/4/1/17/MOD/top-clear",23809,1,31.850686715107731
"DIVCORE/4/1/17/DIV/top-one",23809,1,28.564114410517032
"DIVCORE/4/1/17/MOD/top-one",23809,1,29.1661136545004
"DIVCORE/4/1/17/DIV/padded",23809,1,27.487840732496114
"DIVCORE/4/1/17/MOD/padded",23809,1,27.937586626905791
"DIVCORE/4/1/127/DIV/normalized",23809,1,26.742324331135286
"DIVCORE/4/1/127/MOD/normalized",23809,1,27.444117770590953
"DIVCORE/4/1/127/DIV/top-clear",23809,1,32.821958083077831
"DIVCORE/4/1/127/MOD/top-clear",23809,1,33.815993951866943
"DIVCORE/4/1/127/DIV/top-one",23809,1,28.471376370280147
"DIVCORE/4/1/127/MOD/top-one",23809,1,29.041874921248269
"DIVCORE/4/1/127/DIV/padded",23809,1,28.432861522953505
"DIVCORE/4/1/127/MOD/padded",23809,1,28.544877987315722
"DIVCORE/33/1/17/DIV/normalized",10000,1,308.75409999999999
"DIVCORE/33/1/17/MOD/normalized",10000,1,310.09589999999997
"DIVCORE/33/1/17/DIV/top-clear",10000,1,350.26249999999999
"DIVCORE/33/1/17/MOD/top-clear",10000,1,349.97500000000002
"DIVCORE/33/1/17/DIV/top-one",10000,1,282.59589999999997
"DIVCORE/33/1/17/MOD/top-one",10000,1,283.62079999999997
"DIVCORE/33/1/17/DIV/padded",10000,1,325.88339999999999
"DIVCORE/33/1/17/MOD/padded",10000,1,327.00839999999999
"DIVCORE/33/1/127/DIV/normalized",10000,1,307.49169999999998
"DIVCORE/33/1/127/MOD/normalized",10000,1,307.20420000000001
"DIVCORE/33/1/127/DIV/top-clear",10000,1,330.75420000000003
"DIVCORE/33/1/127/MOD/top-clear",10000,1,331.9667
"DIVCORE/33/1/127/DIV/top-one",10000,1,282.66250000000002
"DIVCORE/33/1/127/MOD/top-one",10000,1,283.66669999999999
"DIVCORE/33/1/127/DIV/padded",10000,1,323.01659999999998
"DIVCORE/33/1/127/MOD/padded",10000,1,326.11660000000001
"DIVCORE/1025/1/17/DIV/normalized",479,1,10924.494780793319
"DIVCORE/1025/1/17/MOD/normalized",479,1,11336.116910229644
"DIVCORE/1025/1/17/DIV/top-clear",479,1,11463.204592901879
"DIVCORE/1025/1/17/MOD/top-clear",479,1,11880.219206680584
"DIVCORE/1025/1/17/DIV/top-one",479,1,8937.7160751565771
"DIVCORE/1025/1/17/MOD/top-one",479,1,8976.5991649269308
"DIVCORE/1025/1/17/DIV/padded",479,1,11662.926931106473
"DIVCORE/1025/1/17/MOD/padded",479,1,11385.089770354905
"DIVCORE/1025/1/127/DIV/normalized",479,1,10939.196242171191
"DIVCORE/1025/1/127/MOD/normalized",479,1,10961.638830897704
"DIVCORE/1025/1/127/DIV/top-clear",479,1,11400.052192066805
"DIVCORE/1025/1/127/MOD/top-clear",479,1,11947.895615866388
"DIVCORE/1025/1/127/DIV/top-one",479,1,8943.1106471816292
"DIVCORE/1025/1/127/MOD/top-one",479,1,8983.8204592901875
"DIVCORE/1025/1/127/DIV/padded",479,1,11461.899791231734
"DIVCORE/1025/1/127/MOD/padded",479,1,11600.033402922756
"DIVCORE/65536/1/17/DIV/normalized",7,1,1051839.2857142857
"DIVCORE/65536/1/17/MOD/normalized",7,1,1050517.857142857
"DIVCORE/65536/1/17/DIV/top-one",7,1,572619
"DIVCORE/65536/1/17/MOD/top-one",7,1,576351.14285714284
"DIVCORE/500000/1/17/DIV/normalized",1,1,8122417
"DIVCORE/500000/1/17/MOD/normalized",1,1,8072458
"DIVCORE/500000/1/17/DIV/top-one",1,1,4369459
"DIVCORE/500000/1/17/MOD/top-one",1,1,4397625
"DIVCORE/1/2/17/DIV/normalized",26315,1,5.4500095002850086
"DIVCORE/1/2/17/MOD/normalized",26315,1,5.3787193615808473
"DIVCORE/1/2/17/DIV/top-clear",26315,1,5.3914117423522709
"DIVCORE/1/2/17/MOD/top-clear",26315,1,5.380315409462284
"DIVCORE/1/2/17/DIV/top-one",26315,1,5.7191715751472545
"DIVCORE/1/2/17/MOD/top-one",26315,1,5.5054151624548737
"DIVCORE/1/2/17/DIV/padded",26315,1,5.3756032680980432
"DIVCORE/1/2/17/MOD/padded",26315,1,5.389853695610868
"DIVCORE/1/2/127/DIV/normalized",26315,1,5.3882196465893974
"DIVCORE/1/2/127/MOD/normalized",26315,1,5.4041041231236937
"DIVCORE/1/2/127/DIV/top-clear",26315,1,5.3739692190765727
"DIVCORE/1/2/127/MOD/top-clear",26315,1,5.5814174425232759
"DIVCORE/1/2/127/DIV/top-one",26315,1,5.3581607448223449
"DIVCORE/1/2/127/MOD/top-one",26315,1,5.4024700741022231
"DIVCORE/1/2/127/DIV/padded",26315,1,5.4040661219836599
"DIVCORE/1/2/127/MOD/padded",26315,1,5.4072582177465325
"DIVCORE/2/2/17/DIV/normalized",25000,1,19.266680000000001
"DIVCORE/2/2/17/MOD/normalized",25000,1,16.578320000000001
"DIVCORE/2/2/17/DIV/top-clear",25000,1,20.004999999999999
"DIVCORE/2/2/17/MOD/top-clear",25000,1,18.204999999999998
"DIVCORE/2/2/17/DIV/top-one",25000,1,19.878319999999999
"DIVCORE/2/2/17/MOD/top-one",25000,1,18.571680000000001
"DIVCORE/2/2/17/DIV/padded",25000,1,19.453320000000001
"DIVCORE/2/2/17/MOD/padded",25000,1,16.57668
"DIVCORE/2/2/127/DIV/normalized",25000,1,16.734999999999999
"DIVCORE/2/2/127/MOD/normalized",25000,1,13.633319999999999
"DIVCORE/2/2/127/DIV/top-clear",25000,1,19.891680000000001
"DIVCORE/2/2/127/MOD/top-clear",25000,1,18.210000000000001
"DIVCORE/2/2/127/DIV/top-one",25000,1,20.473320000000001
"DIVCORE/2/2/127/MOD/top-one",25000,1,18.760000000000002
"DIVCORE/2/2/127/DIV/padded",25000,1,16.733319999999999
"DIVCORE/2/2/127/MOD/padded",25000,1,13.635
"DIVCORE/3/2/17/DIV/normalized",23809,1,26.138561048343064
"DIVCORE/3/2/17/MOD/normalized",23809,1,24.96429921458272
"DIVCORE/3/2/17/DIV/top-clear",23809,1,32.688983157629465
"DIVCORE/3/2/17/MOD/top-clear",23809,1,33.50623713721702
"DIVCORE/3/2/17/DIV/top-one",23809,1,30.336931412491076
"DIVCORE/3/2/17/MOD/top-one",23809,1,32.291738418245203
"DIVCORE/3/2/17/DIV/padded",23809,1,26.131588894955691
"DIVCORE/3/2/17/MOD/padded",23809,1,24.810323827124197
"DIVCORE/3/2/127/DIV/normalized",23809,1,29.577428703431476
"DIVCORE/3/2/127/MOD/normalized",23809,1,28.697131336889413
"DIVCORE/3/2/127/DIV/top-clear",23809,1,32.834222352891764
"DIVCORE/3/2/127/MOD/top-clear",23809,1,33.574488638750054
"DIVCORE/3/2/127/DIV/top-one",23809,1,29.085639884077448
"DIVCORE/3/2/127/MOD/top-one",23809,1,29.801419631231887
"DIVCORE/3/2/127/DIV/padded",23809,1,30.310638834054348
"DIVCORE/3/2/127/MOD/padded",23809,1,29.383132428913434
"DIVCORE/4/2/17/DIV/normalized",22727,1,34.25256303075637
"DIVCORE/4/2/17/MOD/normalized",22727,1,32.204734456813483
"DIVCORE/4/2/17/DIV/top-clear",22727,1,46.248206978483744
"DIVCORE/4/2/17/MOD/top-clear",22727,1,47.41972103665244
"DIVCORE/4/2/17/DIV/top-one",22727,1,42.167202006424077
"DIVCORE/4/2/17/MOD/top-one",22727,1,43.142517710212523
"DIVCORE/4/2/17/DIV/padded",22727,1,35.167422009064111
"DIVCORE/4/2/17/MOD/padded",22727,1,32.833546002552033
"DIVCORE/4/2/127/DIV/normalized",22727,1,42.807013684164211
"DIVCORE/4/2/127/MOD/normalized",22727,1,40.566638799665597
"DIVCORE/4/2/127/DIV/top-clear",22727,1,46.779865358384299
"DIVCORE/4/2/127/MOD/top-clear",22727,1,46.669864038368459
"DIVCORE/4/2/127/DIV/top-one",22727,1,41.943503322039867
"DIVCORE/4/2/127/MOD/top-one",22727,1,43.311171734060807
"DIVCORE/4/2/127/DIV/padded",22727,1,44.407532890394684
"DIVCORE/4/2/127/MOD/padded",22727,1,45.918203018436223
"DIVCORE/8/2/17/DIV/normalized",19230,1,98.569942797711903
"DIVCORE/8/2/17/MOD/normalized",19230,1,93.486739469578779
"DIVCORE/8/2/17/DIV/top-clear",19230,1,118.37841913676547
"DIVCORE/8/2/17/MOD/top-clear",19230,1,119.07607904316173
"DIVCORE/8/2/17/DIV/top-one",19230,1,104.06053042121685
"DIVCORE/8/2/17/MOD/top-one",19230,1,106.13624544981799
"DIVCORE/8/2/17/DIV/padded",19230,1,92.240873634945402
"DIVCORE/8/2/17/MOD/padded",19230,1,94.117264690587618
"DIVCORE/8/2/127/DIV/normalized",19230,1,110.25309412376495
"DIVCORE/8/2/127/MOD/normalized",19230,1,100.42901716068643
"DIVCORE/8/2/127/DIV/top-clear",19230,1,108.32896515860635
"DIVCORE/8/2/127/MOD/top-clear",19230,1,115.04378575143005
"DIVCORE/8/2/127/DIV/top-one",19230,1,102.35959438377535
"DIVCORE/8/2/127/MOD/top-one",19230,1,105.58590743629745
"DIVCORE/8/2/127/DIV/padded",19230,1,105.55340613624546
"DIVCORE/8/2/127/MOD/padded",19230,1,103.58595943837753
"DIVCORE/34/2/17/DIV/normalized",9615,1,495.62745709828391
"DIVCORE/34/2/17/MOD/normalized",9615,1,491.83993759750388
"DIVCORE/34/2/17/DIV/top-clear",9615,1,522.93291731669262
"DIVCORE/34/2/17/MOD/top-clear",9615,1,518.28746749869993
"DIVCORE/34/2/17/DIV/top-one",9615,1,514.81632865314612
"DIVCORE/34/2/17/MOD/top-one",9615,1,510.9464378575143
"DIVCORE/34/2/17/DIV/padded",9615,1,506.48725949037964
"DIVCORE/34/2/17/MOD/padded",9615,1,509.16963078523139
"DIVCORE/34/2/127/DIV/normalized",9615,1,509.71138845553821
"DIVCORE/34/2/127/MOD/normalized",9615,1,504.04316172646907
"DIVCORE/34/2/127/DIV/top-clear",9615,1,528.75278211128443
"DIVCORE/34/2/127/MOD/top-clear",9615,1,524.85699427977124
"DIVCORE/34/2/127/DIV/top-one",9615,1,540.86063442537704
"DIVCORE/34/2/127/MOD/top-one",9615,1,537.46749869994801
"DIVCORE/34/2/127/DIV/padded",9615,1,521.51586063442539
"DIVCORE/34/2/127/MOD/padded",9615,1,517.75444617784706
"DIVCORE/1026/2/17/DIV/normalized",478,1,17028.589958158995
"DIVCORE/1026/2/17/MOD/normalized",478,1,16939.069037656904
"DIVCORE/1026/2/17/DIV/top-clear",478,1,18171.025104602511
"DIVCORE/1026/2/17/MOD/top-clear",478,1,18111.663179916319
"DIVCORE/1026/2/17/DIV/top-one",478,1,17430.089958158995
"DIVCORE/1026/2/17/MOD/top-one",478,1,17377.353556485356
"DIVCORE/1026/2/17/DIV/padded",478,1,17108.00209205021
"DIVCORE/1026/2/17/MOD/padded",478,1,17055.439330543933
"DIVCORE/1026/2/127/DIV/normalized",478,1,17350.592050209205
"DIVCORE/1026/2/127/MOD/normalized",478,1,17825.052301255229
"DIVCORE/1026/2/127/DIV/top-clear",478,1,18725.330543933054
"DIVCORE/1026/2/127/MOD/top-clear",478,1,26830.36820083682
"DIVCORE/1026/2/127/DIV/top-one",478,1,24508.192468619247
"DIVCORE/1026/2/127/MOD/top-one",478,1,31099.809623430963
"DIVCORE/1026/2/127/DIV/padded",478,1,19833.767782426778
"DIVCORE/1026/2/127/MOD/padded",478,1,18067.991631799163
"DIVCORE/65536/2/17/DIV/normalized",7,1,1387440.4285714286
"DIVCORE/65536/2/17/MOD/normalized",7,1,1369922.5714285714
"DIVCORE/65536/2/17/DIV/top-one",7,1,1303029.7142857143
"DIVCORE/65536/2/17/MOD/top-one",7,1,1297535.7142857143
"DIVCORE/500000/2/17/DIV/normalized",1,1,10446666
"DIVCORE/500000/2/17/MOD/normalized",1,1,10409083
"DIVCORE/500000/2/17/DIV/top-one",1,1,9993250
"DIVCORE/500000/2/17/MOD/top-one",1,1,9955708
"DIVCORE/2/3/17/DIV/normalized",23809,1,5.4513419295224494
"DIVCORE/2/3/17/MOD/normalized",23809,1,5.4688563148389262
"DIVCORE/2/3/17/DIV/top-clear",23809,1,5.3935906589944977
"DIVCORE/2/3/17/MOD/top-clear",23809,1,5.453105968331303
"DIVCORE/2/3/17/DIV/top-one",23809,1,5.3708681590995004
"DIVCORE/2/3/17/MOD/top-one",23809,1,5.4548700071401575
"DIVCORE/2/3/17/DIV/padded",23809,1,5.3761182746020415
"DIVCORE/2/3/17/MOD/padded",23809,1,5.453105968331303
"DIVCORE/2/3/127/DIV/normalized",23809,1,5.5073711621655672
"DIVCORE/2/3/127/MOD/normalized",23809,1,5.4391196606325343
"DIVCORE/2/3/127/DIV/top-clear",23809,1,5.4023688521147468
"DIVCORE/2/3/127/MOD/top-clear",23809,1,5.4373976227477003
"DIVCORE/2/3/127/DIV/top-one",23809,1,5.3831324289134361
"DIVCORE/2/3/127/MOD/top-one",23809,1,5.4076189676172879
"DIVCORE/2/3/127/DIV/padded",23809,1,5.3830904279894156
"DIVCORE/2/3/127/MOD/padded",23809,1,5.4408836994413878
"DIVCORE/3/3/17/DIV/normalized",22727,1,21.079904958859505
"DIVCORE/3/3/17/MOD/normalized",22727,1,17.493861926343115
"DIVCORE/3/3/17/DIV/top-clear",22727,1,23.551282615391386
"DIVCORE/3/3/17/MOD/top-clear",22727,1,20.526246314955781
"DIVCORE/3/3/17/DIV/top-one",22727,1,23.870286443437323
"DIVCORE/3/3/17/MOD/top-one",22727,1,21.398952787433448
"DIVCORE/3/3/17/DIV/padded",22727,1,21.067056804681656
"DIVCORE/3/3/17/MOD/padded",22727,1,17.493905926871122
"DIVCORE/3/3/127/DIV/normalized",22727,1,17.662559950719409
"DIVCORE/3/3/127/MOD/normalized",22727,1,13.638315659787917
"DIVCORE/3/3/127/DIV/top-clear",22727,1,23.554978659743917
"DIVCORE/3/3/127/MOD/top-clear",22727,1,20.526246314955781
"DIVCORE/3/3/127/DIV/top-one",22727,1,24.192986315835789
"DIVCORE/3/3/127/MOD/top-one",22727,1,21.83345800149602
"DIVCORE/3/3/127/DIV/padded",22727,1,17.671712060544728
"DIVCORE/3/3/127/MOD/padded",22727,1,13.647511770141241
"DIVCORE/4/3/17/DIV/normalized",21739,1,28.518285109710657
"DIVCORE/4/3/17/MOD/normalized",21739,1,25.727586365518192
"DIVCORE/4/3/17/DIV/top-clear",21739,1,37.007222043332263
"DIVCORE/4/3/17/MOD/top-clear",21739,1,37.754726528359171
"DIVCORE/4/3/17/DIV/top-one",21739,1,37.352224113344683
"DIVCORE/4/3/17/MOD/top-one",21739,1,38.964165784994712
"DIVCORE/4/3/17/DIV/padded",21739,1,28.196283177699065
"DIVCORE/4/3/17/MOD/padded",21739,1,25.409402456414739
"DIVCORE/4/3/17/DIV/add-back",21739,1,26.65329591977552
"DIVCORE/4/3/17/MOD/add-back",21739,1,23.99107594645568
"DIVCORE/4/3/127/DIV/normalized",21739,1,33.440314641887852
"DIVCORE/4/3/127/MOD/normalized",21739,1,32.119692718156308
"DIVCORE/4/3/127/DIV/top-clear",21739,1,37.124108744652467
"DIVCORE/4/3/127/MOD/top-clear",21739,1,37.152858917153502
"DIVCORE/4/3/127/DIV/top-one",21739,1,38.116978701872213
"DIVCORE/4/3/127/MOD/top-one",21739,1,38.335480012880076
"DIVCORE/4/3/127/DIV/padded",21739,1,34.605639633837804
"DIVCORE/4/3/127/MOD/padded",21739,1,32.127374764248586
"DIVCORE/6/3/17/DIV/normalized",20000,1,50.954149999999998
"DIVCORE/6/3/17/MOD/normalized",20000,1,49.174999999999997
"DIVCORE/6/3/17/DIV/top-clear",20000,1,69.293750000000003
"DIVCORE/6/3/17/MOD/top-clear",20000,1,69.860399999999998
"DIVCORE/6/3/17/DIV/top-one",20000,1,73.027050000000003
"DIVCORE/6/3/17/MOD/top-one",20000,1,74.122900000000001
"DIVCORE/6/3/17/DIV/padded",20000,1,53.058349999999997
"DIVCORE/6/3/17/MOD/padded",20000,1,50.716700000000003
"DIVCORE/6/3/17/DIV/add-back",20000,1,40.1479
"DIVCORE/6/3/17/MOD/add-back",20000,1,37.964550000000003
"DIVCORE/6/3/127/DIV/normalized",20000,1,51.864550000000001
"DIVCORE/6/3/127/MOD/normalized",20000,1,49.872950000000003
"DIVCORE/6/3/127/DIV/top-clear",20000,1,66.804150000000007
"DIVCORE/6/3/127/MOD/top-clear",20000,1,68.645799999999994
"DIVCORE/6/3/127/DIV/top-one",20000,1,65.506249999999994
"DIVCORE/6/3/127/MOD/top-one",20000,1,67.762500000000003
"DIVCORE/6/3/127/DIV/padded",20000,1,54.181249999999999
"DIVCORE/6/3/127/MOD/padded",20000,1,51.354149999999997
"DIVCORE/12/3/17/DIV/normalized",16129,1,150.11780023560047
"DIVCORE/12/3/17/MOD/normalized",16129,1,147.87804575609152
"DIVCORE/12/3/17/DIV/top-clear",16129,1,177.52185504371008
"DIVCORE/12/3/17/MOD/top-clear",16129,1,177.28160456320913
"DIVCORE/12/3/17/DIV/top-one",16129,1,171.48713497426994
"DIVCORE/12/3/17/MOD/top-one",16129,1,170.96794593589186
"DIVCORE/12/3/17/DIV/padded",16129,1,155.28960257920517
"DIVCORE/12/3/17/MOD/padded",16129,1,152.2025544051088
"DIVCORE/12/3/17/DIV/add-back",16129,1,88.068572137144272
"DIVCORE/12/3/17/MOD/add-back",16129,1,86.242172484344962
"DIVCORE/12/3/127/DIV/normalized",16129,1,149.96540393080787
"DIVCORE/12/3/127/MOD/normalized",16129,1,148.00725401450802
"DIVCORE/12/3/127/DIV/top-clear",16129,1,169.54454708909418
"DIVCORE/12/3/127/MOD/top-clear",16129,1,169.26548453096908
"DIVCORE/12/3/127/DIV/top-one",16129,1,166.32308264616529
"DIVCORE/12/3/127/MOD/top-one",16129,1,166.45737491474983
"DIVCORE/12/3/127/DIV/padded",16129,1,155.07006014012029
"DIVCORE/12/3/127/MOD/padded",16129,1,152.1793043586087
"DIVCORE/35/3/17/DIV/normalized",9259,1,531.4918457716816
"DIVCORE/35/3/17/MOD/normalized",9259,1,545.36127011556323
"DIVCORE/35/3/17/DIV/top-clear",9259,1,587.60848903769306
"DIVCORE/35/3/17/MOD/top-clear",9259,1,595.60524894697051
"DIVCORE/35/3/17/DIV/top-one",9259,1,564.58580840263528
"DIVCORE/35/3/17/MOD/top-one",9259,1,565.9358462036937
"DIVCORE/35/3/17/DIV/padded",9259,1,567.42542391186953
"DIVCORE/35/3/17/MOD/padded",9259,1,561.36364618209313
"DIVCORE/35/3/17/DIV/add-back",9259,1,288.1520682579112
"DIVCORE/35/3/17/MOD/add-back",9259,1,282.99935198185551
"DIVCORE/35/3/127/DIV/normalized",9259,1,531.82039097094719
"DIVCORE/35/3/127/MOD/normalized",9259,1,529.0617777297764
"DIVCORE/35/3/127/DIV/top-clear",9259,1,566.29582028296795
"DIVCORE/35/3/127/MOD/top-clear",9259,1,563.54627929582023
"DIVCORE/35/3/127/DIV/top-one",9259,1,561.26925153904313
"DIVCORE/35/3/127/MOD/top-one",9259,1,560.00464413003567
"DIVCORE/35/3/127/DIV/padded",9259,1,549.05594556647588
"DIVCORE/35/3/127/MOD/padded",9259,1,544.45220866184252
"DIVCORE/1027/3/17/DIV/normalized",478,1,18817.991631799163
"DIVCORE/1027/3/17/MOD/normalized",478,1,18714.608786610879
"DIVCORE/1027/3/17/DIV/top-clear",478,1,20753.399581589958
"DIVCORE/1027/3/17/MOD/top-clear",478,1,20560.320083682007
"DIVCORE/1027/3/17/DIV/top-one",478,1,18463.12761506276
"DIVCORE/1027/3/17/MOD/top-one",478,1,18396.880753138077
"DIVCORE/1027/3/17/DIV/padded",478,1,19309.014644351464
"DIVCORE/1027/3/17/MOD/padded",478,1,19077.144351464434
"DIVCORE/1027/3/17/DIV/add-back",478,1,8440.2887029288704
"DIVCORE/1027/3/17/MOD/add-back",478,1,8438.1108786610876
"DIVCORE/1027/3/127/DIV/normalized",478,1,18095.799163179916
"DIVCORE/1027/3/127/MOD/normalized",478,1,17915.098326359832
"DIVCORE/1027/3/127/DIV/top-clear",478,1,19031.989539748953
"DIVCORE/1027/3/127/MOD/top-clear",478,1,18944.037656903765
"DIVCORE/1027/3/127/DIV/top-one",478,1,19120.466527196651
"DIVCORE/1027/3/127/MOD/top-one",478,1,18938.458158995814
"DIVCORE/1027/3/127/DIV/padded",478,1,18405.422594142259
"DIVCORE/1027/3/127/MOD/padded",478,1,18338.736401673639
"DIVCORE/3/4/17/DIV/normalized",21739,1,5.5756014536087219
"DIVCORE/3/4/17/MOD/normalized",21739,1,5.4127144762868573
"DIVCORE/3/4/17/DIV/top-clear",21739,1,5.3724182345094071
"DIVCORE/3/4/17/MOD/top-clear",21739,1,5.4548507291043746
"DIVCORE/3/4/17/DIV/top-one",21739,1,5.3724182345094071
"DIVCORE/3/4/17/MOD/top-one",21739,1,5.4567827406964442
"DIVCORE/3/4/17/DIV/padded",21739,1,5.3743502461014767
"DIVCORE/3/4/17/MOD/padded",21739,1,5.4280325681954089
"DIVCORE/3/4/127/DIV/normalized",21739,1,5.3666682000092001
"DIVCORE/3/4/127/MOD/normalized",21739,1,5.4012144072864441
"DIVCORE/3/4/127/DIV/top-clear",21739,1,5.3858963153778925
"DIVCORE/3/4/127/MOD/top-clear",21739,1,5.4414646487878926
"DIVCORE/3/4/127/DIV/top-one",21739,1,5.5027830166980998
"DIVCORE/3/4/127/MOD/top-one",21739,1,5.4414646487878926
"DIVCORE/3/4/127/DIV/padded",21739,1,5.3762822576935463
"DIVCORE/3/4/127/MOD/padded",21739,1,5.4165324991949948
"DIVCORE/4/4/17/DIV/normalized",20833,1,17.972255556088896
"DIVCORE/4/4/17/MOD/normalized",20833,1,13.648202371237939
"DIVCORE/4/4/17/DIV/top-clear",20833,1,24.79839677434839
"DIVCORE/4/4/17/MOD/top-clear",20833,1,22.504392070273123
"DIVCORE/4/4/17/DIV/top-one",20833,1,24.818413094609515
"DIVCORE/4/4/17/MOD/top-one",20833,1,23.230403686458985
"DIVCORE/4/4/17/DIV/padded",20833,1,17.970287524600394
"DIVCORE/4/4/17/MOD/padded",20833,1,13.642202275236404
"DIVCORE/4/4/127/DIV/normalized",20833,1,22.196371141938272
"DIVCORE/4/4/127/MOD/normalized",20833,1,17.754284068545097
"DIVCORE/4/4/127/DIV/top-clear",20833,1,24.802380838093409
"DIVCORE/4/4/127/MOD/top-clear",20833,1,22.520376326021218
"DIVCORE/4/4/127/DIV/top-one",20833,1,24.944415110641771
"DIVCORE/4/4/127/MOD/top-one",20833,1,22.980367685882975
"DIVCORE/4/4/127/DIV/padded",20833,1,21.694379110065761
"DIVCORE/4/4/127/MOD/padded",20833,1,17.750300004800078
"DIVCORE/5/4/17/DIV/normalized",20000,1,34.931249999999999
"DIVCORE/5/4/17/MOD/normalized",20000,1,33.783349999999999
"DIVCORE/5/4/17/DIV/top-clear",20000,1,39.685400000000001
"DIVCORE/5/4/17/MOD/top-clear",20000,1,41.133299999999998
"DIVCORE/5/4/17/DIV/top-one",20000,1,40.1021
"DIVCORE/5/4/17/MOD/top-one",20000,1,41.59375
"DIVCORE/5/4/17/DIV/padded",20000,1,35.2896
"DIVCORE/5/4/17/MOD/padded",20000,1,34.216650000000001
"DIVCORE/5/4/17/DIV/add-back",20000,1,27.589600000000001
"DIVCORE/5/4/17/MOD/add-back",20000,1,24.870850000000001
"DIVCORE/5/4/127/DIV/normalized",20000,1,34.041699999999999
"DIVCORE/5/4/127/MOD/normalized",20000,1,32.8521
"DIVCORE/5/4/127/DIV/top-clear",20000,1,40.0458
"DIVCORE/5/4/127/MOD/top-clear",20000,1,41.34375
"DIVCORE/5/4/127/DIV/top-one",20000,1,39.46875
"DIVCORE/5/4/127/MOD/top-one",20000,1,40.743749999999999
"DIVCORE/5/4/127/DIV/padded",20000,1,34.395850000000003
"DIVCORE/5/4/127/MOD/padded",20000,1,33.041699999999999
"DIVCORE/8/4/17/DIV/normalized",17857,1,86.48569188553509
"DIVCORE/8/4/17/MOD/normalized",17857,1,84.822030576244615
"DIVCORE/8/4/17/DIV/top-clear",17857,1,96.750126001008013
"DIVCORE/8/4/17/MOD/top-clear",17857,1,98.385787086296688
"DIVCORE/8/4/17/DIV/top-one",17857,1,92.876743013944107
"DIVCORE/8/4/17/MOD/top-one",17857,1,94.510052080416642
"DIVCORE/8/4/17/DIV/padded",17857,1,88.452707621660977
"DIVCORE/8/4/17/MOD/padded",17857,1,86.166041328330621
"DIVCORE/8/4/17/DIV/add-back",17857,1,57.356106848854793
"DIVCORE/8/4/17/MOD/add-back",17857,1,54.376435011480091
"DIVCORE/8/4/127/DIV/normalized",17857,1,90.046368370946965
"DIVCORE/8/4/127/MOD/normalized",17857,1,89.631069048552391
"DIVCORE/8/4/127/DIV/top-clear",17857,1,94.108752870022954
"DIVCORE/8/4/127/MOD/top-clear",17857,1,95.352410819286561
"DIVCORE/8/4/127/DIV/top-one",17857,1,90.424427395419158
"DIVCORE/8/4/127/MOD/top-one",17857,1,91.707733661869298
"DIVCORE/8/4/127/DIV/padded",17857,1,91.829086632693063
"DIVCORE/8/4/127/MOD/padded",17857,1,90.496723973791788
"DIVCORE/16/4/17/DIV/normalized",13888,1,234.1379608294931
"DIVCORE/16/4/17/MOD/normalized",13888,1,233.24690380184333
"DIVCORE/16/4/17/DIV/top-clear",13888,1,247.92684331797236
"DIVCORE/16/4/17/MOD/top-clear",13888,1,246.81077188940091
"DIVCORE/16/4/17/DIV/top-one",13888,1,240.1563940092166
"DIVCORE/16/4/17/MOD/top-one",13888,1,241.57848502304148
"DIVCORE/16/4/17/DIV/padded",13888,1,239.41237039170508
"DIVCORE/16/4/17/MOD/padded",13888,1,237.84324596774192
"DIVCORE/16/4/17/DIV/add-back",13888,1,144.84022177419354
"DIVCORE/16/4/17/MOD/add-back",13888,1,141.7470478110599
"DIVCORE/16/4/127/DIV/normalized",13888,1,224.80443548387098
"DIVCORE/16/4/127/MOD/normalized",13888,1,222.95629320276498
"DIVCORE/16/4/127/DIV/top-clear",13888,1,242.85354262672811
"DIVCORE/16/4/127/MOD/top-clear",13888,1,243.03657834101384
"DIVCORE/16/4/127/DIV/top-one",13888,1,232.67691532258064
"DIVCORE/16/4/127/MOD/top-one",13888,1,233.60995103686636
"DIVCORE/16/4/127/DIV/padded",13888,1,231.31782834101384
"DIVCORE/16/4/127/MOD/padded",13888,1,228.89364919354838
"DIVCORE/36/4/17/DIV/normalized",8928,1,588.63496863799287
"DIVCORE/36/4/17/MOD/normalized",8928,1,590.80040322580646
"DIVCORE/36/4/17/DIV/top-clear",8928,1,616.09072580645159
"DIVCORE/36/4/17/MOD/top-clear",8928,1,617.65893817204301
"DIVCORE/36/4/17/DIV/top-one",8928,1,602.28584229390685
"DIVCORE/36/4/17/MOD/top-one",8928,1,604.33467741935488
"DIVCORE/36/4/17/DIV/padded",8928,1,610.10304659498206
"DIVCORE/36/4/17/MOD/padded",8928,1,601.97782258064512
"DIVCORE/36/4/17/DIV/add-back",8928,1,353.7559363799283
"DIVCORE/36/4/17/MOD/add-back",8928,1,343.7545922939068
"DIVCORE/36/4/127/DIV/normalized",8928,1,598.38900089605738
"DIVCORE/36/4/127/MOD/normalized",8928,1,598.05768369175632
"DIVCORE/36/4/127/DIV/top-clear",8928,1,620.8977374551971
"DIVCORE/36/4/127/MOD/top-clear",8928,1,624.34666218637994
"DIVCORE/36/4/127/DIV/top-one",8928,1,620.07168458781359
"DIVCORE/36/4/127/MOD/top-one",8928,1,622.87186379928312
"DIVCORE/36/4/127/DIV/padded",8928,1,612.24988799283153
"DIVCORE/36/4/127/MOD/padded",8928,1,609.67372311827955
"DIVCORE/1028/4/17/DIV/normalized",477,1,20211.740041928722
"DIVCORE/1028/4/17/MOD/normalized",477,1,20132.075471698114
"DIVCORE/1028/4/17/DIV/top-clear",477,1,21499.825995807128
"DIVCORE/1028/4/17/MOD/top-clear",477,1,21481.832285115303
"DIVCORE/1028/4/17/DIV/top-one",467,1,20047.464668094217
"DIVCORE/1028/4/17/MOD/top-one",469,1,19725.036247334756
"DIVCORE/1028/4/17/DIV/padded",477,1,20954.576519916143
"DIVCORE/1028/4/17/MOD/padded",477,1,20745.371069182391
"DIVCORE/1028/4/17/DIV/add-back",477,1,10469.163522012579
"DIVCORE/1028/4/17/MOD/add-back",477,1,10522.798742138364
"DIVCORE/1028/4/127/DIV/normalized",477,1,20450.471698113208
"DIVCORE/1028/4/127/MOD/normalized",477,1,20381.201257861634
"DIVCORE/1028/4/127/DIV/top-clear",470,1,21218.440425531913
"DIVCORE/1028/4/127/MOD/top-clear",473,1,21179
"DIVCORE/1028/4/127/DIV/top-one",477,1,19972.310272536688
"DIVCORE/1028/4/127/MOD/top-one",477,1,20018.953878406708
"DIVCORE/1028/4/127/DIV/padded",477,1,20552.410901467505
"DIVCORE/1028/4/127/MOD/padded",477,1,20628.232704402515
"DIVCORE/7/8/17/DIV/normalized",16129,1,5.7247194494388989
"DIVCORE/7/8/17/MOD/normalized",16129,1,5.3320106640213281
"DIVCORE/7/8/17/DIV/top-clear",16129,1,5.3423646847293691
"DIVCORE/7/8/17/MOD/top-clear",16129,1,5.3165106330212657
"DIVCORE/7/8/17/DIV/top-one",16129,1,5.3449686899373798
"DIVCORE/7/8/17/MOD/top-one",16129,1,5.7686155372310743
"DIVCORE/7/8/17/DIV/padded",16129,1,5.3423646847293691
"DIVCORE/7/8/17/MOD/padded",16129,1,5.3190526381052763
"DIVCORE/7/8/127/DIV/normalized",16129,1,5.3320106640213281
"DIVCORE/7/8/127/MOD/normalized",16129,1,5.313968627937256
"DIVCORE/7/8/127/DIV/top-clear",16129,1,5.3320106640213281
"DIVCORE/7/8/127/MOD/top-clear",16129,1,5.3294066588133173
"DIVCORE/7/8/127/DIV/top-one",16129,1,5.3397606795213592
"DIVCORE/7/8/127/MOD/top-one",16129,1,6.4687209374418746
"DIVCORE/7/8/127/DIV/padded",16129,1,5.3397606795213592
"DIVCORE/7/8/127/MOD/padded",16129,1,5.3165106330212657
"DIVCORE/8/8/17/DIV/normalized",15625,1,19.221375999999999
"DIVCORE/8/8/17/MOD/normalized",15625,1,13.640000000000001
"DIVCORE/8/8/17/DIV/top-clear",15625,1,32.333376000000001
"DIVCORE/8/8/17/MOD/top-clear",15625,1,32.874623999999997
"DIVCORE/8/8/17/DIV/top-one",15625,1,34.730623999999999
"DIVCORE/8/8/17/MOD/top-one",15625,1,35.722687999999998
"DIVCORE/8/8/17/DIV/padded",15625,1,19.210688000000001
"DIVCORE/8/8/17/MOD/padded",15625,1,13.637376
"DIVCORE/8/8/127/DIV/normalized",15625,1,19.226687999999999
"DIVCORE/8/8/127/MOD/normalized",15625,1,13.634624000000001
"DIVCORE/8/8/127/DIV/top-clear",15625,1,32.085312000000002
"DIVCORE/8/8/127/MOD/top-clear",15625,1,32.877375999999998
"DIVCORE/8/8/127/DIV/top-one",15625,1,33.925311999999998
"DIVCORE/8/8/127/MOD/top-one",15625,1,34.221375999999999
"DIVCORE/8/8/127/DIV/padded",15625,1,19.207999999999998
"DIVCORE/8/8/127/MOD/padded",15625,1,13.634624000000001
"DIVCORE/9/8/17/DIV/normalized",15151,1,30.944096099267377
"DIVCORE/9/8/17/MOD/normalized",15151,1,28.268233119926077
"DIVCORE/9/8/17/DIV/top-clear",15151,1,55.59039007326249
"DIVCORE/9/8/17/MOD/top-clear",15151,1,57.658438386905154
"DIVCORE/9/8/17/DIV/top-one",15151,1,57.116691967526897
"DIVCORE/9/8/17/MOD/top-one",15151,1,58.741997227905749
"DIVCORE/9/8/17/DIV/padded",15151,1,31.686555342881658
"DIVCORE/9/8/17/MOD/padded",15151,1,28.391987327569137
"DIVCORE/9/8/17/DIV/add-back",15151,1,34.246914395089433
"DIVCORE/9/8/17/MOD/add-back",15151,1,30.94132400501617
"DIVCORE/9/8/127/DIV/normalized",15151,1,30.666292653950233
"DIVCORE/9/8/127/MOD/normalized",15151,1,28.265461025674874
"DIVCORE/9/8/127/DIV/top-clear",15151,1,57.141442809055505
"DIVCORE/9/8/127/MOD/top-clear",15151,1,58.653950234307963
"DIVCORE/9/8/127/DIV/top-one",15151,1,55.689393439376936
"DIVCORE/9/8/127/MOD/top-one",15151,1,58.178272061250084
"DIVCORE/9/8/127/DIV/padded",15151,1,31.683783248630455
"DIVCORE/9/8/127/MOD/padded",15151,1,28.394693419576267
"DIVCORE/16/8/17/DIV/normalized",12500,1,186.36663999999999
"DIVCORE/16/8/17/MOD/normalized",12500,1,184.18672000000001
"DIVCORE/16/8/17/DIV/top-clear",12500,1,221.06
"DIVCORE/16/8/17/MOD/top-clear",12500,1,222.41999999999999
"DIVCORE/16/8/17/DIV/top-one",12500,1,214.93664000000001
"DIVCORE/16/8/17/MOD/top-one",12500,1,216.46335999999999
"DIVCORE/16/8/17/DIV/padded",12500,1,190.91999999999999
"DIVCORE/16/8/17/MOD/padded",12500,1,186.84
"DIVCORE/16/8/17/DIV/add-back",12500,1,160.59335999999999
"DIVCORE/16/8/17/MOD/add-back",12500,1,156.71000000000001
"DIVCORE/16/8/127/DIV/normalized",12500,1,187.34
"DIVCORE/16/8/127/MOD/normalized",12500,1,182.12
"DIVCORE/16/8/127/DIV/top-clear",12500,1,221.27000000000001
"DIVCORE/16/8/127/MOD/top-clear",12500,1,223.63336000000001
"DIVCORE/16/8/127/DIV/top-one",12500,1,214.29671999999999
"DIVCORE/16/8/127/MOD/top-one",12500,1,216.34335999999999
"DIVCORE/16/8/127/DIV/padded",12500,1,188.56335999999999
"DIVCORE/16/8/127/MOD/padded",12500,1,185.17328000000001
"DIVCORE/32/8/17/DIV/normalized",8928,1,549.85719086021504
"DIVCORE/32/8/17/MOD/normalized",8928,1,548.84912634408602
"DIVCORE/32/8/17/DIV/top-clear",8928,1,599.41565860215053
"DIVCORE/32/8/17/MOD/top-clear",8928,1,600.04569892473114
"DIVCORE/32/8/17/DIV/top-one",8928,1,595.40681003584234
"DIVCORE/32/8/17/MOD/top-one",8928,1,598.32370071684591
"DIVCORE/32/8/17/DIV/padded",8928,1,565.69220430107532
"DIVCORE/32/8/17/MOD/padded",8928,1,557.14224910394262
"DIVCORE/32/8/17/DIV/add-back",8928,1,436.68324372759855
"DIVCORE/32/8/17/MOD/add-back",8928,1,430.23353494623655
"DIVCORE/32/8/127/DIV/normalized",8928,1,561.85595878136201
"DIVCORE/32/8/127/MOD/normalized",8928,1,558.53774641577058
"DIVCORE/32/8/127/DIV/top-clear",8928,1,605.59946236559142
"DIVCORE/32/8/127/MOD/top-clear",8928,1,605.36144713261649
"DIVCORE/32/8/127/DIV/top-one",8928,1,597.37623207885304
"DIVCORE/32/8/127/MOD/top-one",8928,1,599.63496863799287
"DIVCORE/32/8/127/DIV/padded",8928,1,574.25145609318997
"DIVCORE/32/8/127/MOD/padded",8928,1,572.86536738351253
"DIVCORE/40/8/17/DIV/normalized",7812,1,752.04288274449561
"DIVCORE/40/8/17/MOD/normalized",7812,1,750.41065028161802
"DIVCORE/40/8/17/DIV/top-clear",7812,1,784.39695340501794
"DIVCORE/40/8/17/MOD/top-clear",7812,1,786.15706605222738
"DIVCORE/40/8/17/DIV/top-one",7812,1,773.86290322580646
"DIVCORE/40/8/17/MOD/top-one",7812,1,773.37749615975417
"DIVCORE/40/8/17/DIV/padded",7812,1,747.22644649257552
"DIVCORE/40/8/17/MOD/padded",7812,1,742.14874551971332
"DIVCORE/40/8/17/DIV/add-back",7812,1,572.6500256016385
"DIVCORE/40/8/17/MOD/add-back",7812,1,566.82027649769589
"DIVCORE/40/8/127/DIV/normalized",7812,1,739.41794674859193
"DIVCORE/40/8/127/MOD/normalized",7812,1,734.58563748079882
"DIVCORE/40/8/127/DIV/top-clear",7812,1,800.48847926267285
"DIVCORE/40/8/127/MOD/top-clear",7812,1,800.17921146953404
"DIVCORE/40/8/127/DIV/top-one",7812,1,766.21428571428567
"DIVCORE/40/8/127/MOD/top-one",7812,1,767.43586789554536
"DIVCORE/40/8/127/DIV/padded",7812,1,753.69623655913983
"DIVCORE/40/8/127/MOD/padded",7812,1,748.94918074756788
"DIVCORE/1032/8/17/DIV/normalized",473,1,25330.338266384777
"DIVCORE/1032/8/17/MOD/normalized",397,1,25155.120906801007
"DIVCORE/1032/8/17/DIV/top-clear",473,1,26991.365750528541
"DIVCORE/1032/8/17/MOD/top-clear",473,1,26950.581395348836
"DIVCORE/1032/8/17/DIV/top-one",370,1,26966.216216216217
"DIVCORE/1032/8/17/MOD/top-one",473,1,26955.866807610993
"DIVCORE/1032/8/17/DIV/padded",389,1,25804.732647814912
"DIVCORE/1032/8/17/MOD/padded",389,1,25735.21850899743
"DIVCORE/1032/8/17/DIV/add-back",473,1,17573.81818181818
"DIVCORE/1032/8/17/MOD/add-back",473,1,17566.507399577167
"DIVCORE/1032/8/127/DIV/normalized",385,1,25974.675324675325
"DIVCORE/1032/8/127/MOD/normalized",473,1,25912.437632135305
"DIVCORE/1032/8/127/DIV/top-clear",365,1,27213.813698630136
"DIVCORE/1032/8/127/MOD/top-clear",366,1,27107.128415300547
"DIVCORE/1032/8/127/DIV/top-one",375,1,26801.887999999999
"DIVCORE/1032/8/127/MOD/top-one",376,1,26785.683510638297
"DIVCORE/1032/8/127/DIV/padded",473,1,26420.718816067652
"DIVCORE/1032/8/127/MOD/padded",381,1,26325.131233595799
"DIVCORE/15/16/17/DIV/normalized",10638,1,5.9809174656890391
"DIVCORE/15/16/17/MOD/normalized",10638,1,5.3737544651250237
"DIVCORE/15/16/17/DIV/top-clear",10638,1,5.3659522466629062
"DIVCORE/15/16/17/MOD/top-clear",10638,1,5.3424515886444821
"DIVCORE/15/16/17/DIV/top-one",10638,1,5.3620981387478848
"DIVCORE/15/16/17/MOD/top-one",10638,1,5.3699003572100015
"DIVCORE/15/16/17/DIV/padded",10638,1,5.3581500282007894
"DIVCORE/15/16/17/MOD/padded",10638,1,6.0123143448016547
"DIVCORE/15/16/127/DIV/normalized",10638,1,5.3346493701823654
"DIVCORE/15/16/127/MOD/normalized",10638,1,5.3738484677570968
"DIVCORE/15/16/127/DIV/top-clear",10638,1,5.3463996991915774
"DIVCORE/15/16/127/MOD/top-clear",10638,1,5.3660462492949801
"DIVCORE/15/16/127/DIV/top-one",10638,1,5.3267531490881748
"DIVCORE/15/16/127/MOD/top-one",10638,1,5.3542019176536941
"DIVCORE/15/16/127/DIV/padded",10638,1,5.3503478097386727
"DIVCORE/15/16/127/MOD/padded",10638,1,5.3581500282007894
"DIVCORE/16/16/17/DIV/normalized",10416,1,16.461117511520737
"DIVCORE/16/16/17/MOD/normalized",10416,1,13.6448732718894
"DIVCORE/16/16/17/DIV/top-clear",10416,1,47.459101382488477
"DIVCORE/16/16/17/MOD/top-clear",10416,1,53.339381720430104
"DIVCORE/16/16/17/DIV/top-one",10416,1,49.967165898617509
"DIVCORE/16/16/17/MOD/top-one",10416,1,55.683563748079877
"DIVCORE/16/16/17/DIV/padded",10416,1,16.453052995391705
"DIVCORE/16/16/17/MOD/padded",10416,1,13.6448732718894
"DIVCORE/16/16/127/DIV/normalized",10416,1,34.106182795698928
"DIVCORE/16/16/127/MOD/normalized",10416,1,32.306067588325654
"DIVCORE/16/16/127/DIV/top-clear",10416,1,47.61904761904762
"DIVCORE/16/16/127/MOD/top-clear",10416,1,53.37941628264209
"DIVCORE/16/16/127/DIV/top-one",10416,1,50.295218894009217
"DIVCORE/16/16/127/MOD/top-one",10416,1,55.591493855606757
"DIVCORE/16/16/127/DIV/padded",10416,1,34.078245007680493
"DIVCORE/16/16/127/MOD/padded",10416,1,32.574116743471585
"DIVCORE/17/16/17/DIV/normalized",10204,1,67.939043512348093
"DIVCORE/17/16/17/MOD/normalized",10204,1,65.125637005096038
"DIVCORE/17/16/17/DIV/top-clear",10204,1,82.9780478243826
"DIVCORE/17/16/17/MOD/top-clear",10204,1,87.869952959623674
"DIVCORE/17/16/17/DIV/top-one",10204,1,83.668169345354769
"DIVCORE/17/16/17/MOD/top-one",10204,1,89.049980399843193
"DIVCORE/17/16/17/DIV/padded",10204,1,67.538906311250486
"DIVCORE/17/16/17/MOD/padded",10204,1,65.521658173265379
"DIVCORE/17/16/17/DIV/add-back",10204,1,49.225009800078404
"DIVCORE/17/16/17/MOD/add-back",10204,1,45.578596628773028
"DIVCORE/17/16/127/DIV/normalized",10204,1,68.641317130537047
"DIVCORE/17/16/127/MOD/normalized",10204,1,66.399549196393565
"DIVCORE/17/16/127/DIV/top-clear",10204,1,84.047922383379074
"DIVCORE/17/16/127/MOD/top-clear",10204,1,88.592708741669938
"DIVCORE/17/16/127/DIV/top-one",10204,1,85.076930615444923
"DIVCORE/17/16/127/MOD/top-one",10204,1,89.478831830654642
"DIVCORE/17/16/127/DIV/padded",10204,1,67.775676205409638
"DIVCORE/17/16/127/MOD/padded",10204,1,66.20776166209329
"DIVCORE/32/16/17/DIV/normalized",7812,1,546.77099334357399
"DIVCORE/32/16/17/MOD/normalized",7812,1,541.92805939580137
"DIVCORE/32/16/17/DIV/top-clear",7812,1,585.66948284690216
"DIVCORE/32/16/17/MOD/top-clear",7812,1,589.71236559139788
"DIVCORE/32/16/17/DIV/top-one",7812,1,596.90757808499745
"DIVCORE/32/16/17/MOD/top-one",7812,1,603.76126472094211
"DIVCORE/32/16/17/DIV/padded",7812,1,553.11277521761394
"DIVCORE/32/16/17/MOD/padded",7812,1,550.39260112647207
"DIVCORE/32/16/17/DIV/add-back",7812,1,527.06835637480799
"DIVCORE/32/16/17/MOD/add-back",7812,1,525.69764464925754
"DIVCORE/32/16/127/DIV/normalized",7812,1,561.52931387608805
"DIVCORE/32/16/127/MOD/normalized",7812,1,560.20122887864818
"DIVCORE/32/16/127/DIV/top-clear",7812,1,588.976318484383
"DIVCORE/32/16/127/MOD/top-clear",7812,1,593.61661546338962
"DIVCORE/32/16/127/DIV/top-one",7812,1,584.97619047619048
"DIVCORE/32/16/127/MOD/top-one",7812,1,590.65104966717865
"DIVCORE/32/16/127/DIV/padded",7812,1,571.9086021505376
"DIVCORE/32/16/127/MOD/padded",7812,1,570.02585765488993
"DIVCORE/48/16/17/DIV/normalized",6250,1,1066.7065600000001
"DIVCORE/48/16/17/MOD/normalized",6250,1,1044.1400000000001
"DIVCORE/48/16/17/DIV/top-clear",6250,1,1142.04
"DIVCORE/48/16/17/MOD/top-clear",6250,1,1136.54
"DIVCORE/48/16/17/DIV/top-one",6250,1,1163.6865600000001
"DIVCORE/48/16/17/MOD/top-one",6250,1,1154.0334399999999
"DIVCORE/48/16/17/DIV/padded",6250,1,1076.26
"DIVCORE/48/16/17/MOD/padded",6250,1,1066.0934400000001
"DIVCORE/48/16/17/DIV/add-back",6250,1,1055.96
"DIVCORE/48/16/17/MOD/add-back",6250,1,1035.28
"DIVCORE/48/16/127/DIV/normalized",6250,1,1134.9000000000001
"DIVCORE/48/16/127/MOD/normalized",6250,1,1119.9732799999999
"DIVCORE/48/16/127/DIV/top-clear",6250,1,1146.0267200000001
"DIVCORE/48/16/127/MOD/top-clear",6250,1,1139.40672
"DIVCORE/48/16/127/DIV/top-one",6250,1,1143.1065599999999
"DIVCORE/48/16/127/MOD/top-one",6250,1,1137.52656
"DIVCORE/48/16/127/DIV/padded",6250,1,1155.0134399999999
"DIVCORE/48/16/127/MOD/padded",6250,1,1140.7
"DIVCORE/64/16/17/DIV/normalized",5208,1,1614.935291858679
"DIVCORE/64/16/17/MOD/normalized",5208,1,1587.2296466973887
"DIVCORE/64/16/17/DIV/top-clear",5208,1,1748.2160138248848
"DIVCORE/64/16/17/MOD/top-clear",5208,1,1726.3665514592933
"DIVCORE/64/16/17/DIV/top-one",5208,1,1774.8335253456221
"DIVCORE/64/16/17/MOD/top-one",5208,1,1704.8531105990783
"DIVCORE/64/16/17/DIV/padded",5208,1,1636.6568740399387
"DIVCORE/64/16/17/MOD/padded",5208,1,1609.4391321044548
"DIVCORE/64/16/17/DIV/add-back",5208,1,1569.1004224270353
"DIVCORE/64/16/17/MOD/add-back",5208,1,1550.5072964669739
"DIVCORE/64/16/127/DIV/normalized",5208,1,1667.2346390168971
"DIVCORE/64/16/127/MOD/normalized",5208,1,1639.9769585253457
"DIVCORE/64/16/127/DIV/top-clear",5208,1,1718.1019585253457
"DIVCORE/64/16/127/MOD/top-clear",5208,1,1706.0933179723502
"DIVCORE/64/16/127/DIV/top-one",5208,1,1688.1801075268818
"DIVCORE/64/16/127/MOD/top-one",5208,1,1678.6593701996928
"DIVCORE/64/16/127/DIV/padded",5208,1,1694.468509984639
"DIVCORE/64/16/127/MOD/padded",5208,1,1671.0349462365591
"DIVCORE/1040/16/17/DIV/normalized",292,1,34400.397260273974
"DIVCORE/1040/16/17/MOD/normalized",293,1,34189.276450511948
"DIVCORE/1040/16/17/DIV/top-clear",272,1,36833.330882352944
"DIVCORE/1040/16/17/MOD/top-clear",272,1,36829.044117647056
"DIVCORE/1040/16/17/DIV/top-one",466,1,39166.396995708157
"DIVCORE/1040/16/17/MOD/top-one",466,1,39042.113733905579
"DIVCORE/1040/16/17/DIV/padded",288,1,34787.038194444445
"DIVCORE/1040/16/17/MOD/padded",289,1,34698.529411764706
"DIVCORE/1040/16/17/DIV/add-back",308,1,32515.016233766233
"DIVCORE/1040/16/17/MOD/add-back",309,1,32533.576051779935
"DIVCORE/1040/16/127/DIV/normalized",262,1,38170.641221374048
"DIVCORE/1040/16/127/MOD/normalized",466,1,38211.909871244636
"DIVCORE/1040/16/127/DIV/top-clear",466,1,39496.959227467814
"DIVCORE/1040/16/127/MOD/top-clear",254,1,39563.322834645667
"DIVCORE/1040/16/127/DIV/top-one",466,1,39320.1008583691
"DIVCORE/1040/16/127/MOD/top-one",256,1,39265.94921875
"DIVCORE/1040/16/127/DIV/padded",260,1,38630.769230769234
"DIVCORE/1040/16/127/MOD/padded",260,1,38667.626923076925
"DIVCORE/31/32/17/DIV/normalized",6329,1,6.5373676726181067
"DIVCORE/31/32/17/MOD/normalized",6329,1,5.7276030968557432
"DIVCORE/31/32/17/DIV/top-clear",6329,1,5.3918470532469582
"DIVCORE/31/32/17/MOD/top-clear",6329,1,5.4642123558224052
"DIVCORE/31/32/17/DIV/top-one",6329,1,5.3720966977405595
"DIVCORE/31/32/17/MOD/top-one",6329,1,5.4313477642597565
"DIVCORE/31/32/17/DIV/padded",6329,1,5.4049612893032073
"DIVCORE/31/32/17/MOD/padded",6329,1,5.4313477642597565
"DIVCORE/31/32/127/DIV/normalized",6329,1,5.3656185811344601
"DIVCORE/31/32/127/MOD/normalized",6329,1,5.4182335282035075
"DIVCORE/31/32/127/DIV/top-clear",6329,1,5.3720966977405595
"DIVCORE/31/32/127/MOD/top-clear",6329,1,5.4115974087533578
"DIVCORE/31/32/127/DIV/top-one",6329,1,5.3588244588402594
"DIVCORE/31/32/127/MOD/top-one",6329,1,5.3918470532469582
"DIVCORE/31/32/127/DIV/padded",6329,1,5.3589824616843105
"DIVCORE/31/32/127/MOD/padded",6329,1,5.4313477642597565
"DIVCORE/32/32/17/DIV/normalized",6250,1,56.253279999999997
"DIVCORE/32/32/17/MOD/normalized",6250,1,53.08672
"DIVCORE/32/32/17/DIV/top-clear",6250,1,84.293279999999996
"DIVCORE/32/32/17/MOD/top-clear",6250,1,93.286559999999994
"DIVCORE/32/32/17/DIV/top-one",6250,1,86.439999999999998
"DIVCORE/32/32/17/MOD/top-one",6250,1,94.480000000000004
"DIVCORE/32/32/17/DIV/padded",6250,1,56.91328
"DIVCORE/32/32/17/MOD/padded",6250,1,52.966720000000002
"DIVCORE/32/32/127/DIV/normalized",6250,1,56.173279999999998
"DIVCORE/32/32/127/MOD/normalized",6250,1,53.173279999999998
"DIVCORE/32/32/127/DIV/top-clear",6250,1,84.760000000000005
"DIVCORE/32/32/127/MOD/top-clear",6250,1,93.799999999999997
"DIVCORE/32/32/127/DIV/top-one",6250,1,88.133279999999999
"DIVCORE/32/32/127/MOD/top-one",6250,1,96.200000000000003
"DIVCORE/32/32/127/DIV/padded",6250,1,55.5
"DIVCORE/32/32/127/MOD/padded",6250,1,52.753439999999998
"DIVCORE/33/32/17/DIV/normalized",6172,1,61.676441996111471
"DIVCORE/33/32/17/MOD/normalized",6172,1,57.592190537913154
"DIVCORE/33/32/17/DIV/top-clear",6172,1,138.73136746597538
"DIVCORE/33/32/17/MOD/top-clear",6172,1,147.2645819831497
"DIVCORE/33/32/17/DIV/top-one",6172,1,140.02090084251458
"DIVCORE/33/32/17/MOD/top-one",6172,1,148.39193130265716
"DIVCORE/33/32/17/DIV/padded",6172,1,60.096565132858068
"DIVCORE/33/32/17/MOD/padded",6172,1,58.523655217109528
"DIVCORE/33/32/17/DIV/add-back",6172,1,82.833765392093326
"DIVCORE/33/32/17/MOD/add-back",6172,1,78.465975372650675
"DIVCORE/33/32/127/DIV/normalized",6172,1,109.45933246921581
"DIVCORE/33/32/127/MOD/normalized",6172,1,105.92190537913156
"DIVCORE/33/32/127/DIV/top-clear",6172,1,139.60904082955281
"DIVCORE/33/32/127/MOD/top-clear",6172,1,147.500810110175
"DIVCORE/33/32/127/DIV/top-one",6172,1,139.46710952689565
"DIVCORE/33/32/127/MOD/top-one",6172,1,148.81723914452365
"DIVCORE/33/32/127/DIV/padded",6172,1,110.84332469215813
"DIVCORE/33/32/127/MOD/padded",6172,1,106.19199611147116
"DIVCORE/64/32/17/DIV/normalized",4464,1,1815.7576164874552
"DIVCORE/64/32/17/MOD/normalized",4464,1,1789.3799283154121
"DIVCORE/64/32/17/DIV/top-clear",4464,1,1903.8978494623657
"DIVCORE/64/32/17/MOD/top-clear",4464,1,1897.214829749104
"DIVCORE/64/32/17/DIV/top-one",4464,1,1858.7589605734768
"DIVCORE/64/32/17/MOD/top-one",4464,1,1854.3720878136201
"DIVCORE/64/32/17/DIV/padded",4464,1,1834.7242383512544
"DIVCORE/64/32/17/MOD/padded",4464,1,1808.4491487455198
"DIVCORE/64/32/17/DIV/add-back",4464,1,2104.0546594982079
"DIVCORE/64/32/17/MOD/add-back",4464,1,2077.5555555555557
"DIVCORE/64/32/127/DIV/normalized",4464,1,1812.2105734767026
"DIVCORE/64/32/127/MOD/normalized",4464,1,1792.7679211469533
"DIVCORE/64/32/127/DIV/top-clear",4464,1,1880.8523745519713
"DIVCORE/64/32/127/MOD/top-clear",4464,1,1884.1377688172042
"DIVCORE/64/32/127/DIV/top-one",4464,1,1852.3279569892472
"DIVCORE/64/32/127/MOD/top-one",4464,1,1849.3877688172042
"DIVCORE/64/32/127/DIV/padded",4464,1,1834.1267921146953
"DIVCORE/64/32/127/MOD/padded",4464,1,1799.5257616487456
"DIVCORE/128/32/17/DIV/normalized",1830,1,5438.2284153005467
"DIVCORE/128/32/17/MOD/normalized",1829,1,5440.7916894477858
"DIVCORE/128/32/17/DIV/top-clear",2840,1,5675.9387323943665
"DIVCORE/128/32/17/MOD/top-clear",1761,1,5675.9892106757525
"DIVCORE/128/32/17/DIV/top-one",1894,1,5293.8009503695885
"DIVCORE/128/32/17/MOD/top-one",1888,1,5288.3342161016953
"DIVCORE/128/32/17/DIV/padded",2840,1,5500.6750000000002
"DIVCORE/128/32/17/MOD/padded",1814,1,5480.8434399117968
"DIVCORE/128/32/17/DIV/add-back",1608,1,6224.6834577114432
"DIVCORE/128/32/17/MOD/add-back",1610,1,6224.5602484472047
"DIVCORE/128/32/127/DIV/normalized",2840,1,5366.7105633802821
"DIVCORE/128/32/127/MOD/normalized",1879,1,5337.125598722725
"DIVCORE/128/32/127/DIV/top-clear",1791,1,5580.4718034617536
"DIVCORE/128/32/127/MOD/top-clear",2840,1,5595.0848591549293
"DIVCORE/128/32/127/DIV/top-one",1815,1,6209.1140495867767
"DIVCORE/128/32/127/MOD/top-one",2840,1,5744.9239436619719
"DIVCORE/128/32/127/DIV/padded",2840,1,5480.2228873239437
"DIVCORE/128/32/127/MOD/padded",2840,1,5350.0880281690143
"DIVCORE/1056/32/17/DIV/normalized",165,1,61024.242424242424
"DIVCORE/1056/32/17/MOD/normalized",165,1,61547.727272727272
"DIVCORE/1056/32/17/DIV/top-clear",165,1,61404.290909090909
"DIVCORE/1056/32/17/MOD/top-clear",165,1,61512.121212121216
"DIVCORE/1056/32/17/DIV/top-one",358,1,55711.824022346365
"DIVCORE/1056/32/17/MOD/top-one",180,1,55698.144444444442
"DIVCORE/1056/32/17/DIV/padded",163,1,61453.47852760736
"DIVCORE/1056/32/17/MOD/padded",163,1,61520.196319018403
"DIVCORE/1056/32/17/DIV/add-back",152,1,66350.328947368427
"DIVCORE/1056/32/17/MOD/add-back",304,1,65838.539473684214
"DIVCORE/1056/32/127/DIV/normalized",176,1,57007.57386363636
"DIVCORE/1056/32/127/MOD/normalized",350,1,57067.739999999998
"DIVCORE/1056/32/127/DIV/top-clear",164,1,61359.25
"DIVCORE/1056/32/127/MOD/top-clear",163,1,61338.447852760735
"DIVCORE/1056/32/127/DIV/top-one",162,1,61875
"DIVCORE/1056/32/127/MOD/top-one",324,1,61855.709876543209
"DIVCORE/1056/32/127/DIV/padded",174,1,57495.212643678162
"DIVCORE/1056/32/127/MOD/padded",174,1,57577.34482758621
"DIVCORE/63/64/17/DIV/normalized",3496,1,5.5657894736842106
"DIVCORE/63/64/17/MOD/normalized",3496,1,5.3395308924485123
"DIVCORE/63/64/17/DIV/top-clear",3496,1,5.4347826086956523
"DIVCORE/63/64/17/MOD/top-clear",3496,1,5.3632723112128149
"DIVCORE/63/64/17/DIV/top-one",3496,1,5.3990274599542332
"DIVCORE/63/64/17/MOD/top-one",3496,1,5.4107551487414192
"DIVCORE/63/64/17/DIV/padded",3496,1,5.6255720823798629
"DIVCORE/63/64/17/MOD/padded",3496,1,5.5183066361556063
"DIVCORE/63/64/127/DIV/normalized",3496,1,5.3990274599542332
"DIVCORE/63/64/127/MOD/normalized",3496,1,5.303775743707094
"DIVCORE/63/64/127/DIV/top-clear",3496,1,5.3512585812356983
"DIVCORE/63/64/127/MOD/top-clear",3496,1,5.3872997711670481
"DIVCORE/63/64/127/DIV/top-one",3496,1,5.6252860411899315
"DIVCORE/63/64/127/MOD/top-one",3496,1,5.3632723112128149
"DIVCORE/63/64/127/DIV/padded",3496,1,5.3515446224256289
"DIVCORE/63/64/127/MOD/padded",3496,1,5.4110411899313497
"DIVCORE/64/64/17/DIV/normalized",3472,1,19.033122119815669
"DIVCORE/64/64/17/MOD/normalized",3472,1,13.680875576036867
"DIVCORE/64/64/17/DIV/top-clear",3472,1,157.07805299539172
"DIVCORE/64/64/17/MOD/top-clear",3472,1,179.72350230414747
"DIVCORE/64/64/17/DIV/top-one",3472,1,157.96630184331798
"DIVCORE/64/64/17/MOD/top-one",3472,1,182.7116935483871
"DIVCORE/64/64/17/DIV/padded",3472,1,19.081221198156683
"DIVCORE/64/64/17/MOD/padded",3472,1,13.704781105990783
"DIVCORE/64/64/127/DIV/normalized",3472,1,95.790034562211986
"DIVCORE/64/64/127/MOD/normalized",3472,1,92.826036866359445
"DIVCORE/64/64/127/DIV/top-clear",3472,1,156.46601382488478
"DIVCORE/64/64/127/MOD/top-clear",3472,1,179.6875
"DIVCORE/64/64/127/DIV/top-one",3472,1,160.78629032258064
"DIVCORE/64/64/127/MOD/top-one",3472,1,192.85224654377879
"DIVCORE/64/64/127/DIV/padded",3472,1,95.658122119815673
"DIVCORE/64/64/127/MOD/padded",3472,1,92.898041474654377
"DIVCORE/65/64/17/DIV/normalized",3448,1,189.78393271461718
"DIVCORE/65/64/17/MOD/normalized",3448,1,185.33671693735499
"DIVCORE/65/64/17/DIV/top-clear",3448,1,252.71896751740138
"DIVCORE/65/64/17/MOD/top-clear",3448,1,275.05075406032483
"DIVCORE/65/64/17/DIV/top-one",3448,1,254.10875870069606
"DIVCORE/65/64/17/MOD/top-one",3448,1,275.92082366589329
"DIVCORE/65/64/17/DIV/padded",3448,1,192.78103248259862
"DIVCORE/65/64/17/MOD/padded",3448,1,186.55742459396751
"DIVCORE/65/64/17/DIV/add-back",3448,1,153.73636890951275
"DIVCORE/65/64/17/MOD/add-back",3448,1,148.00841067285384
"DIVCORE/65/64/127/DIV/normalized",3448,1,188.80510440835266
"DIVCORE/65/64/127/MOD/normalized",3448,1,184.40632250580046
"DIVCORE/65/64/127/DIV/top-clear",3448,1,252.8399071925754
"DIVCORE/65/64/127/MOD/top-clear",3448,1,277.26218097447799
"DIVCORE/65/64/127/DIV/top-one",3448,1,254.62819025522043
"DIVCORE/65/64/127/MOD/top-one",3448,1,277.56438515081209
"DIVCORE/65/64/127/DIV/padded",3448,1,191.85034802784222
"DIVCORE/65/64/127/MOD/padded",3448,1,185.59048723897911
"DIVCORE/96/64/17/DIV/normalized",2840,1,3116.0211267605632
"DIVCORE/96/64/17/MOD/normalized",2840,1,3069.8355633802817
"DIVCORE/96/64/17/DIV/top-clear",2840,1,3338.7031690140843
"DIVCORE/96/64/17/MOD/top-clear",2840,1,3368.6911971830987
"DIVCORE/96/64/17/DIV/top-one",2840,1,3264.3633802816903
"DIVCORE/96/64/17/MOD/top-one",2840,1,3269.6887323943661
"DIVCORE/96/64/17/DIV/padded",2840,1,3121.0535211267606
"DIVCORE/96/64/17/MOD/padded",2840,1,3091.21161971831
"DIVCORE/96/64/17/DIV/add-back",2840,1,4322.1390845070418
"DIVCORE/96/64/17/MOD/add-back",2330,1,4291.8454935622321
"DIVCORE/96/64/127/DIV/normalized",2840,1,3106.7929577464788
"DIVCORE/96/64/127/MOD/normalized",2840,1,3069.7330985915492
"DIVCORE/96/64/127/DIV/top-clear",2840,1,3243.1926056338029
"DIVCORE/96/64/127/MOD/top-clear",2840,1,3259.3894366197183
"DIVCORE/96/64/127/DIV/top-one",2840,1,3293.0017605633802
"DIVCORE/96/64/127/MOD/top-one",2840,1,3300.8802816901407
"DIVCORE/96/64/127/DIV/padded",2840,1,3116.079929577465
"DIVCORE/96/64/127/MOD/padded",2840,1,3092.6644366197183
"DIVCORE/128/64/17/DIV/normalized",1587,1,6294.7385003150603
"DIVCORE/128/64/17/MOD/normalized",1597,1,6270.7163431433937
"DIVCORE/128/64/17/DIV/top-clear",1592,1,6323.1783919597992
"DIVCORE/128/64/17/MOD/top-clear",1593,1,6286.8543628374136
"DIVCORE/128/64/17/DIV/top-one",1555,1,6448.0167202572347
"DIVCORE/128/64/17/MOD/top-one",1553,1,6447.3599484868
"DIVCORE/128/64/17/DIV/padded",1584,1,6320.8914141414143
"DIVCORE/128/64/17/MOD/padded",2403,1,6298.6541822721601
"DIVCORE/128/64/17/DIV/add-back",1165,1,8595.3150214592279
"DIVCORE/128/64/17/MOD/add-back",2334,1,8562.7502142245066
"DIVCORE/128/64/127/DIV/normalized",2403,1,6252.2713275072829
"DIVCORE/128/64/127/MOD/normalized",2403,1,6219.378277153558
"DIVCORE/128/64/127/DIV/top-clear",1541,1,6503.9480856586633
"DIVCORE/128/64/127/MOD/top-clear",1535,1,6507.4377850162864
"DIVCORE/128/64/127/DIV/top-one",1553,1,6464.8525434642625
"DIVCORE/128/64/127/MOD/top-one",1548,1,6470.6343669250646
"DIVCORE/128/64/127/DIV/padded",1597,1,6269.202254226675
"DIVCORE/128/64/127/MOD/padded",1603,1,6265.1016843418593
"DIVCORE/256/64/17/DIV/normalized",1024,1,19163.7783203125
"DIVCORE/256/64/17/MOD/normalized",1024,1,19131.5107421875
"DIVCORE/256/64/17/DIV/top-clear",1024,1,18634.48046875
"DIVCORE/256/64/17/MOD/top-clear",1024,1,18709.228515625
"DIVCORE/256/64/17/DIV/top-one",1024,1,19403.4423828125
"DIVCORE/256/64/17/MOD/top-one",1024,1,19421.9560546875
"DIVCORE/256/64/17/DIV/padded",1024,1,19227.7421875
"DIVCORE/256/64/17/MOD/padded",1024,1,19246.4189453125
"DIVCORE/256/64/17/DIV/add-back",774,1,25709.625322997417
"DIVCORE/256/64/17/MOD/add-back",391,1,25831.414322250639
"DIVCORE/256/64/127/DIV/normalized",1024,1,19093.220703125
"DIVCORE/256/64/127/MOD/normalized",1024,1,19017.984375
"DIVCORE/256/64/127/DIV/top-clear",1024,1,18959.919921875
"DIVCORE/256/64/127/MOD/top-clear",1024,1,18998.373046875
"DIVCORE/256/64/127/DIV/top-one",1024,1,19197.18359375
"DIVCORE/256/64/127/MOD/top-one",1024,1,19169.3115234375
"DIVCORE/256/64/127/DIV/padded",1024,1,19109.2529296875
"DIVCORE/256/64/127/MOD/padded",1024,1,19124.1865234375
"DIVCORE/1088/64/17/DIV/normalized",128,1,103037.109375
"DIVCORE/1088/64/17/MOD/normalized",128,1,102990.234375
"DIVCORE/1088/64/17/DIV/top-clear",128,1,99056.640625
"DIVCORE/1088/64/17/MOD/top-clear",128,1,98994.7890625
"DIVCORE/1088/64/17/DIV/top-one",128,1,103602.8671875
"DIVCORE/1088/64/17/MOD/top-one",128,1,103673.5
"DIVCORE/1088/64/17/DIV/padded",128,1,103710.2890625
"DIVCORE/1088/64/17/MOD/padded",128,1,103720.0546875
"DIVCORE/1088/64/17/DIV/add-back",128,1,137459.6328125
"DIVCORE/1088/64/17/MOD/add-back",128,1,136903
"DIVCORE/1088/64/127/DIV/normalized",128,1,102224.9296875
"DIVCORE/1088/64/127/MOD/normalized",128,1,102255.859375
"DIVCORE/1088/64/127/DIV/top-clear",128,1,101518.234375
"DIVCORE/1088/64/127/MOD/top-clear",128,1,102802.078125
"DIVCORE/1088/64/127/DIV/top-one",128,1,102403.3203125
"DIVCORE/1088/64/127/MOD/top-one",128,1,101179.0390625
"DIVCORE/1088/64/127/DIV/padded",128,1,102703.453125
"DIVCORE/1088/64/127/MOD/padded",128,1,102739.2578125
"DIVCORE/65536/64/17/DIV/normalized",2,1,6606354
"DIVCORE/65536/64/17/MOD/normalized",2,1,6607229
"DIVCORE/65536/64/17/DIV/top-one",2,1,6627229
"DIVCORE/65536/64/17/MOD/top-one",2,1,6632479
"DIVCORE/65536/64/17/DIV/add-back",2,1,8739958.5
"DIVCORE/65536/64/17/MOD/add-back",2,1,8745750
"DIVCORE/500000/64/17/DIV/normalized",1,1,50469500
"DIVCORE/500000/64/17/MOD/normalized",1,1,50489334
"DIVCORE/500000/64/17/DIV/top-one",1,1,50656416
"DIVCORE/500000/64/17/MOD/top-one",1,1,50606458
"DIVCORE/500000/64/17/DIV/add-back",1,1,66761750
"DIVCORE/500000/64/17/MOD/add-back",1,1,66830125
"DIVCORE/127/128/17/DIV/normalized",1845,1,6.0975609756097562
"DIVCORE/127/128/17/MOD/normalized",1845,1,5.8037940379403796
"DIVCORE/127/128/17/DIV/top-clear",1845,1,5.4200542005420056
"DIVCORE/127/128/17/MOD/top-clear",1845,1,5.6233062330623307
"DIVCORE/127/128/17/DIV/top-one",1845,1,5.3750677506775064
"DIVCORE/127/128/17/MOD/top-one",1845,1,5.3523035230352303
"DIVCORE/127/128/17/DIV/padded",1845,1,5.3972899728997286
"DIVCORE/127/128/17/MOD/padded",1845,1,5.3523035230352303
"DIVCORE/127/128/127/DIV/normalized",1845,1,5.3978319783197835
"DIVCORE/127/128/127/MOD/normalized",1845,1,5.872086720867209
"DIVCORE/127/128/127/DIV/top-clear",1845,1,5.4200542005420056
"DIVCORE/127/128/127/MOD/top-clear",1845,1,5.3750677506775064
"DIVCORE/127/128/127/DIV/top-one",1845,1,5.9620596205962055
"DIVCORE/127/128/127/MOD/top-one",1845,1,5.5105691056910571
"DIVCORE/127/128/127/DIV/padded",1845,1,5.3972899728997286
"DIVCORE/127/128/127/MOD/padded",1845,1,6.075338753387534
"DIVCORE/128/128/17/DIV/normalized",1838,1,26.841131664853101
"DIVCORE/128/128/17/MOD/normalized",1838,1,13.669749727965179
"DIVCORE/128/128/17/DIV/top-clear",1838,1,313.72415669205657
"DIVCORE/128/128/17/MOD/top-clear",1838,1,370.51142546245921
"DIVCORE/128/128/17/DIV/top-one",1838,1,314.44940152339501
"DIVCORE/128/128/17/MOD/top-one",1838,1,370.85146898803049
"DIVCORE/128/128/17/DIV/padded",1838,1,28.336779107725789
"DIVCORE/128/128/17/MOD/padded",1838,1,13.69260065288357
"DIVCORE/128/128/127/DIV/normalized",1838,1,188.81447225244833
"DIVCORE/128/128/127/MOD/normalized",1838,1,181.76496191512513
"DIVCORE/128/128/127/DIV/top-clear",1838,1,313.72415669205657
"DIVCORE/128/128/127/MOD/top-clear",1838,1,371.84929270946679
"DIVCORE/128/128/127/DIV/top-one",1838,1,315.08433079434167
"DIVCORE/128/128/127/MOD/top-one",1838,1,372.93743199129489
"DIVCORE/128/128/127/DIV/padded",1838,1,188.90587595212187
"DIVCORE/128/128/127/MOD/padded",1838,1,182.21817192600653
"DIVCORE/129/128/17/DIV/normalized",1831,1,365.00983069361007
"DIVCORE/129/128/17/MOD/normalized",1831,1,358.27416712179138
"DIVCORE/129/128/17/DIV/top-clear",1831,1,487.27962861824142
"DIVCORE/129/128/17/MOD/top-clear",1831,1,543.05461496450027
"DIVCORE/129/128/17/DIV/top-one",1831,1,486.50573457127251
"DIVCORE/129/128/17/MOD/top-one",1831,1,541.6209721463681
"DIVCORE/129/128/17/DIV/padded",1831,1,365.85199344620423
"DIVCORE/129/128/17/MOD/padded",1831,1,358.86564718732933
"DIVCORE/129/128/17/DIV/add-back",1831,1,313.01201529219009
"DIVCORE/129/128/17/MOD/add-back",1831,1,303.06717640633536
"DIVCORE/129/128/127/DIV/normalized",1831,1,366.8760240305844
"DIVCORE/129/128/127/MOD/normalized",1831,1,358.79737848170396
"DIVCORE/129/128/127/DIV/top-clear",1831,1,485.02621518296013
"DIVCORE/129/128/127/MOD/top-clear",1831,1,552.65811032222825
"DIVCORE/129/128/127/DIV/top-one",1831,1,486.91480065537957
"DIVCORE/129/128/127/MOD/top-one",1831,1,544.92080830147461
"DIVCORE/129/128/127/DIV/padded",1831,1,366.21627525942108
"DIVCORE/129/128/127/MOD/padded",1831,1,359.3435281267067
"DIVCORE/160/128/17/DIV/normalized",1644,1,5814.324817518248
"DIVCORE/160/128/17/MOD/normalized",1644,1,5779.9574209245739
"DIVCORE/160/128/17/DIV/top-clear",1633,1,6139.0845070422538
"DIVCORE/160/128/17/MOD/top-clear",1644,1,6274.0267639902677
"DIVCORE/160/128/17/DIV/top-one",1644,1,6109.9708029197081
"DIVCORE/160/128/17/MOD/top-one",1644,1,6217.1283454987833
"DIVCORE/160/128/17/DIV/padded",1644,1,5867.0164233576643
"DIVCORE/160/128/17/MOD/padded",1644,1,5842.7615571776159
"DIVCORE/160/128/17/DIV/add-back",1114,1,8966.4497307001802
"DIVCORE/160/128/17/MOD/add-back",1121,1,8953.5013380909895
"DIVCORE/160/128/127/DIV/normalized",1644,1,5827.3266423357663
"DIVCORE/160/128/127/MOD/normalized",1644,1,5789.2591240875909
"DIVCORE/160/128/127/DIV/top-clear",1644,1,6053.2487834549875
"DIVCORE/160/128/127/MOD/top-clear",1644,1,6090.2779805352802
"DIVCORE/160/128/127/DIV/top-one",1644,1,6240.1155717761558
"DIVCORE/160/128/127/MOD/top-one",1644,1,6256.9190997566911
"DIVCORE/160/128/127/DIV/padded",1644,1,5837.3880778588809
"DIVCORE/160/128/127/MOD/padded",1644,1,5802.5650851581513
"DIVCORE/256/128/17/DIV/normalized",866,1,23014.096997690533
"DIVCORE/256/128/17/MOD/normalized",870,1,23146.935632183908
"DIVCORE/256/128/17/DIV/top-clear",428,1,23391.16121495327
"DIVCORE/256/128/17/MOD/top-clear",427,1,23411.203747072599
"DIVCORE/256/128/17/DIV/top-one",427,1,23470.337236533956
"DIVCORE/256/128/17/MOD/top-one",848,1,23520.588443396227
"DIVCORE/256/128/17/DIV/padded",435,1,23074.137931034482
"DIVCORE/256/128/17/MOD/padded",868,1,23059.524193548386
"DIVCORE/256/128/17/DIV/add-back",280,1,35681.25
"DIVCORE/256/128/17/MOD/add-back",560,1,35675.892857142855
"DIVCORE/256/128/127/DIV/normalized",866,1,23112.009237875289
"DIVCORE/256/128/127/MOD/normalized",433,1,23063.702078521939
"DIVCORE/256/128/127/DIV/top-clear",854,1,23350.361826697892
"DIVCORE/256/128/127/MOD/top-clear",430,1,23449.320930232559
"DIVCORE/256/128/127/DIV/top-one",836,1,23882.974880382775
"DIVCORE/256/128/127/MOD/top-one",418,1,23954.344497607657
"DIVCORE/256/128/127/DIV/padded",432,1,23135.513888888891
"DIVCORE/256/128/127/MOD/padded",433,1,23156.371824480371
"DIVCORE/512/128/17/DIV/normalized",145,1,69106.324137931035
"DIVCORE/512/128/17/MOD/normalized",145,1,69430.172413793101
"DIVCORE/512/128/17/DIV/top-clear",288,1,69556.423611111109
"DIVCORE/512/128/17/MOD/top-clear",145,1,69526.144827586206
"DIVCORE/512/128/17/DIV/top-one",286,1,69992.276223776222
"DIVCORE/512/128/17/MOD/top-one",143,1,69977.566433566433
"DIVCORE/512/128/17/DIV/padded",145,1,69342.524137931032
"DIVCORE/512/128/17/MOD/padded",144,1,69329.576388888891
"DIVCORE/512/128/17/DIV/add-back",128,1,106998.046875
"DIVCORE/512/128/17/MOD/add-back",128,1,106902.9921875
"DIVCORE/512/128/127/DIV/normalized",145,1,69186.206896551725
"DIVCORE/512/128/127/MOD/normalized",146,1,69011.698630136991
"DIVCORE/512/128/127/DIV/top-clear",146,1,68998.568493150684
"DIVCORE/512/128/127/MOD/top-clear",145,1,69189.365517241386
"DIVCORE/512/128/127/DIV/top-one",141,1,71032.205673758872
"DIVCORE/512/128/127/MOD/top-one",141,1,71039.595744680846
"DIVCORE/512/128/127/DIV/padded",145,1,69131.896551724145
"DIVCORE/512/128/127/MOD/padded",145,1,69186.496551724136
"DIVCORE/1152/128/17/DIV/normalized",54,1,185282.40740740742
"DIVCORE/1152/128/17/MOD/normalized",54,1,185204.48148148149
"DIVCORE/1152/128/17/DIV/top-clear",55,1,185165.90909090909
"DIVCORE/1152/128/17/MOD/top-clear",108,1,185255.40740740742
"DIVCORE/1152/128/17/DIV/top-one",106,1,185732.70754716982
"DIVCORE/1152/128/17/MOD/top-one",54,1,186272.38888888888
"DIVCORE/1152/128/17/DIV/padded",54,1,185784.72222222222
"DIVCORE/1152/128/17/MOD/padded",54,1,185720.66666666666
"DIVCORE/1152/128/17/DIV/add-back",35,1,295069.05714285717
"DIVCORE/1152/128/17/MOD/add-back",36,1,293515.02777777775
"DIVCORE/1152/128/127/DIV/normalized",55,1,190592.41818181818
"DIVCORE/1152/128/127/MOD/normalized",108,1,188984.95370370371
"DIVCORE/1152/128/127/DIV/top-clear",55,1,184040.14545454545
"DIVCORE/1152/128/127/MOD/top-clear",55,1,183670.45454545456
"DIVCORE/1152/128/127/DIV/top-one",53,1,189334.11320754717
"DIVCORE/1152/128/127/MOD/top-one",53,1,190879.71698113208
"DIVCORE/1152/128/127/DIV/padded",55,1,185562.1090909091
"DIVCORE/1152/128/127/MOD/padded",55,1,184343.94545454546
"DIVCORE/255/256/17/DIV/normalized",948,1,5.4061181434599153
"DIVCORE/255/256/17/MOD/normalized",948,1,5.4504219409282699
"DIVCORE/255/256/17/DIV/top-clear",948,1,6.1529535864978904
"DIVCORE/255/256/17/MOD/top-clear",948,1,5.4947257383966246
"DIVCORE/255/256/17/DIV/top-one",948,1,5.9335443037974684
"DIVCORE/255/256/17/MOD/top-one",948,1,5.4493670886075947
"DIVCORE/255/256/17/DIV/padded",948,1,5.6255274261603372
"DIVCORE/255/256/17/MOD/padded",948,1,5.4504219409282699
"DIVCORE/255/256/127/DIV/normalized",948,1,5.4947257383966246
"DIVCORE/255/256/127/MOD/normalized",948,1,5.8449367088607591
"DIVCORE/255/256/127/DIV/top-clear",948,1,5.6255274261603372
"DIVCORE/255/256/127/MOD/top-clear",948,1,5.6265822784810124
"DIVCORE/255/256/127/DIV/top-one",948,1,5.537974683544304
"DIVCORE/255/256/127/MOD/top-one",948,1,5.537974683544304
"DIVCORE/255/256/127/DIV/padded",948,1,5.4936708860759493
"DIVCORE/255/256/127/MOD/padded",948,1,5.537974683544304
"DIVCORE/256/256/17/DIV/normalized",946,1,359.18816067653279
"DIVCORE/256/256/17/MOD/normalized",946,1,345.09302325581393
"DIVCORE/256/256/17/DIV/top-clear",946,1,619.80338266384774
"DIVCORE/256/256/17/MOD/top-clear",946,1,718.55179704016916
"DIVCORE/256/256/17/DIV/top-one",946,1,615.13424947145882
"DIVCORE/256/256/17/MOD/top-one",946,1,720.04968287526424
"DIVCORE/256/256/17/DIV/padded",946,1,359.01162790697674
"DIVCORE/256/256/17/MOD/padded",946,1,349.76215644820297
"DIVCORE/256/256/127/DIV/normalized",946,1,359.45243128964057
"DIVCORE/256/256/127/MOD/normalized",946,1,345.18181818181819
"DIVCORE/256/256/127/DIV/top-clear",946,1,614.208245243129
"DIVCORE/256/256/127/MOD/top-clear",946,1,718.41966173361527
"DIVCORE/256/256/127/DIV/top-one",946,1,613.98942917547572
"DIVCORE/256/256/127/MOD/top-one",946,1,715.6448202959831
"DIVCORE/256/256/127/DIV/padded",946,1,359.45243128964057
"DIVCORE/256/256/127/MOD/padded",946,1,345.0496828752643
"DIVCORE/257/256/17/DIV/normalized",945,1,697.44232804232809
"DIVCORE/257/256/17/MOD/normalized",945,1,680.4232804232804
"DIVCORE/257/256/17/DIV/top-clear",945,1,940.16825396825402
"DIVCORE/257/256/17/MOD/top-clear",945,1,1051.984126984127
"DIVCORE/257/256/17/DIV/top-one",945,1,948.14814814814815
"DIVCORE/257/256/17/MOD/top-one",945,1,1056.304761904762
"DIVCORE/257/256/17/DIV/padded",945,1,694.44444444444446
"DIVCORE/257/256/17/MOD/padded",945,1,681.0846560846561
"DIVCORE/257/256/17/DIV/add-back",945,1,601.45502645502643
"DIVCORE/257/256/17/MOD/add-back",945,1,582.58412698412701
"DIVCORE/257/256/127/DIV/normalized",945,1,694.09100529100533
"DIVCORE/257/256/127/MOD/normalized",945,1,677.46984126984125
"DIVCORE/257/256/127/DIV/top-clear",945,1,938.97671957671957
"DIVCORE/257/256/127/MOD/top-clear",945,1,1049.5587301587302
"DIVCORE/257/256/127/DIV/top-one",945,1,946.2962962962963
"DIVCORE/257/256/127/MOD/top-one",945,1,1055.0264550264551
"DIVCORE/257/256/127/DIV/padded",945,1,694.39999999999998
"DIVCORE/257/256/127/MOD/padded",945,1,681.17248677248676
"DIVCORE/288/256/17/DIV/normalized",892,1,10875.793721973094
"DIVCORE/288/256/17/MOD/normalized",892,1,10803.671524663678
"DIVCORE/288/256/17/DIV/top-clear",892,1,11367.572869955156
"DIVCORE/288/256/17/MOD/top-clear",892,1,11441.610986547084
"DIVCORE/288/256/17/DIV/top-one",892,1,11469.217488789238
"DIVCORE/288/256/17/MOD/top-one",892,1,11564.321748878923
"DIVCORE/288/256/17/DIV/padded",892,1,10883.781390134529
"DIVCORE/288/256/17/MOD/padded",892,1,10825.298206278027
"DIVCORE/288/256/17/DIV/add-back",892,1,17909.520179372197
"DIVCORE/288/256/17/MOD/add-back",892,1,17815.022421524664
"DIVCORE/288/256/127/DIV/normalized",892,1,11154.382286995517
"DIVCORE/288/256/127/MOD/normalized",892,1,11137.79932735426
"DIVCORE/288/256/127/DIV/top-clear",892,1,11239.489910313901
"DIVCORE/288/256/127/MOD/top-clear",892,1,11318.946188340808
"DIVCORE/288/256/127/DIV/top-one",892,1,11423.813901345291
"DIVCORE/288/256/127/MOD/top-one",892,1,11519.432735426009
"DIVCORE/288/256/127/DIV/padded",892,1,11165.779147982063
"DIVCORE/288/256/127/MOD/padded",892,1,11123.132286995517
"DIVCORE/512/256/17/DIV/normalized",128,1,86762.3671875
"DIVCORE/512/256/17/MOD/normalized",128,1,86695.96875
"DIVCORE/512/256/17/DIV/top-clear",128,1,87841.140625
"DIVCORE/512/256/17/MOD/top-clear",128,1,90047.1953125
"DIVCORE/512/256/17/DIV/top-one",128,1,92276.0390625
"DIVCORE/512/256/17/MOD/top-one",128,1,88949.21875
"DIVCORE/512/256/17/DIV/padded",128,1,86802.078125
"DIVCORE/512/256/17/MOD/padded",128,1,86767.90625
"DIVCORE/512/256/17/DIV/add-back",128,1,142606.4453125
"DIVCORE/512/256/17/MOD/add-back",128,1,142391.921875
"DIVCORE/512/256/127/DIV/normalized",128,1,86677.734375
"DIVCORE/512/256/127/MOD/normalized",128,1,86666.34375
"DIVCORE/512/256/127/DIV/top-clear",128,1,85593.09375
"DIVCORE/512/256/127/MOD/top-clear",128,1,85615.5625
"DIVCORE/512/256/127/DIV/top-one",128,1,87260.7421875
"DIVCORE/512/256/127/MOD/top-one",128,1,87417.640625
"DIVCORE/512/256/127/DIV/padded",128,1,86905.9296875
"DIVCORE/512/256/127/MOD/padded",128,1,86512.6953125
"DIVCORE/1024/256/17/DIV/normalized",39,1,259513.89743589744
"DIVCORE/1024/256/17/MOD/normalized",39,1,262172.02564102563
"DIVCORE/1024/256/17/DIV/top-clear",39,1,263110.02564102563
"DIVCORE/1024/256/17/MOD/top-clear",39,1,260844.02564102566
"DIVCORE/1024/256/17/DIV/top-one",39,1,261886.74358974359
"DIVCORE/1024/256/17/MOD/top-one",39,1,261932.69230769231
"DIVCORE/1024/256/17/DIV/padded",39,1,261380.35897435897
"DIVCORE/1024/256/17/MOD/padded",39,1,260710.46153846153
"DIVCORE/1024/256/17/DIV/add-back",24,1,426914.91666666669
"DIVCORE/1024/256/17/MOD/add-back",24,1,429404.5
"DIVCORE/1024/256/127/DIV/normalized",39,1,259415.58974358975
"DIVCORE/1024/256/127/MOD/normalized",39,1,264578
"DIVCORE/1024/256/127/DIV/top-clear",40,1,257719.77499999999
"DIVCORE/1024/256/127/MOD/top-clear",40,1,264988.54999999999
"DIVCORE/1024/256/127/DIV/top-one",39,1,261147.43589743591
"DIVCORE/1024/256/127/MOD/top-one",39,1,263167.74358974356
"DIVCORE/1024/256/127/DIV/padded",39,1,260294.87179487178
"DIVCORE/1024/256/127/MOD/padded",39,1,259539.51282051281
"DIVCORE/1280/256/17/DIV/normalized",29,1,346678.13793103449
"DIVCORE/1280/256/17/MOD/normalized",29,1,346530.1724137931
"DIVCORE/1280/256/17/DIV/top-clear",30,1,344512.5
"DIVCORE/1280/256/17/MOD/top-clear",30,1,343900
"DIVCORE/1280/256/17/DIV/top-one",29,1,348899.41379310342
"DIVCORE/1280/256/17/MOD/top-one",29,1,349471.27586206899
"DIVCORE/1280/256/17/DIV/padded",29,1,346344.8275862069
"DIVCORE/1280/256/17/MOD/padded",29,1,346317.55172413791
"DIVCORE/1280/256/17/DIV/add-back",18,1,570023.16666666663
"DIVCORE/1280/256/17/MOD/add-back",18,1,569557.88888888888
"DIVCORE/1280/256/127/DIV/normalized",29,1,345221.24137931032
"DIVCORE/1280/256/127/MOD/normalized",29,1,346923.8275862069
"DIVCORE/1280/256/127/DIV/top-clear",30,1,339954.16666666669
"DIVCORE/1280/256/127/MOD/top-clear",30,1,340786.09999999998
"DIVCORE/1280/256/127/DIV/top-one",29,1,346709.75862068968
"DIVCORE/1280/256/127/MOD/top-one",29,1,347202.58620689658
"DIVCORE/1280/256/127/DIV/padded",29,1,345806.03448275861
"DIVCORE/1280/256/127/MOD/padded",29,1,346613.4827586207
"DIVCORE/1023/1024/17/DIV/normalized",484,1,5.7685950413223139
"DIVCORE/1023/1024/17/MOD/normalized",484,1,5.5103305785123968
"DIVCORE/1023/1024/17/DIV/top-clear",484,1,5.4214876033057848
"DIVCORE/1023/1024/17/MOD/top-clear",484,1,5.4235537190082646
"DIVCORE/1023/1024/17/DIV/top-one",484,1,5.5082644628099171
"DIVCORE/1023/1024/17/MOD/top-one",484,1,5.3367768595041323
"DIVCORE/1023/1024/17/DIV/padded",484,1,5.3367768595041323
"DIVCORE/1023/1024/17/MOD/padded",484,1,5.5950413223140494
"DIVCORE/1023/1024/127/DIV/normalized",484,1,5.338842975206612
"DIVCORE/1023/1024/127/MOD/normalized",484,1,5.5950413223140494
"DIVCORE/1023/1024/127/DIV/top-clear",484,1,5.4235537190082646
"DIVCORE/1023/1024/127/MOD/top-clear",484,1,5.5082644628099171
"DIVCORE/1023/1024/127/DIV/top-one",484,1,5.4235537190082646
"DIVCORE/1023/1024/127/MOD/top-one",484,1,5.5950413223140494
"DIVCORE/1023/1024/127/DIV/padded",484,1,5.5103305785123968
"DIVCORE/1023/1024/127/MOD/padded",484,1,5.4214876033057848
"DIVCORE/1024/1024/17/DIV/normalized",242,1,117.25206611570248
"DIVCORE/1024/1024/17/MOD/normalized",242,1,14.979338842975206
"DIVCORE/1024/1024/17/DIV/top-clear",242,1,2994.6611570247933
"DIVCORE/1024/1024/17/MOD/top-clear",242,1,2877.0661157024792
"DIVCORE/1024/1024/17/DIV/top-one",242,1,2379.9917355371899
"DIVCORE/1024/1024/17/MOD/top-one",242,1,2881.8842975206612
"DIVCORE/1024/1024/17/DIV/padded",242,1,116.38842975206612
"DIVCORE/1024/1024/17/MOD/padded",242,1,14.805785123966942
"DIVCORE/1024/1024/127/DIV/normalized",242,1,116.04545454545455
"DIVCORE/1024/1024/127/MOD/normalized",242,1,14.636363636363637
"DIVCORE/1024/1024/127/DIV/top-clear",242,1,2529.6157024793388
"DIVCORE/1024/1024/127/MOD/top-clear",242,1,2766.8719008264461
"DIVCORE/1024/1024/127/DIV/top-one",242,1,2379.3057851239669
"DIVCORE/1024/1024/127/MOD/top-one",242,1,2868.1157024793388
"DIVCORE/1024/1024/127/DIV/padded",242,1,116.38842975206612
"DIVCORE/1024/1024/127/MOD/padded",242,1,14.809917355371901
"DIVCORE/1025/1024/17/DIV/normalized",242,1,1413.0537190082644
"DIVCORE/1025/1024/17/MOD/normalized",242,1,1301.8264462809918
"DIVCORE/1025/1024/17/DIV/top-clear",242,1,3814.0495867768595
"DIVCORE/1025/1024/17/MOD/top-clear",242,1,4149.9669421487606
"DIVCORE/1025/1024/17/DIV/top-one",242,1,3716.7727272727275
"DIVCORE/1025/1024/17/MOD/top-one",242,1,4191.6322314049585
"DIVCORE/1025/1024/17/DIV/padded",242,1,1472.797520661157
"DIVCORE/1025/1024/17/MOD/padded",242,1,1344.5247933884298
"DIVCORE/1025/1024/17/DIV/add-back",242,1,2439.909090909091
"DIVCORE/1025/1024/17/MOD/add-back",242,1,2360.5371900826444
"DIVCORE/1025/1024/127/DIV/normalized",242,1,2775.3099173553719
"DIVCORE/1025/1024/127/MOD/normalized",242,1,2673.8966942148759
"DIVCORE/1025/1024/127/DIV/top-clear",242,1,3850.0371900826444
"DIVCORE/1025/1024/127/MOD/top-clear",242,1,4242.7685950413224
"DIVCORE/1025/1024/127/DIV/top-one",242,1,3903.9256198347107
"DIVCORE/1025/1024/127/MOD/top-one",242,1,4172.3471074380168
"DIVCORE/1025/1024/127/DIV/padded",242,1,2749.4834710743803
"DIVCORE/1025/1024/127/MOD/padded",242,1,2640.1528925619837
"DIVCORE/1056/1024/17/DIV/normalized",238,1,41503.5
"DIVCORE/1056/1024/17/MOD/normalized",238,1,41343.315126050424
"DIVCORE/1056/1024/17/DIV/top-clear",238,1,43949.231092436974
"DIVCORE/1056/1024/17/MOD/top-clear",226,1,44926.256637168139
"DIVCORE/1056/1024/17/DIV/top-one",238,1,43811.096638655465
"DIVCORE/1056/1024/17/MOD/top-one",227,1,44029
"DIVCORE/1056/1024/17/DIV/padded",238,1,41388.655462184877
"DIVCORE/1056/1024/17/MOD/padded",238,1,41305.672268907561
"DIVCORE/1056/1024/17/DIV/add-back",141,1,71376.475177304965
"DIVCORE/1056/1024/17/MOD/add-back",141,1,71306.148936170212
"DIVCORE/1056/1024/127/DIV/normalized",238,1,41533.436974789918
"DIVCORE/1056/1024/127/MOD/normalized",238,1,41422.445378151264
"DIVCORE/1056/1024/127/DIV/top-clear",238,1,43806.021008403361
"DIVCORE/1056/1024/127/MOD/top-clear",227,1,44099.30396475771
"DIVCORE/1056/1024/127/DIV/top-one",229,1,43767.829694323147
"DIVCORE/1056/1024/127/MOD/top-one",227,1,44436.859030837004
"DIVCORE/1056/1024/127/DIV/padded",238,1,41628.852941176468
"DIVCORE/1056/1024/127/MOD/padded",238,1,41633.579831932773
"DIVCORE/2048/1024/17/DIV/normalized",8,1,1331854.25
"DIVCORE/2048/1024/17/MOD/normalized",8,1,1319958.375
"DIVCORE/2048/1024/17/DIV/top-clear",8,1,1326666.75
"DIVCORE/2048/1024/17/MOD/top-clear",8,1,1329062.5
"DIVCORE/2048/1024/17/DIV/top-one",8,1,1323849
"DIVCORE/2048/1024/17/MOD/top-one",8,1,1322333.25
"DIVCORE/2048/1024/17/DIV/padded",8,1,1323463.625
"DIVCORE/2048/1024/17/MOD/padded",8,1,1320442.75
"DIVCORE/2048/1024/17/DIV/add-back",5,1,2288466.6000000001
"DIVCORE/2048/1024/17/MOD/add-back",5,1,2276000
"DIVCORE/2048/1024/127/DIV/normalized",8,1,1324500
"DIVCORE/2048/1024/127/MOD/normalized",8,1,1324786.375
"DIVCORE/2048/1024/127/DIV/top-clear",8,1,1323083.375
"DIVCORE/2048/1024/127/MOD/top-clear",8,1,1325968.75
"DIVCORE/2048/1024/127/DIV/top-one",8,1,1324343.75
"DIVCORE/2048/1024/127/MOD/top-one",8,1,1324307.25
"DIVCORE/2048/1024/127/DIV/padded",8,1,1327072.875
"DIVCORE/2048/1024/127/MOD/padded",8,1,1324599
"DIVCORE/4096/1024/17/DIV/normalized",3,1,3988861.3333333335
"DIVCORE/4096/1024/17/MOD/normalized",3,1,3977097.3333333335
"DIVCORE/4096/1024/17/DIV/top-clear",3,1,3974486.3333333335
"DIVCORE/4096/1024/17/MOD/top-clear",3,1,3973430.3333333335
"DIVCORE/4096/1024/17/DIV/top-one",3,1,3971750
"DIVCORE/4096/1024/17/MOD/top-one",3,1,3955527.6666666665
"DIVCORE/4096/1024/17/DIV/padded",3,1,3968903
"DIVCORE/4096/1024/17/MOD/padded",3,1,3964236.3333333335
"DIVCORE/4096/1024/17/DIV/add-back",2,1,6857250
"DIVCORE/4096/1024/17/MOD/add-back",2,1,6830250
"DIVCORE/4096/1024/127/DIV/normalized",3,1,4028250
"DIVCORE/4096/1024/127/MOD/normalized",3,1,3977875
"DIVCORE/4096/1024/127/DIV/top-clear",3,1,3972291.6666666665
"DIVCORE/4096/1024/127/MOD/top-clear",3,1,3965347
"DIVCORE/4096/1024/127/DIV/top-one",3,1,3965500
"DIVCORE/4096/1024/127/MOD/top-one",3,1,3965944.3333333335
"DIVCORE/4096/1024/127/DIV/padded",3,1,3999486
"DIVCORE/4096/1024/127/MOD/padded",3,1,3975472.3333333335
"DIVCORE/1/1/17/DIV/normalized",27777,2,6.6211613925189905
"DIVCORE/1/1/17/MOD/normalized",27777,2,6.5356589984519564
"DIVCORE/1/1/17/DIV/top-clear",27777,2,6.5597076718148104
"DIVCORE/1/1/17/MOD/top-clear",27777,2,6.5566835871404399
"DIVCORE/1/1/17/DIV/top-one",27777,2,6.5701839651510241
"DIVCORE/1/1/17/MOD/top-one",27777,2,6.8686683227130363
"DIVCORE/1/1/17/DIV/padded",27777,2,6.5446952514670409
"DIVCORE/1/1/17/MOD/padded",27777,2,6.5416711667926704
"DIVCORE/1/1/127/DIV/normalized",27777,2,6.5536955034740974
"DIVCORE/1/1/127/MOD/normalized",27777,2,6.5521834611369121
"DIVCORE/1/1/127/DIV/top-clear",27777,2,6.5462072938042262
"DIVCORE/1/1/127/MOD/top-clear",27777,2,6.5386830831263278
"DIVCORE/1/1/127/DIV/top-one",27777,2,6.5596716708067824
"DIVCORE/1/1/127/MOD/top-one",27777,2,6.8626921553803504
"DIVCORE/1/1/127/DIV/padded",27777,2,6.5476833351333834
"DIVCORE/1/1/127/MOD/padded",27777,2,6.5971847211721926
"DIVCORE/2/1/17/DIV/normalized",26315,2,17.977693330799923
"DIVCORE/2/1/17/MOD/normalized",26315,2,17.067262017860536
"DIVCORE/2/1/17/DIV/top-clear",26315,2,20.180163404902146
"DIVCORE/2/1/17/MOD/top-clear",26315,2,19.334638039141176
"DIVCORE/2/1/17/DIV/top-one",26315,2,18.398897966939007
"DIVCORE/2/1/17/MOD/top-one",26315,2,17.729089872696182
"DIVCORE/2/1/17/DIV/padded",26315,2,17.665779973399204
"DIVCORE/2/1/17/MOD/padded",26315,2,16.774349230476915
"DIVCORE/2/1/127/DIV/normalized",26315,2,17.768725061751852
"DIVCORE/2/1/127/MOD/normalized",26315,2,16.649249477484325
"DIVCORE/2/1/127/DIV/top-clear",26315,2,18.321299638989171
"DIVCORE/2/1/127/MOD/top-clear",26315,2,17.459927797833934
"DIVCORE/2/1/127/DIV/top-one",26315,2,18.305453163594908
"DIVCORE/2/1/127/MOD/top-one",26315,2,17.725935778073342
"DIVCORE/2/1/127/DIV/padded",26315,2,17.352270568117042
"DIVCORE/2/1/127/MOD/padded",26315,2,16.126733802014062
"DIVCORE/4/1/17/DIV/normalized",23809,2,26.210298626569784
"DIVCORE/4/1/17/MOD/normalized",23809,2,26.836868411105044
"DIVCORE/4/1/17/DIV/top-clear",23809,2,31.005418119198623
"DIVCORE/4/1/17/MOD/top-clear",23809,2,31.988953756982653
"DIVCORE/4/1/17/DIV/top-one",23809,2,28.411861060943341
"DIVCORE/4/1/17/MOD/top-one",23809,2,29.097904153891385
"DIVCORE/4/1/17/DIV/padded",23809,2,27.535091772018983
"DIVCORE/4/1/17/MOD/padded",23809,2,27.995379898357765
"DIVCORE/4/1/127/DIV/normalized",23809,2,27.010122222688899
"DIVCORE/4/1/127/MOD/normalized",23809,2,27.482590616993573
"DIVCORE/4/1/127/DIV/top-clear",23809,2,32.904237893233649
"DIVCORE/4/1/127/MOD/top-clear",23809,2,34.015498340963504
"DIVCORE/4/1/127/DIV/top-one",23809,2,28.396110714435718
"DIVCORE/4/1/127/MOD/top-one",23809,2,29.108404384896467
"DIVCORE/4/1/127/DIV/padded",23809,2,28.483598639170062
"DIVCORE/4/1/127/MOD/padded",23809,2,28.600865219034819
"DIVCORE/33/1/17/DIV/normalized",10000,2,308.80829999999997
"DIVCORE/33/1/17/MOD/normalized",10000,2,309.74160000000001
"DIVCORE/33/1/17/DIV/top-clear",10000,2,349.34589999999997
"DIVCORE/33/1/17/MOD/top-clear",10000,2,351.52499999999998
"DIVCORE/33/1/17/DIV/top-one",10000,2,284.42500000000001
"DIVCORE/33/1/17/MOD/top-one",10000,2,284.01670000000001
"DIVCORE/33/1/17/DIV/padded",10000,2,324.99160000000001
"DIVCORE/33/1/17/MOD/padded",10000,2,327.01670000000001
"DIVCORE/33/1/127/DIV/normalized",10000,2,306.92079999999999
"DIVCORE/33/1/127/MOD/normalized",10000,2,307.28750000000002
"DIVCORE/33/1/127/DIV/top-clear",10000,2,331.06670000000003
"DIVCORE/33/1/127/MOD/top-clear",10000,2,332.27910000000003
"DIVCORE/33/1/127/DIV/top-one",10000,2,283.3125
"DIVCORE/33/1/127/MOD/top-one",10000,2,283.50409999999999
"DIVCORE/33/1/127/DIV/padded",10000,2,322.48750000000001
"DIVCORE/33/1/127/MOD/padded",10000,2,324.69999999999999
"DIVCORE/1025/1/17/DIV/normalized",479,2,11129.002087682673
"DIVCORE/1025/1/17/MOD/normalized",479,2,11940.240083507308
"DIVCORE/1025/1/17/DIV/top-clear",479,2,11616.475991649269
"DIVCORE/1025/1/17/MOD/top-clear",479,2,11942.501043841336
"DIVCORE/1025/1/17/DIV/top-one",479,2,8956.1586638830904
"DIVCORE/1025/1/17/MOD/top-one",479,2,8967.4655532359084
"DIVCORE/1025/1/17/DIV/padded",479,2,11231.559498956158
"DIVCORE/1025/1/17/MOD/padded",479,2,11441.632567849687
"DIVCORE/1025/1/127/DIV/normalized",479,2,10949.1127348643
"DIVCORE/1025/1/127/MOD/normalized",479,2,10968.423799582464
"DIVCORE/1025/1/127/DIV/top-clear",479,2,11360.212943632569
"DIVCORE/1025/1/127/MOD/top-clear",479,2,11493.910229645095
"DIVCORE/1025/1/127/DIV/top-one",479,2,9015.657620041753
"DIVCORE/1025/1/127/MOD/top-one",479,2,8971.6430062630479
"DIVCORE/1025/1/127/DIV/padded",479,2,11517.657620041753
"DIVCORE/1025/1/127/MOD/padded",479,2,11581.941544885178
"DIVCORE/65536/1/17/DIV/normalized",7,2,1051803.5714285714
"DIVCORE/65536/1/17/MOD/normalized",7,2,1052369
"DIVCORE/65536/1/17/DIV/top-one",7,2,573166.57142857148
"DIVCORE/65536/1/17/MOD/top-one",7,2,635601.28571428568
"DIVCORE/500000/1/17/DIV/normalized",1,2,8141250
"DIVCORE/500000/1/17/MOD/normalized",1,2,8077875
"DIVCORE/500000/1/17/DIV/top-one",1,2,4389125
"DIVCORE/500000/1/17/MOD/top-one",1,2,4395500
"DIVCORE/1/2/17/DIV/normalized",26315,2,5.4674140224206722
"DIVCORE/1/2/17/MOD/normalized",26315,2,5.4009120273608211
"DIVCORE/1/2/17/DIV/top-clear",26315,2,5.3724111723351697
"DIVCORE/1/2/17/MOD/top-clear",26315,2,5.4848565456963705
"DIVCORE/1/2/17/DIV/top-one",26315,2,5.4737602128063845
"DIVCORE/1/2/17/MOD/top-one",26315,2,5.4183545506365194
"DIVCORE/1/2/17/DIV/padded",26315,2,5.3993539806194182
"DIVCORE/1/2/17/MOD/padded",26315,2,5.4230666920007602
"DIVCORE/1/2/127/DIV/normalized",26315,2,5.369257077712331
"DIVCORE/1/2/127/MOD/normalized",26315,2,5.4880106403192093
"DIVCORE/1/2/127/DIV/top-clear",26315,2,5.3597567927037808
"DIVCORE/1/2/127/MOD/top-clear",26315,2,5.380315409462284
"DIVCORE/1/2/127/DIV/top-one",26315,2,5.423104693140794
"DIVCORE/1/2/127/MOD/top-one",26315,2,5.5133574007220219
"DIVCORE/1/2/127/DIV/padded",26315,2,5.3692190765722971
"DIVCORE/1/2/127/MOD/padded",26315,2,5.780923427702831
"DIVCORE/2/2/17/DIV/normalized",25000,2,19.893319999999999
"DIVCORE/2/2/17/MOD/normalized",25000,2,16.585000000000001
"DIVCORE/2/2/17/DIV/top-clear",25000,2,19.899999999999999
"DIVCORE/2/2/17/MOD/top-clear",25000,2,18.425000000000001
"DIVCORE/2/2/17/DIV/top-one",25000,2,19.998360000000002
"DIVCORE/2/2/17/MOD/top-one",25000,2,18.946639999999999
"DIVCORE/2/2/17/DIV/padded",25000,2,19.371639999999999
"DIVCORE/2/2/17/MOD/padded",25000,2,16.58832
"DIVCORE/2/2/127/DIV/normalized",25000,2,17.190000000000001
"DIVCORE/2/2/127/MOD/normalized",25000,2,13.63336
"DIVCORE/2/2/127/DIV/top-clear",25000,2,19.90164
"DIVCORE/2/2/127/MOD/top-clear",25000,2,18.88664
"DIVCORE/2/2/127/DIV/top-one",25000,2,20.483319999999999
"DIVCORE/2/2/127/MOD/top-one",25000,2,18.785
"DIVCORE/2/2/127/DIV/padded",25000,2,16.733360000000001
"DIVCORE/2/2/127/MOD/padded",25000,2,13.743320000000001
"DIVCORE/3/2/17/DIV/normalized",23809,2,26.152547356041833
"DIVCORE/3/2/17/MOD/normalized",23809,2,24.88378344323575
"DIVCORE/3/2/17/DIV/top-clear",23809,2,32.702969465328238
"DIVCORE/3/2/17/MOD/top-clear",23809,2,33.334747364442016
"DIVCORE/3/2/17/DIV/top-one",23809,2,30.357889873577218
"DIVCORE/3/2/17/MOD/top-one",23809,2,32.265445839808478
"DIVCORE/3/2/17/DIV/padded",23809,2,26.192826242177329
"DIVCORE/3/2/17/MOD/padded",23809,2,24.96429921458272
"DIVCORE/3/2/127/DIV/normalized",23809,2,29.622915704145491
"DIVCORE/3/2/127/MOD/normalized",23809,2,28.779369146121216
"DIVCORE/3/2/127/DIV/top-clear",23809,2,32.86223696921332
"DIVCORE/3/2/127/MOD/top-clear",23809,2,33.69171321769079
"DIVCORE/3/2/127/DIV/top-one",23809,2,28.987609727414004
"DIVCORE/3/2/127/MOD/top-one",23809,2,30.686925112352473
"DIVCORE/3/2/127/DIV/padded",23809,2,30.322945104792307
"DIVCORE/3/2/127/MOD/padded",23809,2,29.192406232937124
"DIVCORE/4/2/17/DIV/normalized",22727,2,34.140713688564261
"DIVCORE/4/2/17/MOD/normalized",22727,2,32.468737624851499
"DIVCORE/4/2/17/DIV/top-clear",22727,2,46.306903682844194
"DIVCORE/4/2/17/MOD/top-clear",22727,2,46.910062920755053
"DIVCORE/4/2/17/DIV/top-one",22727,2,42.19835438025256
"DIVCORE/4/2/17/MOD/top-one",22727,2,43.344216130593566
"DIVCORE/4/2/17/DIV/padded",22727,2,35.211422537070447
"DIVCORE/4/2/17/MOD/padded",22727,2,32.844590135081624
"DIVCORE/4/2/127/DIV/normalized",22727,2,43.082016984203811
"DIVCORE/4/2/127/MOD/normalized",22727,2,40.623487481849779
"DIVCORE/4/2/127/DIV/top-clear",22727,2,48.290579486953845
"DIVCORE/4/2/127/MOD/top-clear",22727,2,46.917411008932106
"DIVCORE/4/2/127/DIV/top-one",22727,2,41.897654771857262
"DIVCORE/4/2/127/MOD/top-one",22727,2,43.347868174418096
"DIVCORE/4/2/127/DIV/padded",22727,2,44.565186782241383
"DIVCORE/4/2/127/MOD/padded",22727,2,43.327671932063183
"DIVCORE/8/2/17/DIV/normalized",19230,2,89.365574622984923
"DIVCORE/8/2/17/MOD/normalized",19230,2,88.537857514300569
"DIVCORE/8/2/17/DIV/top-clear",19230,2,110.7817472698908
"DIVCORE/8/2/17/MOD/top-clear",19230,2,111.19344773790952
"DIVCORE/8/2/17/DIV/top-one",19230,2,104.27717108684347
"DIVCORE/8/2/17/MOD/top-one",19230,2,106.56744669786791
"DIVCORE/8/2/17/DIV/padded",19230,2,92.251690067602709
"DIVCORE/8/2/17/MOD/padded",19230,2,90.440249609984406
"DIVCORE/8/2/127/DIV/normalized",19230,2,102.37259490379616
"DIVCORE/8/2/127/MOD/normalized",19230,2,100.40088403536141
"DIVCORE/8/2/127/DIV/top-clear",19230,2,107.65080603224129
"DIVCORE/8/2/127/MOD/top-clear",19230,2,109.1284971398856
"DIVCORE/8/2/127/DIV/top-one",19230,2,102.42891315652626
"DIVCORE/8/2/127/MOD/top-one",19230,2,105.52303692147686
"DIVCORE/8/2/127/DIV/padded",19230,2,105.38871554862195
"DIVCORE/8/2/127/MOD/padded",19230,2,103.46895475819032
"DIVCORE/34/2/17/DIV/normalized",9615,2,496.82787311492461
"DIVCORE/34/2/17/MOD/normalized",9615,2,490.69162766510658
"DIVCORE/34/2/17/DIV/top-clear",9615,2,522.6251690067603
"DIVCORE/34/2/17/MOD/top-clear",9615,2,518.40873634945399
"DIVCORE/34/2/17/DIV/top-one",9615,2,514.96359854394177
"DIVCORE/34/2/17/MOD/top-one",9615,2,510.78606344253768
"DIVCORE/34/2/17/DIV/padded",9615,2,507.05928237129484
"DIVCORE/34/2/17/MOD/padded",9615,2,503.04212168486737
"DIVCORE/34/2/127/DIV/normalized",9615,2,507.90005200208009
"DIVCORE/34/2/127/MOD/normalized",9615,2,504.03442537701505
"DIVCORE/34/2/127/DIV/top-clear",9615,2,527.47009880395217
"DIVCORE/34/2/127/MOD/top-clear",9615,2,524.88736349453973
"DIVCORE/34/2/127/DIV/top-one",9615,2,542.39032761310455
"DIVCORE/34/2/127/MOD/top-one",9615,2,546.41622464898592
"DIVCORE/34/2/127/DIV/padded",9615,2,520.07717108684346
"DIVCORE/34/2/127/MOD/padded",9615,2,517.89308372334892
"DIVCORE/1026/2/17/DIV/normalized",478,2,16942.380753138077
"DIVCORE/1026/2/17/MOD/normalized",478,2,17013.248953974897
"DIVCORE/1026/2/17/DIV/top-clear",478,2,18154.550209205019
"DIVCORE/1026/2/17/MOD/top-clear",478,2,18153.679916317993
"DIVCORE/1026/2/17/DIV/top-one",478,2,17442.119246861923
"DIVCORE/1026/2/17/MOD/top-one",478,2,17378.138075313807
"DIVCORE/1026/2/17/DIV/padded",478,2,17325.401673640168
"DIVCORE/1026/2/17/MOD/padded",478,2,17199.267782426778
"DIVCORE/1026/2/127/DIV/normalized",478,2,17935.930962343096
"DIVCORE/1026/2/127/MOD/normalized",478,2,17875
"DIVCORE/1026/2/127/DIV/top-clear",478,2,18151.236401673639
"DIVCORE/1026/2/127/MOD/top-clear",478,2,18145.658995815898
"DIVCORE/1026/2/127/DIV/top-one",478,2,18085.163179916319
"DIVCORE/1026/2/127/MOD/top-one",478,2,18038.094142259415
"DIVCORE/1026/2/127/DIV/padded",478,2,17555.265690376567
"DIVCORE/1026/2/127/MOD/padded",478,2,17477.075313807531
"DIVCORE/65536/2/17/DIV/normalized",7,2,1377892.857142857
"DIVCORE/65536/2/17/MOD/normalized",7,2,1370648.857142857
"DIVCORE/65536/2/17/DIV/top-one",7,2,1301142.857142857
"DIVCORE/65536/2/17/MOD/top-one",7,2,1298333.2857142857
"DIVCORE/500000/2/17/DIV/normalized",1,2,10502208
"DIVCORE/500000/2/17/MOD/normalized",1,2,10429542
"DIVCORE/500000/2/17/DIV/top-one",1,2,10001916
"DIVCORE/500000/2/17/MOD/top-one",1,2,9956167
"DIVCORE/2/3/17/DIV/normalized",23809,2,5.495148893275652
"DIVCORE/2/3/17/MOD/normalized",23809,2,5.4443697761350753
"DIVCORE/2/3/17/DIV/top-clear",23809,2,5.4163551598135156
"DIVCORE/2/3/17/MOD/top-clear",23809,2,5.453105968331303
"DIVCORE/2/3/17/DIV/top-one",23809,2,5.3883825444159772
"DIVCORE/2/3/17/MOD/top-one",23809,2,5.4951068923516315
"DIVCORE/2/3/17/DIV/padded",23809,2,5.3761182746020415
"DIVCORE/2/3/17/MOD/padded",23809,2,5.4636482002604057
"DIVCORE/2/3/127/DIV/normalized",23809,2,5.4041328909236004
"DIVCORE/2/3/127/MOD/normalized",23809,2,5.4688563148389262
"DIVCORE/2/3/127/DIV/top-clear",23809,2,5.4041328909236004
"DIVCORE/2/3/127/MOD/top-clear",23809,2,5.4653702381452396
"DIVCORE/2/3/127/DIV/top-one",23809,2,5.4058549288084334
"DIVCORE/2/3/127/MOD/top-one",23809,2,5.4933848544667985
"DIVCORE/2/3/127/DIV/padded",23809,2,5.3936326599185183
"DIVCORE/2/3/127/MOD/padded",23809,2,5.4741064303414673
"DIVCORE/3/3/17/DIV/normalized",22727,2,21.072556870682448
"DIVCORE/3/3/17/MOD/normalized",22727,2,17.371056452677433
"DIVCORE/3/3/17/DIV/top-clear",22727,2,23.549434593215118
"DIVCORE/3/3/17/MOD/top-clear",22727,2,20.542746512958157
"DIVCORE/3/3/17/DIV/top-one",22727,2,23.989483873806485
"DIVCORE/3/3/17/MOD/top-one",22727,2,21.402560830729968
"DIVCORE/3/3/17/DIV/padded",22727,2,21.303603643243719
"DIVCORE/3/3/17/MOD/padded",22727,2,17.37470849650196
"DIVCORE/3/3/127/DIV/normalized",22727,2,17.666211994543936
"DIVCORE/3/3/127/MOD/normalized",22727,2,13.641967703612444
"DIVCORE/3/3/127/DIV/top-clear",22727,2,23.670436045232542
"DIVCORE/3/3/127/MOD/top-clear",22727,2,20.548246578958949
"DIVCORE/3/3/127/DIV/top-one",22727,2,24.302943635323622
"DIVCORE/3/3/127/MOD/top-one",22727,2,21.952611431337175
"DIVCORE/3/3/127/DIV/padded",22727,2,17.662559950719409
"DIVCORE/3/3/127/MOD/padded",22727,2,14.386368636423637
"DIVCORE/4/3/17/DIV/normalized",21739,2,28.502921017526106
"DIVCORE/4/3/17/MOD/normalized",21739,2,25.717972307833847
"DIVCORE/4/3/17/DIV/top-clear",21739,2,36.924835549013295
"DIVCORE/4/3/17/MOD/top-clear",21739,2,37.796908781452686
"DIVCORE/4/3/17/DIV/top-one",21739,2,37.283223699342194
"DIVCORE/4/3/17/MOD/top-one",21739,2,38.964119784718712
"DIVCORE/4/3/17/DIV/padded",21739,2,28.489488936933622
"DIVCORE/4/3/17/MOD/padded",21739,2,25.411334468006807
"DIVCORE/4/3/17/DIV/add-back",21739,2,26.649477896867381
"DIVCORE/4/3/17/MOD/add-back",21739,2,23.994893969363815
"DIVCORE/4/3/127/DIV/normalized",21739,2,33.198767192603157
"DIVCORE/4/3/127/MOD/normalized",21739,2,32.016192097152583
"DIVCORE/4/3/127/DIV/top-clear",21739,2,36.631583789502734
"DIVCORE/4/3/127/MOD/top-clear",21739,2,36.980403882423296
"DIVCORE/4/3/127/DIV/top-one",21739,2,37.823726942361652
"DIVCORE/4/3/127/MOD/top-one",21739,2,38.534799208795256
"DIVCORE/4/3/127/DIV/padded",21739,2,33.689452136712823
"DIVCORE/4/3/127/MOD/padded",21739,2,32.13694282165693
"DIVCORE/6/3/17/DIV/normalized",20000,2,50.806249999999999
"DIVCORE/6/3/17/MOD/normalized",20000,2,49.125
"DIVCORE/6/3/17/DIV/top-clear",20000,2,69.383349999999993
"DIVCORE/6/3/17/MOD/top-clear",20000,2,69.78125
"DIVCORE/6/3/17/DIV/top-one",20000,2,72.98545
"DIVCORE/6/3/17/MOD/top-one",20000,2,74.09375
"DIVCORE/6/3/17/DIV/padded",20000,2,53.260399999999997
"DIVCORE/6/3/17/MOD/padded",20000,2,50.935400000000001
"DIVCORE/6/3/17/DIV/add-back",20000,2,40.222949999999997
"DIVCORE/6/3/17/MOD/add-back",20000,2,38.004150000000003
"DIVCORE/6/3/127/DIV/normalized",20000,2,52.524999999999999
"DIVCORE/6/3/127/MOD/normalized",20000,2,50.064599999999999
"DIVCORE/6/3/127/DIV/top-clear",20000,2,66.900000000000006
"DIVCORE/6/3/127/MOD/top-clear",20000,2,68.310450000000003
"DIVCORE/6/3/127/DIV/top-one",20000,2,65.483350000000002
"DIVCORE/6/3/127/MOD/top-one",20000,2,67.670850000000002
"DIVCORE/6/3/127/DIV/padded",20000,2,54.09375
"DIVCORE/6/3/127/MOD/padded",20000,2,51.293750000000003
"DIVCORE/12/3/17/DIV/normalized",16129,2,149.91375782751567
"DIVCORE/12/3/17/MOD/normalized",16129,2,147.96589993179987
"DIVCORE/12/3/17/DIV/top-clear",16129,2,176.91989583979168
"DIVCORE/12/3/17/MOD/top-clear",16129,2,177.61485522971046
"DIVCORE/12/3/17/DIV/top-one",16129,2,170.11798623597247
"DIVCORE/12/3/17/MOD/top-one",16129,2,170.91109182218364
"DIVCORE/12/3/17/DIV/padded",16129,2,157.61727323454647
"DIVCORE/12/3/17/MOD/padded",16129,2,151.77376154752309
"DIVCORE/12/3/17/DIV/add-back",16129,2,88.153822307644617
"DIVCORE/12/3/17/MOD/add-back",16129,2,86.043276086552169
"DIVCORE/12/3/127/DIV/normalized",16129,2,150.01190402380806
"DIVCORE/12/3/127/MOD/normalized",16129,2,148.06665013330027
"DIVCORE/12/3/127/DIV/top-clear",16129,2,169.61683923367846
"DIVCORE/12/3/127/MOD/top-clear",16129,2,168.87544175088351
"DIVCORE/12/3/127/DIV/top-one",16129,2,166.37218674437349
"DIVCORE/12/3/127/MOD/top-one",16129,2,166.4729369458739
"DIVCORE/12/3/127/DIV/padded",16129,2,156.10081220162439
"DIVCORE/12/3/127/MOD/padded",16129,2,152.14830429660859
"DIVCORE/35/3/17/DIV/normalized",9259,2,529.5838643482017
"DIVCORE/35/3/17/MOD/normalized",9259,2,529.11588724484284
"DIVCORE/35/3/17/DIV/top-clear",9259,2,578.1401879252619
"DIVCORE/35/3/17/MOD/top-clear",9259,2,577.28512798358349
"DIVCORE/35/3/17/DIV/top-one",9259,2,565.96284695971485
"DIVCORE/35/3/17/MOD/top-one",9259,2,565.17982503510098
"DIVCORE/35/3/17/DIV/padded",9259,2,546.46830111243116
"DIVCORE/35/3/17/MOD/padded",9259,2,545.95528674802893
"DIVCORE/35/3/17/DIV/add-back",9259,2,289.02959282859922
"DIVCORE/35/3/17/MOD/add-back",9259,2,282.71141591964573
"DIVCORE/35/3/127/DIV/normalized",9259,2,539.36710227886385
"DIVCORE/35/3/127/MOD/normalized",9259,2,541.20315368830325
"DIVCORE/35/3/127/DIV/top-clear",9259,2,565.589264499406
"DIVCORE/35/3/127/MOD/top-clear",9259,2,565.49476185333185
"DIVCORE/35/3/127/DIV/top-one",9259,2,562.0207365806242
"DIVCORE/35/3/127/MOD/top-one",9259,2,559.74824495085863
"DIVCORE/35/3/127/DIV/padded",9259,2,548.58786046009288
"DIVCORE/35/3/127/MOD/padded",9259,2,544.84371962414946
"DIVCORE/1027/3/17/DIV/normalized",478,2,18224.110878661089
"DIVCORE/1027/3/17/MOD/normalized",478,2,18205.020920502091
"DIVCORE/1027/3/17/DIV/top-clear",478,2,20045.589958158995
"DIVCORE/1027/3/17/MOD/top-clear",478,2,19655.158995815898
"DIVCORE/1027/3/17/DIV/top-one",478,2,18447.263598326361
"DIVCORE/1027/3/17/MOD/top-one",478,2,18322.698744769874
"DIVCORE/1027/3/17/DIV/padded",478,2,19016.650627615061
"DIVCORE/1027/3/17/MOD/padded",478,2,18929.13179916318
"DIVCORE/1027/3/17/DIV/add-back",478,2,8497.2991631799159
"DIVCORE/1027/3/17/MOD/add-back",478,2,8448.4832635983257
"DIVCORE/1027/3/127/DIV/normalized",478,2,19603.033472803349
"DIVCORE/1027/3/127/MOD/normalized",478,2,19492.069037656904
"DIVCORE/1027/3/127/DIV/top-clear",478,2,18990.673640167362
"DIVCORE/1027/3/127/MOD/top-clear",478,2,18891.824267782427
"DIVCORE/1027/3/127/DIV/top-one",478,2,18938.110878661089
"DIVCORE/1027/3/127/MOD/top-one",478,2,18872.734309623433
"DIVCORE/1027/3/127/DIV/padded",478,2,19371.600418410042
"DIVCORE/1027/3/127/MOD/padded",478,2,19144.874476987447
"DIVCORE/3/4/17/DIV/normalized",21739,2,5.6082156492938955
"DIVCORE/3/4/17/MOD/normalized",21739,2,5.4452826716960301
"DIVCORE/3/4/17/DIV/top-clear",21739,2,5.3916463498780995
"DIVCORE/3/4/17/MOD/top-clear",21739,2,5.4414646487878926
"DIVCORE/3/4/17/DIV/top-one",21739,2,5.4050324301945816
"DIVCORE/3/4/17/MOD/top-one",21739,2,5.4242145452872714
"DIVCORE/3/4/17/DIV/padded",21739,2,5.4203505221031323
"DIVCORE/3/4/17/MOD/padded",21739,2,5.4203505221031323
"DIVCORE/3/4/127/DIV/normalized",21739,2,5.3954183725102354
"DIVCORE/3/4/127/MOD/normalized",21739,2,5.4491006946041676
"DIVCORE/3/4/127/DIV/top-clear",21739,2,5.3686002116012697
"DIVCORE/3/4/127/MOD/top-clear",21739,2,5.4567827406964442
"DIVCORE/3/4/127/DIV/top-one",21739,2,5.9704218225309349
"DIVCORE/3/4/127/MOD/top-one",21739,2,5.4357146142876855
"DIVCORE/3/4/127/DIV/padded",21739,2,5.3686002116012697
"DIVCORE/3/4/127/MOD/padded",21739,2,5.4203505221031323
"DIVCORE/4/4/17/DIV/normalized",20833,2,17.97628762060193
"DIVCORE/4/4/17/MOD/normalized",20833,2,13.646234339749435
"DIVCORE/4/4/17/DIV/top-clear",20833,2,24.94839917438679
"DIVCORE/4/4/17/MOD/top-clear",20833,2,22.670378726059617
"DIVCORE/4/4/17/DIV/top-one",20833,2,24.822397158354534
"DIVCORE/4/4/17/MOD/top-one",20833,2,23.246387942207075
"DIVCORE/4/4/17/DIV/padded",20833,2,17.972303556856911
"DIVCORE/4/4/17/MOD/padded",20833,2,13.64421830749292
"DIVCORE/4/4/127/DIV/normalized",20833,2,21.700379206067296
"DIVCORE/4/4/127/MOD/normalized",20833,2,17.760284164546633
"DIVCORE/4/4/127/DIV/top-clear",20833,2,24.810396966351462
"DIVCORE/4/4/127/MOD/top-clear",20833,2,22.526328421254739
"DIVCORE/4/4/127/DIV/top-one",20833,2,24.810396966351462
"DIVCORE/4/4/127/MOD/top-one",20833,2,23.018336293380695
"DIVCORE/4/4/127/DIV/padded",20833,2,21.69433110929775
"DIVCORE/4/4/127/MOD/padded",20833,2,17.888302212835406
"DIVCORE/5/4/17/DIV/normalized",20000,2,35.104149999999997
"DIVCORE/5/4/17/MOD/normalized",20000,2,33.783349999999999
"DIVCORE/5/4/17/DIV/top-clear",20000,2,39.760399999999997
"DIVCORE/5/4/17/MOD/top-clear",20000,2,41.135399999999997
"DIVCORE/5/4/17/DIV/top-one",20000,2,39.808349999999997
"DIVCORE/5/4/17/MOD/top-one",20000,2,41.5
"DIVCORE/5/4/17/DIV/padded",20000,2,35.168750000000003
"DIVCORE/5/4/17/MOD/padded",20000,2,34.081249999999997
"DIVCORE/5/4/17/DIV/add-back",20000,2,27.731249999999999
"DIVCORE/5/4/17/MOD/add-back",20000,2,24.581250000000001
"DIVCORE/5/4/127/DIV/normalized",20000,2,34.058349999999997
"DIVCORE/5/4/127/MOD/normalized",20000,2,33.722900000000003
"DIVCORE/5/4/127/DIV/top-clear",20000,2,40.125
"DIVCORE/5/4/127/MOD/top-clear",20000,2,41.372950000000003
"DIVCORE/5/4/127/DIV/top-one",20000,2,40.28125
"DIVCORE/5/4/127/MOD/top-one",20000,2,40.7104
"DIVCORE/5/4/127/DIV/padded",20000,2,34.4146
"DIVCORE/5/4/127/MOD/padded",20000,2,32.947899999999997
"DIVCORE/8/4/17/DIV/normalized",17857,2,86.355042840342719
"DIVCORE/8/4/17/MOD/normalized",17857,2,86.79599036792294
"DIVCORE/8/4/17/DIV/top-clear",17857,2,97.067480539844325
"DIVCORE/8/4/17/MOD/top-clear",17857,2,98.378787030296238
"DIVCORE/8/4/17/DIV/top-one",17857,2,92.550092400739203
"DIVCORE/8/4/17/MOD/top-one",17857,2,94.51475611804895
"DIVCORE/8/4/17/DIV/padded",17857,2,89.173713389707117
"DIVCORE/8/4/17/MOD/padded",17857,2,86.319986559892484
"DIVCORE/8/4/17/DIV/add-back",17857,2,57.038808310466486
"DIVCORE/8/4/17/MOD/add-back",17857,2,54.476787814302511
"DIVCORE/8/4/127/DIV/normalized",17857,2,90.340370722965787
"DIVCORE/8/4/127/MOD/normalized",17857,2,88.858710869686959
"DIVCORE/8/4/127/DIV/top-clear",17857,2,93.950103600828811
"DIVCORE/8/4/127/MOD/top-clear",17857,2,95.501764014112112
"DIVCORE/8/4/127/DIV/top-one",17857,2,90.396427171417372
"DIVCORE/8/4/127/MOD/top-one",17857,2,91.784734277874222
"DIVCORE/8/4/127/DIV/padded",17857,2,91.768382147057181
"DIVCORE/8/4/127/MOD/padded",17857,2,90.739373914991319
"DIVCORE/16/4/17/DIV/normalized",13888,2,234.23696716589862
"DIVCORE/16/4/17/MOD/normalized",13888,2,233.24395161290323
"DIVCORE/16/4/17/DIV/top-clear",13888,2,246.88277649769586
"DIVCORE/16/4/17/MOD/top-clear",13888,2,246.13875288018434
"DIVCORE/16/4/17/DIV/top-one",13888,2,242.19650057603687
"DIVCORE/16/4/17/MOD/top-one",13888,2,242.15149769585253
"DIVCORE/16/4/17/DIV/padded",13888,2,239.64933755760367
"DIVCORE/16/4/17/MOD/padded",13888,2,237.63925691244239
"DIVCORE/16/4/17/DIV/add-back",13888,2,144.67525921658986
"DIVCORE/16/4/17/MOD/add-back",13888,2,142.11607142857142
"DIVCORE/16/4/127/DIV/normalized",13888,2,224.41438652073734
"DIVCORE/16/4/127/MOD/normalized",13888,2,224.26130472350229
"DIVCORE/16/4/127/DIV/top-clear",13888,2,242.85354262672811
"DIVCORE/16/4/127/MOD/top-clear",13888,2,243.04550691244239
"DIVCORE/16/4/127/DIV/top-one",13888,2,234.10498271889401
"DIVCORE/16/4/127/MOD/top-one",13888,2,233.29493087557603
"DIVCORE/16/4/127/DIV/padded",13888,2,231.41078629032259
"DIVCORE/16/4/127/MOD/padded",13888,2,229.23869527649771
"DIVCORE/36/4/17/DIV/normalized",8928,2,589.13900089605738
"DIVCORE/36/4/17/MOD/normalized",8928,2,589.447020609319
"DIVCORE/36/4/17/DIV/top-clear",8928,2,616.55745967741939
"DIVCORE/36/4/17/MOD/top-clear",8928,2,617.67282706093192
"DIVCORE/36/4/17/DIV/top-one",8928,2,600.97905465949816
"DIVCORE/36/4/17/MOD/top-one",8928,2,608.58154121863799
"DIVCORE/36/4/17/DIV/padded",8928,2,604.93201164874552
"DIVCORE/36/4/17/MOD/padded",8928,2,601.55779569892468
"DIVCORE/36/4/17/DIV/add-back",8928,2,346.44276433691755
"DIVCORE/36/4/17/MOD/add-back",8928,2,344.11402329749103
"DIVCORE/36/4/127/DIV/normalized",8928,2,596.80219534050184
"DIVCORE/36/4/127/MOD/normalized",8928,2,598.00627240143365
"DIVCORE/36/4/127/DIV/top-clear",8928,2,621.40176971326161
"DIVCORE/36/4/127/MOD/top-clear",8928,2,626.81081989247309
"DIVCORE/36/4/127/DIV/top-one",8928,2,619.59565412186384
"DIVCORE/36/4/127/MOD/top-one",8928,2,629.82090053763443
"DIVCORE/36/4/127/DIV/padded",8928,2,615.89941756272401
"DIVCORE/36/4/127/MOD/padded",8928,2,608.93156362007164
"DIVCORE/1028/4/17/DIV/normalized",477,2,20265.985324947589
"DIVCORE/1028/4/17/MOD/normalized",477,2,20220.301886792451
"DIVCORE/1028/4/17/DIV/top-clear",477,2,21535.463312368971
"DIVCORE/1028/4/17/MOD/top-clear",477,2,21493.362683438154
"DIVCORE/1028/4/17/DIV/top-one",467,2,21667.646680942184
"DIVCORE/1028/4/17/MOD/top-one",469,2,21678.658848614072
"DIVCORE/1028/4/17/DIV/padded",477,2,20205.62683438155
"DIVCORE/1028/4/17/MOD/padded",477,2,20079.750524109015
"DIVCORE/1028/4/17/DIV/add-back",477,2,10368.010482180294
"DIVCORE/1028/4/17/MOD/add-back",477,2,10346.174004192872
"DIVCORE/1028/4/127/DIV/normalized",477,2,21613.207547169812
"DIVCORE/1028/4/127/MOD/normalized",477,2,22136.880503144654
"DIVCORE/1028/4/127/DIV/top-clear",470,2,21096.629787234044
"DIVCORE/1028/4/127/MOD/top-clear",473,2,21471.107822410147
"DIVCORE/1028/4/127/DIV/top-one",477,2,20539.220125786163
"DIVCORE/1028/4/127/MOD/top-one",477,2,19935.446540880504
"DIVCORE/1028/4/127/DIV/padded",477,2,21102.463312368971
"DIVCORE/1028/4/127/MOD/padded",477,2,20957.285115303985
"DIVCORE/7/8/17/DIV/normalized",16129,2,5.9985119970239937
"DIVCORE/7/8/17/MOD/normalized",16129,2,5.4844069688139374
"DIVCORE/7/8/17/DIV/top-clear",16129,2,5.3475106950213904
"DIVCORE/7/8/17/MOD/top-clear",16129,2,5.4973649947299892
"DIVCORE/7/8/17/DIV/top-one",16129,2,5.3475106950213904
"DIVCORE/7/8/17/MOD/top-one",16129,2,5.3423026846053689
"DIVCORE/7/8/17/DIV/padded",16129,2,5.3526567053134109
"DIVCORE/7/8/17/MOD/padded",16129,2,5.3242606485212969
"DIVCORE/7/8/127/DIV/normalized",16129,2,5.3552607105214207
"DIVCORE/7/8/127/MOD/normalized",16129,2,5.3346146692293388
"DIVCORE/7/8/127/DIV/top-clear",16129,2,5.3397606795213592
"DIVCORE/7/8/127/MOD/top-clear",16129,2,5.3268646537293076
"DIVCORE/7/8/127/DIV/top-one",16129,2,5.5154070308140613
"DIVCORE/7/8/127/MOD/top-one",16129,2,5.3139066278132558
"DIVCORE/7/8/127/DIV/padded",16129,2,5.3371566743133485
"DIVCORE/7/8/127/MOD/padded",16129,2,5.3242606485212969
"DIVCORE/8/8/17/DIV/normalized",15625,2,19.229375999999998
"DIVCORE/8/8/17/MOD/normalized",15625,2,13.645312000000001
"DIVCORE/8/8/17/DIV/top-clear",15625,2,32.194623999999997
"DIVCORE/8/8/17/MOD/top-clear",15625,2,32.925376
"DIVCORE/8/8/17/DIV/top-one",15625,2,34.762687999999997
"DIVCORE/8/8/17/MOD/top-one",15625,2,35.373376
"DIVCORE/8/8/17/DIV/padded",15625,2,19.226687999999999
"DIVCORE/8/8/17/MOD/padded",15625,2,13.637376
"DIVCORE/8/8/127/DIV/normalized",15625,2,19.391999999999999
"DIVCORE/8/8/127/MOD/normalized",15625,2,13.821312000000001
"DIVCORE/8/8/127/DIV/top-clear",15625,2,32.216000000000001
"DIVCORE/8/8/127/MOD/top-clear",15625,2,32.909312
"DIVCORE/8/8/127/DIV/top-one",15625,2,34.154688
"DIVCORE/8/8/127/MOD/top-one",15625,2,34.301375999999998
"DIVCORE/8/8/127/DIV/padded",15625,2,19.399999999999999
"DIVCORE/8/8/127/MOD/padded",15625,2,13.640000000000001
"DIVCORE/9/8/17/DIV/normalized",15151,2,31.20526697907729
"DIVCORE/9/8/17/MOD/normalized",15151,2,28.122434162761532
"DIVCORE/9/8/17/DIV/top-clear",15151,2,55.639891756319713
"DIVCORE/9/8/17/MOD/top-clear",15151,2,57.3202428882582
"DIVCORE/9/8/17/DIV/top-one",15151,2,57.201966866873477
"DIVCORE/9/8/17/MOD/top-one",15151,2,58.601742459243617
"DIVCORE/9/8/17/DIV/padded",15151,2,31.53527819945878
"DIVCORE/9/8/17/MOD/padded",15151,2,28.438716916375157
"DIVCORE/9/8/17/DIV/add-back",15151,2,34.246914395089433
"DIVCORE/9/8/17/MOD/add-back",15151,2,30.751567553296812
"DIVCORE/9/8/127/DIV/normalized",15151,2,30.715794337007459
"DIVCORE/9/8/127/MOD/normalized",15151,2,28.133456537522274
"DIVCORE/9/8/127/DIV/top-clear",15151,2,57.45218137416672
"DIVCORE/9/8/127/MOD/top-clear",15151,2,58.711702197874729
"DIVCORE/9/8/127/DIV/top-one",15151,2,55.505115173915911
"DIVCORE/9/8/127/MOD/top-one",15151,2,57.669460761665896
"DIVCORE/9/8/127/DIV/padded",15151,2,31.725034651178142
"DIVCORE/9/8/127/MOD/padded",15151,2,28.441489010626363
"DIVCORE/16/8/17/DIV/normalized",12500,2,187.41336000000001
"DIVCORE/16/8/17/MOD/normalized",12500,2,184.77336
"DIVCORE/16/8/17/DIV/top-clear",12500,2,221.13
"DIVCORE/16/8/17/MOD/top-clear",12500,2,222.25
"DIVCORE/16/8/17/DIV/top-one",12500,2,214.33672000000001
"DIVCORE/16/8/17/MOD/top-one",12500,2,216.79328000000001
"DIVCORE/16/8/17/DIV/padded",12500,2,190.88999999999999
"DIVCORE/16/8/17/MOD/padded",12500,2,186.94
"DIVCORE/16/8/17/DIV/add-back",12500,2,161.25999999999999
"DIVCORE/16/8/17/MOD/add-back",12500,2,156.59335999999999
"DIVCORE/16/8/127/DIV/normalized",12500,2,184.94
"DIVCORE/16/8/127/MOD/normalized",12500,2,182.69
"DIVCORE/16/8/127/DIV/top-clear",12500,2,221.63336000000001
"DIVCORE/16/8/127/MOD/top-clear",12500,2,223.01664
"DIVCORE/16/8/127/DIV/top-one",12500,2,214.74328
"DIVCORE/16/8/127/MOD/top-one",12500,2,216.96335999999999
"DIVCORE/16/8/127/DIV/padded",12500,2,188.58672000000001
"DIVCORE/16/8/127/MOD/padded",12500,2,185.75
"DIVCORE/32/8/17/DIV/normalized",8928,2,551.54200268817203
"DIVCORE/32/8/17/MOD/normalized",8928,2,548.80712365591398
"DIVCORE/32/8/17/DIV/top-clear",8928,2,601.2917786738351
"DIVCORE/32/8/17/MOD/top-clear",8928,2,601.83781362007164
"DIVCORE/32/8/17/DIV/top-one",8928,2,598.13698476702507
"DIVCORE/32/8/17/MOD/top-one",8928,2,597.77755376344089
"DIVCORE/32/8/17/DIV/padded",8928,2,564.16151433691755
"DIVCORE/32/8/17/MOD/padded",8928,2,558.86435931899643
"DIVCORE/32/8/17/DIV/add-back",8928,2,436.60864695340501
"DIVCORE/32/8/17/MOD/add-back",8928,2,430.05152329749103
"DIVCORE/32/8/127/DIV/normalized",8928,2,561.57123655913983
"DIVCORE/32/8/127/MOD/normalized",8928,2,558.76646505376345
"DIVCORE/32/8/127/DIV/top-clear",8928,2,605.73476702508958
"DIVCORE/32/8/127/MOD/top-clear",8928,2,605.63676075268813
"DIVCORE/32/8/127/DIV/top-one",8928,2,590.165770609319
"DIVCORE/32/8/127/MOD/top-one",8928,2,591.8318772401434
"DIVCORE/32/8/127/DIV/padded",8928,2,578.43772401433694
"DIVCORE/32/8/127/MOD/padded",8928,2,570.06518817204301
"DIVCORE/40/8/17/DIV/normalized",7812,2,731.37480798771116
"DIVCORE/40/8/17/MOD/normalized",7812,2,728.14797747055809
"DIVCORE/40/8/17/DIV/top-clear",7812,2,781.77803379416287
"DIVCORE/40/8/17/MOD/top-clear",7812,2,782.82347670250897
"DIVCORE/40/8/17/DIV/top-one",7812,2,773.31349206349205
"DIVCORE/40/8/17/MOD/top-one",7812,2,774.53481822836659
"DIVCORE/40/8/17/DIV/padded",7812,2,746.34101382488484
"DIVCORE/40/8/17/MOD/padded",7812,2,741.9782386072709
"DIVCORE/40/8/17/DIV/add-back",7812,2,573.03942652329749
"DIVCORE/40/8/17/MOD/add-back",7812,2,566.06822836661547
"DIVCORE/40/8/127/DIV/normalized",7812,2,739.91397849462362
"DIVCORE/40/8/127/MOD/normalized",7812,2,735.47644649257552
"DIVCORE/40/8/127/DIV/top-clear",7812,2,805.87019969278037
"DIVCORE/40/8/127/MOD/top-clear",7812,2,805.42754736303118
"DIVCORE/40/8/127/DIV/top-one",7812,2,765.23835125448034
"DIVCORE/40/8/127/MOD/top-one",7812,2,767.85714285714289
"DIVCORE/40/8/127/DIV/padded",7812,2,758.42178699436761
"DIVCORE/40/8/127/MOD/padded",7812,2,748.15463389656941
"DIVCORE/1032/8/17/DIV/normalized",473,2,25358.43974630021
"DIVCORE/1032/8/17/MOD/normalized",397,2,25195.108312342571
"DIVCORE/1032/8/17/DIV/top-clear",473,2,26913.232558139534
"DIVCORE/1032/8/17/MOD/top-clear",473,2,26916.930232558141
"DIVCORE/1032/8/17/DIV/top-one",370,2,27014.978378378379
"DIVCORE/1032/8/17/MOD/top-one",473,2,26974.101479915433
"DIVCORE/1032/8/17/DIV/padded",389,2,25776.241645244216
"DIVCORE/1032/8/17/MOD/padded",389,2,25658.953727506429
"DIVCORE/1032/8/17/DIV/add-back",473,2,17588.972515856236
"DIVCORE/1032/8/17/MOD/add-back",473,2,17552.061310782243
"DIVCORE/1032/8/127/DIV/normalized",385,2,26033.007792207791
"DIVCORE/1032/8/127/MOD/normalized",473,2,25896.405919661735
"DIVCORE/1032/8/127/DIV/top-clear",365,2,27194.290410958904
"DIVCORE/1032/8/127/MOD/top-clear",366,2,27150.956284153006
"DIVCORE/1032/8/127/DIV/top-one",375,2,26673.333333333332
"DIVCORE/1032/8/127/MOD/top-one",376,2,26625.444148936171
"DIVCORE/1032/8/127/DIV/padded",473,2,26490.661733615223
"DIVCORE/1032/8/127/MOD/padded",381,2,26298.556430446195
"DIVCORE/15/16/17/DIV/normalized",10638,2,6.0122203421695808
"DIVCORE/15/16/17/MOD/normalized",10638,2,5.412953562699756
"DIVCORE/15/16/17/DIV/top-clear",10638,2,5.3346493701823654
"DIVCORE/15/16/17/MOD/top-clear",10638,2,5.4090994547847338
"DIVCORE/15/16/17/DIV/top-one",10638,2,5.3385034780973868
"DIVCORE/15/16/17/MOD/top-one",10638,2,5.3581500282007894
"DIVCORE/15/16/17/DIV/padded",10638,2,5.3503478097386727
"DIVCORE/15/16/17/MOD/padded",10638,2,5.3777965783041921
"DIVCORE/15/16/127/DIV/normalized",10638,2,5.3346493701823654
"DIVCORE/15/16/127/MOD/normalized",10638,2,5.3463996991915774
"DIVCORE/15/16/127/DIV/top-clear",10638,2,5.3463996991915774
"DIVCORE/15/16/127/MOD/top-clear",10638,2,5.3659522466629062
"DIVCORE/15/16/127/DIV/top-one",10638,2,5.3620981387478848
"DIVCORE/15/16/127/MOD/top-one",10638,2,5.3463996991915774
"DIVCORE/15/16/127/DIV/padded",10638,2,5.3620981387478848
"DIVCORE/15/16/127/MOD/padded",10638,2,5.3699003572100015
"DIVCORE/16/16/17/DIV/normalized",10416,2,16.453052995391705
"DIVCORE/16/16/17/MOD/normalized",10416,2,13.636808755760368
"DIVCORE/16/16/17/DIV/top-clear",10416,2,47.511040706605222
"DIVCORE/16/16/17/MOD/top-clear",10416,2,53.395449308755758
"DIVCORE/16/16/17/DIV/top-one",10416,2,50.395161290322584
"DIVCORE/16/16/17/MOD/top-one",10416,2,55.771601382488477
"DIVCORE/16/16/17/DIV/padded",10416,2,16.453052995391705
"DIVCORE/16/16/17/MOD/padded",10416,2,13.640937019969279
"DIVCORE/16/16/127/DIV/normalized",10416,2,34.166186635944698
"DIVCORE/16/16/127/MOD/normalized",10416,2,32.346006144393243
"DIVCORE/16/16/127/DIV/top-clear",10416,2,47.751056067588323
"DIVCORE/16/16/127/MOD/top-clear",10416,2,53.68346774193548
"DIVCORE/16/16/127/DIV/top-one",10416,2,49.075076804915511
"DIVCORE/16/16/127/MOD/top-one",10416,2,55.331509216589865
"DIVCORE/16/16/127/DIV/padded",10416,2,34.406201996927805
"DIVCORE/16/16/127/MOD/padded",10416,2,32.34206989247312
"DIVCORE/17/16/17/DIV/normalized",10204,2,67.971677773422186
"DIVCORE/17/16/17/MOD/normalized",10204,2,66.546648373186983
"DIVCORE/17/16/17/DIV/top-clear",10204,2,85.097314778518225
"DIVCORE/17/16/17/MOD/top-clear",10204,2,88.217071736573899
"DIVCORE/17/16/17/DIV/top-one",10204,2,83.745785966287727
"DIVCORE/17/16/17/MOD/top-one",10204,2,88.568208545668369
"DIVCORE/17/16/17/DIV/padded",10204,2,67.249019992159944
"DIVCORE/17/16/17/MOD/padded",10204,2,65.582908663269308
"DIVCORE/17/16/17/DIV/add-back",10204,2,49.233143865150922
"DIVCORE/17/16/17/MOD/add-back",10204,2,45.627499019992158
"DIVCORE/17/16/127/DIV/normalized",10204,2,68.698549588396702
"DIVCORE/17/16/127/MOD/normalized",10204,2,65.840258722069777
"DIVCORE/17/16/127/DIV/top-clear",10204,2,84.068306546452376
"DIVCORE/17/16/127/MOD/top-clear",10204,2,88.960211681693451
"DIVCORE/17/16/127/DIV/top-one",10204,2,85.146315170521362
"DIVCORE/17/16/127/MOD/top-one",10204,2,90.258722069776553
"DIVCORE/17/16/127/DIV/padded",10204,2,67.832810662485301
"DIVCORE/17/16/127/MOD/padded",10204,2,66.522148177185414
"DIVCORE/32/16/17/DIV/normalized",7812,2,546.5789810547875
"DIVCORE/32/16/17/MOD/normalized",7812,2,545.17089093701998
"DIVCORE/32/16/17/DIV/top-clear",7812,2,585.92549923195088
"DIVCORE/32/16/17/MOD/top-clear",7812,2,589.70711725550439
"DIVCORE/32/16/17/DIV/top-one",7812,2,594.55005120327701
"DIVCORE/32/16/17/MOD/top-one",7812,2,600.77444956477211
"DIVCORE/32/16/17/DIV/padded",7812,2,555.77956989247309
"DIVCORE/32/16/17/MOD/padded",7812,2,552.95276497695852
"DIVCORE/32/16/17/DIV/add-back",7812,2,530.85522273425499
"DIVCORE/32/16/17/MOD/add-back",7812,2,528.73783922171015
"DIVCORE/32/16/127/DIV/normalized",7812,2,562.29723502304148
"DIVCORE/32/16/127/MOD/normalized",7812,2,560.29185867895546
"DIVCORE/32/16/127/DIV/top-clear",7812,2,588.29365079365084
"DIVCORE/32/16/127/MOD/top-clear",7812,2,593.44598054275468
"DIVCORE/32/16/127/DIV/top-one",7812,2,585.59485407066052
"DIVCORE/32/16/127/MOD/top-one",7812,2,590.72580645161293
"DIVCORE/32/16/127/DIV/padded",7812,2,571.85522273425499
"DIVCORE/32/16/127/MOD/padded",7812,2,568.35099846390165
"DIVCORE/48/16/17/DIV/normalized",6250,2,1063.72
"DIVCORE/48/16/17/MOD/normalized",6250,2,1051.58672
"DIVCORE/48/16/17/DIV/top-clear",6250,2,1140.0532800000001
"DIVCORE/48/16/17/MOD/top-clear",6250,2,1137.22
"DIVCORE/48/16/17/DIV/top-one",6250,2,1157.19328
"DIVCORE/48/16/17/MOD/top-one",6250,2,1154.60672
"DIVCORE/48/16/17/DIV/padded",6250,2,1074.80672
"DIVCORE/48/16/17/MOD/padded",6250,2,1058.3534400000001
"DIVCORE/48/16/17/DIV/add-back",6250,2,1052.40672
"DIVCORE/48/16/17/MOD/add-back",6250,2,1039.3599999999999
"DIVCORE/48/16/127/DIV/normalized",6250,2,1128.38672
"DIVCORE/48/16/127/MOD/normalized",6250,2,1115.9465600000001
"DIVCORE/48/16/127/DIV/top-clear",6250,2,1142.0132799999999
"DIVCORE/48/16/127/MOD/top-clear",6250,2,1141.23344
"DIVCORE/48/16/127/DIV/top-one",6250,2,1140.3399999999999
"DIVCORE/48/16/127/MOD/top-one",6250,2,1137.9267199999999
"DIVCORE/48/16/127/DIV/padded",6250,2,1148.24656
"DIVCORE/48/16/127/MOD/padded",6250,2,1141.9465600000001
"DIVCORE/64/16/17/DIV/normalized",5208,2,1621.3517665130569
"DIVCORE/64/16/17/MOD/normalized",5208,2,1585.9014976958526
"DIVCORE/64/16/17/DIV/top-clear",5208,2,1729.502688172043
"DIVCORE/64/16/17/MOD/top-clear",5208,2,1727.2306067588327
"DIVCORE/64/16/17/DIV/top-one",5208,2,1717.5099846390169
"DIVCORE/64/16/17/MOD/top-one",5208,2,1704.3331413210446
"DIVCORE/64/16/17/DIV/padded",5208,2,1643.5372503840247
"DIVCORE/64/16/17/MOD/padded",5208,2,1610.3269969278033
"DIVCORE/64/16/17/DIV/add-back",5208,2,1574.5727726574501
"DIVCORE/64/16/17/MOD/add-back",5208,2,1541.2346390168971
"DIVCORE/64/16/127/DIV/normalized",5208,2,1665.5385944700461
"DIVCORE/64/16/127/MOD/normalized",5208,2,1636.5526113671274
"DIVCORE/64/16/127/DIV/top-clear",5208,2,1736.2551843317972
"DIVCORE/64/16/127/MOD/top-clear",5208,2,1724.5902457757297
"DIVCORE/64/16/127/DIV/top-one",5208,2,1693.4362519201229
"DIVCORE/64/16/127/MOD/top-one",5208,2,1674.7951228878649
"DIVCORE/64/16/127/DIV/padded",5208,2,1687.9560291858679
"DIVCORE/64/16/127/MOD/padded",5208,2,1659.9062980030722
"DIVCORE/1040/16/17/DIV/normalized",292,2,34268.407534246573
"DIVCORE/1040/16/17/MOD/normalized",293,2,34245.307167235493
"DIVCORE/1040/16/17/DIV/top-clear",272,2,36905.941176470587
"DIVCORE/1040/16/17/MOD/top-clear",272,2,36819.698529411762
"DIVCORE/1040/16/17/DIV/top-one",466,2,38807.403433476393
"DIVCORE/1040/16/17/MOD/top-one",466,2,38780.1330472103
"DIVCORE/1040/16/17/DIV/padded",288,2,34850.548611111109
"DIVCORE/1040/16/17/MOD/padded",289,2,34980.391003460209
"DIVCORE/1040/16/17/DIV/add-back",308,2,32536.525974025975
"DIVCORE/1040/16/17/MOD/add-back",309,2,32523.058252427185
"DIVCORE/1040/16/127/DIV/normalized",262,2,38171.755725190837
"DIVCORE/1040/16/127/MOD/normalized",466,2,38150.214592274679
"DIVCORE/1040/16/127/DIV/top-clear",466,2,39509.5686695279
"DIVCORE/1040/16/127/MOD/top-clear",254,2,39715.059055118109
"DIVCORE/1040/16/127/DIV/top-one",466,2,38404.952789699571
"DIVCORE/1040/16/127/MOD/top-one",256,2,38137.859375
"DIVCORE/1040/16/127/DIV/padded",260,2,38686.857692307691
"DIVCORE/1040/16/127/MOD/padded",260,2,38777.403846153844
"DIVCORE/31/32/17/DIV/normalized",6329,2,6.4978669616053093
"DIVCORE/31/32/17/MOD/normalized",6329,2,5.7144888607994941
"DIVCORE/31/32/17/DIV/top-clear",6329,2,5.4510981197661561
"DIVCORE/31/32/17/MOD/top-clear",6329,2,5.4115974087533578
"DIVCORE/31/32/17/DIV/top-one",6329,2,5.3589824616843105
"DIVCORE/31/32/17/MOD/top-one",6329,2,5.3918470532469582
"DIVCORE/31/32/17/DIV/padded",6329,2,5.3458682256280614
"DIVCORE/31/32/17/MOD/padded",6329,2,5.4642123558224052
"DIVCORE/31/32/127/DIV/normalized",6329,2,5.3523463422341599
"DIVCORE/31/32/127/MOD/normalized",6329,2,5.437983883709907
"DIVCORE/31/32/127/DIV/top-clear",6329,2,5.365460578290409
"DIVCORE/31/32/127/MOD/top-clear",6329,2,5.4313477642597565
"DIVCORE/31/32/127/DIV/top-one",6329,2,5.4115974087533578
"DIVCORE/31/32/127/MOD/top-one",6329,2,5.4182335282035075
"DIVCORE/31/32/127/DIV/padded",6329,2,5.3787328171907092
"DIVCORE/31/32/127/MOD/padded",6329,2,5.3983251698530577
"DIVCORE/32/32/17/DIV/normalized",6250,2,56.119999999999997
"DIVCORE/32/32/17/MOD/normalized",6250,2,52.846719999999998
"DIVCORE/32/32/17/DIV/top-clear",6250,2,85.22672
"DIVCORE/32/32/17/MOD/top-clear",6250,2,93.359999999999999
"DIVCORE/32/32/17/DIV/top-one",6250,2,85.41328
"DIVCORE/32/32/17/MOD/top-one",6250,2,94.513279999999995
"DIVCORE/32/32/17/DIV/padded",6250,2,55.366720000000001
"DIVCORE/32/32/17/MOD/padded",6250,2,52.719999999999999
"DIVCORE/32/32/127/DIV/normalized",6250,2,55.526719999999997
"DIVCORE/32/32/127/MOD/normalized",6250,2,52.719999999999999
"DIVCORE/32/32/127/DIV/top-clear",6250,2,84.326560000000001
"DIVCORE/32/32/127/MOD/top-clear",6250,2,93.386719999999997
"DIVCORE/32/32/127/DIV/top-one",6250,2,86.739999999999995
"DIVCORE/32/32/127/MOD/top-one",6250,2,95.946719999999999
"DIVCORE/32/32/127/DIV/padded",6250,2,56.073439999999998
"DIVCORE/32/32/127/MOD/padded",6250,2,52.920000000000002
"DIVCORE/33/32/17/DIV/normalized",6172,2,61.770900842514585
"DIVCORE/33/32/17/MOD/normalized",6172,2,57.288399222294231
"DIVCORE/33/32/17/DIV/top-clear",6172,2,138.549092676604
"DIVCORE/33/32/17/MOD/top-clear",6172,2,149.08052495139339
"DIVCORE/33/32/17/DIV/top-one",6172,2,139.98023331173039
"DIVCORE/33/32/17/MOD/top-one",6172,2,148.94556059624108
"DIVCORE/33/32/17/DIV/padded",6172,2,59.867141931302655
"DIVCORE/33/32/17/MOD/padded",6172,2,58.537265068049251
"DIVCORE/33/32/17/DIV/add-back",6172,2,82.820155541153596
"DIVCORE/33/32/17/MOD/add-back",6172,2,78.418664938431633
"DIVCORE/33/32/127/DIV/normalized",6172,2,109.95900842514583
"DIVCORE/33/32/127/MOD/normalized",6172,2,105.8948476992871
"DIVCORE/33/32/127/DIV/top-clear",6172,2,139.17692806221646
"DIVCORE/33/32/127/MOD/top-clear",6172,2,147.90586519766688
"DIVCORE/33/32/127/DIV/top-one",6172,2,139.54828256642904
"DIVCORE/33/32/127/MOD/top-one",6172,2,147.89241736876215
"DIVCORE/33/32/127/DIV/padded",6172,2,112.15975372650681
"DIVCORE/33/32/127/MOD/padded",6172,2,106.24594944912508
"DIVCORE/64/32/17/DIV/normalized",4464,2,1825.6796594982079
"DIVCORE/64/32/17/MOD/normalized",4464,2,1798.527105734767
"DIVCORE/64/32/17/DIV/top-clear",4464,2,1896.206541218638
"DIVCORE/64/32/17/MOD/top-clear",4464,2,1917.6561379928316
"DIVCORE/64/32/17/DIV/top-one",4464,2,1874.1505376344087
"DIVCORE/64/32/17/MOD/top-one",4464,2,1845.7101254480287
"DIVCORE/64/32/17/DIV/padded",4464,2,1826.8649193548388
"DIVCORE/64/32/17/MOD/padded",4464,2,1806.4424283154121
"DIVCORE/64/32/17/DIV/add-back",4464,2,2103.2054211469535
"DIVCORE/64/32/17/MOD/add-back",4464,2,2074.3727598566306
"DIVCORE/64/32/127/DIV/normalized",4464,2,1813.9372759856631
"DIVCORE/64/32/127/MOD/normalized",4464,2,1775.8270609318997
"DIVCORE/64/32/127/DIV/top-clear",4464,2,1879.8537186379929
"DIVCORE/64/32/127/MOD/top-clear",4464,2,1872.2464157706092
"DIVCORE/64/32/127/DIV/top-one",4464,2,1851.777329749104
"DIVCORE/64/32/127/MOD/top-one",4464,2,1848.7437275985662
"DIVCORE/64/32/127/DIV/padded",4464,2,1823.6538978494623
"DIVCORE/64/32/127/MOD/padded",4464,2,1791.5918458781362
"DIVCORE/128/32/17/DIV/normalized",1830,2,5474.5901639344265
"DIVCORE/128/32/17/MOD/normalized",1829,2,5460.9989065062873
"DIVCORE/128/32/17/DIV/top-clear",2840,2,5686.0623239436618
"DIVCORE/128/32/17/MOD/top-clear",1761,2,5711.8353208404315
"DIVCORE/128/32/17/DIV/top-one",1894,2,5283.9450897571278
"DIVCORE/128/32/17/MOD/top-one",1888,2,5290.2764830508477
"DIVCORE/128/32/17/DIV/padded",2840,2,5574.4278169014087
"DIVCORE/128/32/17/MOD/padded",1814,2,5617.4889746416757
"DIVCORE/128/32/17/DIV/add-back",1608,2,6349.398631840796
"DIVCORE/128/32/17/MOD/add-back",1610,2,6223.7316770186335
"DIVCORE/128/32/127/DIV/normalized",2840,2,5327.9929577464791
"DIVCORE/128/32/127/MOD/normalized",1879,2,5321.3810537519958
"DIVCORE/128/32/127/DIV/top-clear",1791,2,5578.5404801786708
"DIVCORE/128/32/127/MOD/top-clear",2840,2,5602.6264084507038
"DIVCORE/128/32/127/DIV/top-one",1815,2,5544.6743801652892
"DIVCORE/128/32/127/MOD/top-one",2840,2,5540.0968309859154
"DIVCORE/128/32/127/DIV/padded",2840,2,5360.1084507042251
"DIVCORE/128/32/127/MOD/padded",2840,2,5350.5869718309859
"DIVCORE/1056/32/17/DIV/normalized",165,2,61358.587878787876
"DIVCORE/1056/32/17/MOD/normalized",165,2,61003.030303030304
"DIVCORE/1056/32/17/DIV/top-clear",165,2,60802.775757575757
"DIVCORE/1056/32/17/MOD/top-clear",165,2,60788.381818181821
"DIVCORE/1056/32/17/DIV/top-one",358,2,55851.488826815643
"DIVCORE/1056/32/17/MOD/top-one",180,2,55649.533333333333
"DIVCORE/1056/32/17/DIV/padded",163,2,61748.466257668711
"DIVCORE/1056/32/17/MOD/padded",163,2,61623.723926380371
"DIVCORE/1056/32/17/DIV/add-back",152,2,65872.256578947374
"DIVCORE/1056/32/17/MOD/add-back",304,2,65787.006578947374
"DIVCORE/1056/32/127/DIV/normalized",176,2,57099.670454545456
"DIVCORE/1056/32/127/MOD/normalized",350,2,57173.214285714283
"DIVCORE/1056/32/127/DIV/top-clear",164,2,61300.810975609755
"DIVCORE/1056/32/127/MOD/top-clear",163,2,61289.625766871162
"DIVCORE/1056/32/127/DIV/top-one",162,2,61806.067901234564
"DIVCORE/1056/32/127/MOD/top-one",324,2,61884.003086419754
"DIVCORE/1056/32/127/DIV/padded",174,2,57494.488505747126
"DIVCORE/1056/32/127/MOD/padded",174,2,58432.706896551725
"DIVCORE/63/64/17/DIV/normalized",3496,2,5.5657894736842106
"DIVCORE/63/64/17/MOD/normalized",3496,2,5.3752860411899315
"DIVCORE/63/64/17/DIV/top-clear",3496,2,5.887871853546911
"DIVCORE/63/64/17/MOD/top-clear",3496,2,5.8043478260869561
"DIVCORE/63/64/17/DIV/top-one",3496,2,5.7208237986270021
"DIVCORE/63/64/17/MOD/top-one",3496,2,6.0306064073226544
"DIVCORE/63/64/17/DIV/padded",3496,2,6.1141304347826084
"DIVCORE/63/64/17/MOD/padded",3496,2,5.6015446224256289
"DIVCORE/63/64/127/DIV/normalized",3496,2,5.8518306636155604
"DIVCORE/63/64/127/MOD/normalized",3496,2,6.4121853546910756
"DIVCORE/63/64/127/DIV/top-clear",3496,2,5.6733409610983978
"DIVCORE/63/64/127/MOD/top-clear",3496,2,5.458524027459954
"DIVCORE/63/64/127/DIV/top-one",3496,2,6.1498855835240276
"DIVCORE/63/64/127/MOD/top-one",3496,2,5.9353546910755153
"DIVCORE/63/64/127/DIV/padded",3496,2,6.0188787185354693
"DIVCORE/63/64/127/MOD/padded",3496,2,5.8401029748283753
"DIVCORE/64/64/17/DIV/normalized",3472,2,19.117223502304146
"DIVCORE/64/64/17/MOD/normalized",3472,2,13.6448732718894
"DIVCORE/64/64/17/DIV/top-clear",3472,2,157.36607142857142
"DIVCORE/64/64/17/MOD/top-clear",3472,2,182.69959677419354
"DIVCORE/64/64/17/DIV/top-one",3472,2,157.99020737327189
"DIVCORE/64/64/17/MOD/top-one",3472,2,181.39141705069125
"DIVCORE/64/64/17/DIV/padded",3472,2,19.09302995391705
"DIVCORE/64/64/17/MOD/padded",3472,2,13.692684331797235
"DIVCORE/64/64/127/DIV/normalized",3472,2,96.150345622119815
"DIVCORE/64/64/127/MOD/normalized",3472,2,93.02995391705069
"DIVCORE/64/64/127/DIV/top-clear",3472,2,156.40581797235023
"DIVCORE/64/64/127/MOD/top-clear",3472,2,179.49539170506912
"DIVCORE/64/64/127/DIV/top-one",3472,2,157.24596774193549
"DIVCORE/64/64/127/MOD/top-one",3472,2,181.28341013824885
"DIVCORE/64/64/127/DIV/padded",3472,2,96.810195852534562
"DIVCORE/64/64/127/MOD/padded",3472,2,94.47004608294931
"DIVCORE/65/64/17/DIV/normalized",3448,2,192.40632250580046
"DIVCORE/65/64/17/MOD/normalized",3448,2,185.42140371229698
"DIVCORE/65/64/17/DIV/top-clear",3448,2,252.79147331786544
"DIVCORE/65/64/17/MOD/top-clear",3448,2,275.15951276102089
"DIVCORE/65/64/17/DIV/top-one",3448,2,253.34744779582365
"DIVCORE/65/64/17/MOD/top-one",3448,2,275.93300464037122
"DIVCORE/65/64/17/DIV/padded",3448,2,192.82917633410673
"DIVCORE/65/64/17/MOD/padded",3448,2,185.78393271461718
"DIVCORE/65/64/17/DIV/add-back",3448,2,153.59135730858469
"DIVCORE/65/64/17/MOD/add-back",3448,2,148.80597447795824
"DIVCORE/65/64/127/DIV/normalized",3448,2,188.92604408352668
"DIVCORE/65/64/127/MOD/normalized",3448,2,185.33700696055683
"DIVCORE/65/64/127/DIV/top-clear",3448,2,262.35005800464035
"DIVCORE/65/64/127/MOD/top-clear",3448,2,275.14733178654291
"DIVCORE/65/64/127/DIV/top-one",3448,2,254.03596287703016
"DIVCORE/65/64/127/MOD/top-one",3448,2,277.5522041763341
"DIVCORE/65/64/127/DIV/padded",3448,2,191.83845707656613
"DIVCORE/65/64/127/MOD/padded",3448,2,184.86542923433873
"DIVCORE/96/64/17/DIV/normalized",2840,2,3101.907042253521
"DIVCORE/96/64/17/MOD/normalized",2840,2,3069.5718309859153
"DIVCORE/96/64/17/DIV/top-clear",2840,2,3332.3799295774647
"DIVCORE/96/64/17/MOD/top-clear",2840,2,3348.5475352112676
"DIVCORE/96/64/17/DIV/top-one",2840,2,3276.0711267605634
"DIVCORE/96/64/17/MOD/top-one",2840,2,3257.3795774647888
"DIVCORE/96/64/17/DIV/padded",2840,2,3117.605633802817
"DIVCORE/96/64/17/MOD/padded",2840,2,3086.1355633802818
"DIVCORE/96/64/17/DIV/add-back",2840,2,4323.7528169014086
"DIVCORE/96/64/17/MOD/add-back",2330,2,4290.9154506437771
"DIVCORE/96/64/127/DIV/normalized",2840,2,3113.6591549295777
"DIVCORE/96/64/127/MOD/normalized",2840,2,3071.493661971831
"DIVCORE/96/64/127/DIV/top-clear",2840,2,3252.6992957746479
"DIVCORE/96/64/127/MOD/top-clear",2840,2,3251.907394366197
"DIVCORE/96/64/127/DIV/top-one",2840,2,3303.2570422535209
"DIVCORE/96/64/127/MOD/top-one",2840,2,3306.1915492957746
"DIVCORE/96/64/127/DIV/padded",2840,2,3142.0186619718311
"DIVCORE/96/64/127/MOD/padded",2840,2,3096.8897887323942
"DIVCORE/128/64/17/DIV/normalized",1587,2,6309.9136735979837
"DIVCORE/128/64/17/MOD/normalized",1597,2,6281.2830306825299
"DIVCORE/128/64/17/DIV/top-clear",1592,2,6285.0188442211056
"DIVCORE/128/64/17/MOD/top-clear",1593,2,6287.5863151286876
"DIVCORE/128/64/17/DIV/top-one",1555,2,6467.0418006430864
"DIVCORE/128/64/17/MOD/top-one",1553,2,6457.2601416613006
"DIVCORE/128/64/17/DIV/padded",1584,2,6319.86553030303
"DIVCORE/128/64/17/MOD/padded",2403,2,6300.682896379526
"DIVCORE/128/64/17/DIV/add-back",1165,2,8598.0326180257507
"DIVCORE/128/64/17/MOD/add-back",2334,2,8585.8684661525276
"DIVCORE/128/64/127/DIV/normalized",2403,2,6251.6300457761135
"DIVCORE/128/64/127/MOD/normalized",2403,2,6247.5551394090717
"DIVCORE/128/64/127/DIV/top-clear",1541,2,6510.3290071382216
"DIVCORE/128/64/127/MOD/top-clear",1535,2,6514.6846905537459
"DIVCORE/128/64/127/DIV/top-one",1553,2,6453.5305859626533
"DIVCORE/128/64/127/MOD/top-one",1548,2,6453.0574935400518
"DIVCORE/128/64/127/DIV/padded",1597,2,6269.1765810895431
"DIVCORE/128/64/127/MOD/padded",1603,2,6251.4298190892077
"DIVCORE/256/64/17/DIV/normalized",1024,2,19121.5
"DIVCORE/256/64/17/MOD/normalized",1024,2,19145.5478515625
"DIVCORE/256/64/17/DIV/top-clear",1024,2,18654.826171875
"DIVCORE/256/64/17/MOD/top-clear",1024,2,18686.8486328125
"DIVCORE/256/64/17/DIV/top-one",1024,2,19325.724609375
"DIVCORE/256/64/17/MOD/top-one",1024,2,19334.1064453125
"DIVCORE/256/64/17/DIV/padded",1024,2,19217.732421875
"DIVCORE/256/64/17/MOD/padded",1024,2,19195.556640625
"DIVCORE/256/64/17/DIV/add-back",774,2,25712.693798449611
"DIVCORE/256/64/17/MOD/add-back",391,2,25674.447570332482
"DIVCORE/256/64/127/DIV/normalized",1024,2,19030.6396484375
"DIVCORE/256/64/127/MOD/normalized",1024,2,19011.189453125
"DIVCORE/256/64/127/DIV/top-clear",1024,2,18996.9072265625
"DIVCORE/256/64/127/MOD/top-clear",1024,2,19046.2646484375
"DIVCORE/256/64/127/DIV/top-one",1024,2,19149.90234375
"DIVCORE/256/64/127/MOD/top-one",1024,2,19208.4150390625
"DIVCORE/256/64/127/DIV/padded",1024,2,19145.99609375
"DIVCORE/256/64/127/MOD/padded",1024,2,19100.5458984375
"DIVCORE/1088/64/17/DIV/normalized",128,2,103022.4609375
"DIVCORE/1088/64/17/MOD/normalized",128,2,102983.3984375
"DIVCORE/1088/64/17/DIV/top-clear",128,2,99579.4296875
"DIVCORE/1088/64/17/MOD/top-clear",128,2,99033.53125
"DIVCORE/1088/64/17/DIV/top-one",128,2,103434.25
"DIVCORE/1088/64/17/MOD/top-one",128,2,103713.8671875
"DIVCORE/1088/64/17/DIV/padded",128,2,103535.8125
"DIVCORE/1088/64/17/MOD/padded",128,2,103802.734375
"DIVCORE/1088/64/17/DIV/add-back",128,2,136765.953125
"DIVCORE/1088/64/17/MOD/add-back",128,2,136872.3984375
"DIVCORE/1088/64/127/DIV/normalized",128,2,102339.84375
"DIVCORE/1088/64/127/MOD/normalized",128,2,102689.1328125
"DIVCORE/1088/64/127/DIV/top-clear",128,2,101238.609375
"DIVCORE/1088/64/127/MOD/top-clear",128,2,101228.8359375
"DIVCORE/1088/64/127/DIV/top-one",128,2,103722.0078125
"DIVCORE/1088/64/127/MOD/top-one",128,2,109060.875
"DIVCORE/1088/64/127/DIV/padded",128,2,106589.515625
"DIVCORE/1088/64/127/MOD/padded",128,2,109175.4609375
"DIVCORE/65536/64/17/DIV/normalized",2,2,6607042
"DIVCORE/65536/64/17/MOD/normalized",2,2,6604083
"DIVCORE/65536/64/17/DIV/top-one",2,2,6629666.5
"DIVCORE/65536/64/17/MOD/top-one",2,2,6657708.5
"DIVCORE/65536/64/17/DIV/add-back",2,2,8737895.5
"DIVCORE/65536/64/17/MOD/add-back",2,2,8737083
"DIVCORE/500000/64/17/DIV/normalized",1,2,50541250
"DIVCORE/500000/64/17/MOD/normalized",1,2,50459708
"DIVCORE/500000/64/17/DIV/top-one",1,2,50620042
"DIVCORE/500000/64/17/MOD/top-one",1,2,50596667
"DIVCORE/500000/64/17/DIV/add-back",1,2,66797750
"DIVCORE/500000/64/17/MOD/add-back",1,2,66706417
"DIVCORE/127/128/17/DIV/normalized",1845,2,6.2552845528455281
"DIVCORE/127/128/17/MOD/normalized",1845,2,5.4428184281842817
"DIVCORE/127/128/17/DIV/top-clear",1845,2,5.5555555555555554
"DIVCORE/127/128/17/MOD/top-clear",1845,2,5.3523035230352303
"DIVCORE/127/128/17/DIV/top-one",1845,2,5.3523035230352303
"DIVCORE/127/128/17/MOD/top-one",1845,2,5.3523035230352303
"DIVCORE/127/128/17/DIV/padded",1845,2,5.5327913279132792
"DIVCORE/127/128/17/MOD/padded",1845,2,5.4878048780487809
"DIVCORE/127/128/127/DIV/normalized",1845,2,5.5100271002710031
"DIVCORE/127/128/127/MOD/normalized",1845,2,5.3978319783197835
"DIVCORE/127/128/127/DIV/top-clear",1845,2,5.3750677506775064
"DIVCORE/127/128/127/MOD/top-clear",1845,2,5.3295392953929541
"DIVCORE/127/128/127/DIV/top-one",1845,2,5.8043360433604336
"DIVCORE/127/128/127/MOD/top-one",1845,2,5.3750677506775064
"DIVCORE/127/128/127/DIV/padded",1845,2,5.3978319783197835
"DIVCORE/127/128/127/MOD/padded",1845,2,5.5100271002710031
"DIVCORE/128/128/17/DIV/normalized",1838,2,26.999455930359087
"DIVCORE/128/128/17/MOD/normalized",1838,2,13.64689880304679
"DIVCORE/128/128/17/DIV/top-clear",1838,2,313.6561479869423
"DIVCORE/128/128/17/MOD/top-clear",1838,2,372.03046789989116
"DIVCORE/128/128/17/DIV/top-one",1838,2,314.54026115342765
"DIVCORE/128/128/17/MOD/top-one",1838,2,370.85146898803049
"DIVCORE/128/128/17/DIV/padded",1838,2,26.840587595212188
"DIVCORE/128/128/17/MOD/padded",1838,2,13.692056583242655
"DIVCORE/128/128/127/DIV/normalized",1838,2,188.9961915125136
"DIVCORE/128/128/127/MOD/normalized",1838,2,182.33133841131664
"DIVCORE/128/128/127/DIV/top-clear",1838,2,313.72415669205657
"DIVCORE/128/128/127/MOD/top-clear",1838,2,370.55658324265505
"DIVCORE/128/128/127/DIV/top-one",1838,2,315.15233949945593
"DIVCORE/128/128/127/MOD/top-one",1838,2,371.35038084874861
"DIVCORE/128/128/127/DIV/padded",1838,2,188.06692056583242
"DIVCORE/128/128/127/MOD/padded",1838,2,181.60609357997825
"DIVCORE/129/128/17/DIV/normalized",1831,2,365.60185690879302
"DIVCORE/129/128/17/MOD/normalized",1831,2,358.1605679956308
"DIVCORE/129/128/17/DIV/top-clear",1831,2,487.27908246859641
"DIVCORE/129/128/17/MOD/top-clear",1831,2,544.39705079191697
"DIVCORE/129/128/17/DIV/top-one",1831,2,484.84434735117424
"DIVCORE/129/128/17/MOD/top-one",1831,2,547.401419989077
"DIVCORE/129/128/17/DIV/padded",1831,2,365.98853085745492
"DIVCORE/129/128/17/MOD/padded",1831,2,359.38940469688697
"DIVCORE/129/128/17/DIV/add-back",1831,2,309.64391043145821
"DIVCORE/129/128/17/MOD/add-back",1831,2,303.204259967231
"DIVCORE/129/128/127/DIV/normalized",1831,2,366.92135445111961
"DIVCORE/129/128/127/MOD/normalized",1831,2,358.59257236482796
"DIVCORE/129/128/127/DIV/top-clear",1831,2,484.95794647733481
"DIVCORE/129/128/127/MOD/top-clear",1831,2,545.21682140906603
"DIVCORE/129/128/127/DIV/top-one",1831,2,488.23539049699616
"DIVCORE/129/128/127/MOD/top-one",1831,2,543.25942108137633
"DIVCORE/129/128/127/DIV/padded",1831,2,366.23866739486618
"DIVCORE/129/128/127/MOD/padded",1831,2,359.34407427635171
"DIVCORE/160/128/17/DIV/normalized",1644,2,5817.3412408759123
"DIVCORE/160/128/17/MOD/normalized",1644,2,5779.8309002433089
"DIVCORE/160/128/17/DIV/top-clear",1633,2,6119.4635639926519
"DIVCORE/160/128/17/MOD/top-clear",1644,2,6166.3120437956204
"DIVCORE/160/128/17/DIV/top-one",1644,2,6102.6970802919705
"DIVCORE/160/128/17/MOD/top-one",1644,2,6149.9136253041361
"DIVCORE/160/128/17/DIV/padded",1644,2,5843.2433090024333
"DIVCORE/160/128/17/MOD/padded",1644,2,5808.3692214111925
"DIVCORE/160/128/17/DIV/add-back",1114,2,8966.1131059245963
"DIVCORE/160/128/17/MOD/add-back",1121,2,8942.57359500446
"DIVCORE/160/128/127/DIV/normalized",1644,2,5820.2810218978102
"DIVCORE/160/128/127/MOD/normalized",1644,2,5796.5583941605837
"DIVCORE/160/128/127/DIV/top-clear",1644,2,6048.5346715328469
"DIVCORE/160/128/127/MOD/top-clear",1644,2,6084.0681265206813
"DIVCORE/160/128/127/DIV/top-one",1644,2,6202.554744525547
"DIVCORE/160/128/127/MOD/top-one",1644,2,6254.3844282238442
"DIVCORE/160/128/127/DIV/padded",1644,2,5830.3935523114351
"DIVCORE/160/128/127/MOD/padded",1644,2,5800.258515815085
"DIVCORE/256/128/17/DIV/normalized",866,2,22987.009237875289
"DIVCORE/256/128/17/MOD/normalized",870,2,22953.11379310345
"DIVCORE/256/128/17/DIV/top-clear",428,2,23401.672897196262
"DIVCORE/256/128/17/MOD/top-clear",427,2,23432.962529274006
"DIVCORE/256/128/17/DIV/top-one",427,2,23516.784543325528
"DIVCORE/256/128/17/MOD/top-one",848,2,23544.32075471698
"DIVCORE/256/128/17/DIV/padded",435,2,23033.908045977012
"DIVCORE/256/128/17/MOD/padded",868,2,23041.377880184333
"DIVCORE/256/128/17/DIV/add-back",280,2,35821.282142857141
"DIVCORE/256/128/17/MOD/add-back",560,2,35686.830357142855
"DIVCORE/256/128/127/DIV/normalized",866,2,23095.795612009239
"DIVCORE/256/128/127/MOD/normalized",433,2,23143.667436489606
"DIVCORE/256/128/127/DIV/top-clear",854,2,23327.33138173302
"DIVCORE/256/128/127/MOD/top-clear",430,2,23341.667441860463
"DIVCORE/256/128/127/DIV/top-one",836,2,23926.035885167465
"DIVCORE/256/128/127/MOD/top-one",418,2,24026.516746411482
"DIVCORE/256/128/127/DIV/padded",432,2,23233.891203703704
"DIVCORE/256/128/127/MOD/padded",433,2,23267.226327944572
"DIVCORE/512/128/17/DIV/normalized",145,2,69223.275862068971
"DIVCORE/512/128/17/MOD/normalized",145,2,69213.793103448275
"DIVCORE/512/128/17/DIV/top-clear",288,2,69419.270833333328
"DIVCORE/512/128/17/MOD/top-clear",145,2,69570.399999999994
"DIVCORE/512/128/17/DIV/top-one",286,2,69994.611888111889
"DIVCORE/512/128/17/MOD/top-one",143,2,70016.027972027965
"DIVCORE/512/128/17/DIV/padded",145,2,69386.206896551725
"DIVCORE/512/128/17/MOD/padded",144,2,69391.208333333328
"DIVCORE/512/128/17/DIV/add-back",128,2,107091.4765625
"DIVCORE/512/128/17/MOD/add-back",128,2,107124.3515625
"DIVCORE/512/128/127/DIV/normalized",145,2,68932.468965517241
"DIVCORE/512/128/127/MOD/normalized",146,2,68914.952054794514
"DIVCORE/512/128/127/DIV/top-clear",146,2,68939.787671232873
"DIVCORE/512/128/127/MOD/top-clear",145,2,69029.88275862069
"DIVCORE/512/128/127/DIV/top-one",141,2,71125
"DIVCORE/512/128/127/MOD/top-one",141,2,70996.751773049647
"DIVCORE/512/128/127/DIV/padded",145,2,69196.841379310339
"DIVCORE/512/128/127/MOD/padded",145,2,69112.35172413793
"DIVCORE/1152/128/17/DIV/normalized",54,2,185449.85185185185
"DIVCORE/1152/128/17/MOD/normalized",54,2,185425.16666666666
"DIVCORE/1152/128/17/DIV/top-clear",55,2,185475
"DIVCORE/1152/128/17/MOD/top-clear",108,2,185553.24074074073
"DIVCORE/1152/128/17/DIV/top-one",106,2,185707.15094339623
"DIVCORE/1152/128/17/MOD/top-one",54,2,185622.6851851852
"DIVCORE/1152/128/17/DIV/padded",54,2,186856.48148148149
"DIVCORE/1152/128/17/MOD/padded",54,2,186054.01851851851
"DIVCORE/1152/128/17/DIV/add-back",35,2,285436.91428571427
"DIVCORE/1152/128/17/MOD/add-back",36,2,287258.08333333331
"DIVCORE/1152/128/127/DIV/normalized",55,2,184353.03636363638
"DIVCORE/1152/128/127/MOD/normalized",108,2,183931.32407407407
"DIVCORE/1152/128/127/DIV/top-clear",55,2,184265.14545454545
"DIVCORE/1152/128/127/MOD/top-clear",55,2,184225.76363636364
"DIVCORE/1152/128/127/DIV/top-one",53,2,189150.15094339623
"DIVCORE/1152/128/127/MOD/top-one",53,2,189093.56603773584
"DIVCORE/1152/128/127/DIV/padded",55,2,184399.23636363636
"DIVCORE/1152/128/127/MOD/padded",55,2,184429.54545454544
"DIVCORE/255/256/17/DIV/normalized",948,2,5.6255274261603372
"DIVCORE/255/256/17/MOD/normalized",948,2,5.4493670886075947
"DIVCORE/255/256/17/DIV/top-clear",948,2,5.537974683544304
"DIVCORE/255/256/17/MOD/top-clear",948,2,5.4504219409282699
"DIVCORE/255/256/17/DIV/top-one",948,2,5.9767932489451479
"DIVCORE/255/256/17/MOD/top-one",948,2,5.8459915611814344
"DIVCORE/255/256/17/DIV/padded",948,2,5.6698312236286919
"DIVCORE/255/256/17/MOD/padded",948,2,5.4504219409282699
"DIVCORE/255/256/127/DIV/normalized",948,2,5.4493670886075947
"DIVCORE/255/256/127/MOD/normalized",948,2,5.8892405063291138
"DIVCORE/255/256/127/DIV/top-clear",948,2,5.5822784810126587
"DIVCORE/255/256/127/MOD/top-clear",948,2,5.4504219409282699
"DIVCORE/255/256/127/DIV/top-one",948,2,5.5822784810126587
"DIVCORE/255/256/127/MOD/top-one",948,2,5.4936708860759493
"DIVCORE/255/256/127/DIV/padded",948,2,5.537974683544304
"DIVCORE/255/256/127/MOD/padded",948,2,5.4947257383966246
"DIVCORE/256/256/17/DIV/normalized",946,2,359.45243128964057
"DIVCORE/256/256/17/MOD/normalized",946,2,345.44608879492603
"DIVCORE/256/256/17/DIV/top-clear",946,2,615.04651162790697
"DIVCORE/256/256/17/MOD/top-clear",946,2,720.8424947145877
"DIVCORE/256/256/17/DIV/top-one",946,2,609.54016913319242
"DIVCORE/256/256/17/MOD/top-one",946,2,714.14693446088791
"DIVCORE/256/256/17/DIV/padded",946,2,362.66701902748412
"DIVCORE/256/256/17/MOD/padded",946,2,345.48942917547566
"DIVCORE/256/256/127/DIV/normalized",946,2,359.54016913319236
"DIVCORE/256/256/127/MOD/normalized",946,2,345.93023255813955
"DIVCORE/256/256/127/DIV/top-clear",946,2,611.0380549682875
"DIVCORE/256/256/127/MOD/top-clear",946,2,733.65856236786465
"DIVCORE/256/256/127/DIV/top-one",946,2,611.78646934460892
"DIVCORE/256/256/127/MOD/top-one",946,2,720.53382663847776
"DIVCORE/256/256/127/DIV/padded",946,2,359.62790697674421
"DIVCORE/256/256/127/MOD/padded",946,2,345.57822410147992
"DIVCORE/257/256/17/DIV/normalized",945,2,694.92910052910054
"DIVCORE/257/256/17/MOD/normalized",945,2,702.91005291005285
"DIVCORE/257/256/17/DIV/top-clear",945,2,939.3301587301587
"DIVCORE/257/256/17/MOD/top-clear",945,2,1049.7354497354497
"DIVCORE/257/256/17/DIV/top-one",945,2,942.85714285714289
"DIVCORE/257/256/17/MOD/top-one",945,2,1055.5121693121694
"DIVCORE/257/256/17/DIV/padded",945,2,694.88571428571424
"DIVCORE/257/256/17/MOD/padded",945,2,681.43703703703704
"DIVCORE/257/256/17/DIV/add-back",945,2,598.32486772486777
"DIVCORE/257/256/17/MOD/add-back",945,2,583.42116402116403
"DIVCORE/257/256/127/DIV/normalized",945,2,697.48677248677245
"DIVCORE/257/256/127/MOD/normalized",945,2,677.95343915343915
"DIVCORE/257/256/127/DIV/top-clear",945,2,941.66666666666663
"DIVCORE/257/256/127/MOD/top-clear",945,2,1048.9417989417989
"DIVCORE/257/256/127/DIV/top-one",945,2,941.35767195767198
"DIVCORE/257/256/127/MOD/top-one",945,2,1050
"DIVCORE/257/256/127/DIV/padded",945,2,694.92910052910054
"DIVCORE/257/256/127/MOD/padded",945,2,681.70158730158732
"DIVCORE/288/256/17/DIV/normalized",892,2,10887.612107623318
"DIVCORE/288/256/17/MOD/normalized",892,2,10819.552690582959
"DIVCORE/288/256/17/DIV/top-clear",892,2,11357.669282511211
"DIVCORE/288/256/17/MOD/top-clear",892,2,11432.922645739911
"DIVCORE/288/256/17/DIV/top-one",892,2,11495.843049327354
"DIVCORE/288/256/17/MOD/top-one",892,2,11548.113228699551
"DIVCORE/288/256/17/DIV/padded",892,2,10878.363228699551
"DIVCORE/288/256/17/MOD/padded",892,2,10818.432735426009
"DIVCORE/288/256/17/DIV/add-back",892,2,17865.003363228701
"DIVCORE/288/256/17/MOD/add-back",892,2,17842.348654708519
"DIVCORE/288/256/127/DIV/normalized",892,2,11154.848654708519
"DIVCORE/288/256/127/MOD/normalized",892,2,11098.328475336322
"DIVCORE/288/256/127/DIV/top-clear",892,2,11237.387892376682
"DIVCORE/288/256/127/MOD/top-clear",892,2,11316.470852017937
"DIVCORE/288/256/127/DIV/top-one",892,2,11432.221973094171
"DIVCORE/288/256/127/MOD/top-one",892,2,11519.431614349776
"DIVCORE/288/256/127/DIV/padded",892,2,11190.816143497757
"DIVCORE/288/256/127/MOD/padded",892,2,11109.632286995517
"DIVCORE/512/256/17/DIV/normalized",128,2,86622.71875
"DIVCORE/512/256/17/MOD/normalized",128,2,86575.5234375
"DIVCORE/512/256/17/DIV/top-clear",128,2,86787.4296875
"DIVCORE/512/256/17/MOD/top-clear",128,2,87003.2578125
"DIVCORE/512/256/17/DIV/top-one",128,2,87815.7578125
"DIVCORE/512/256/17/MOD/top-one",128,2,87869.7890625
"DIVCORE/512/256/17/DIV/padded",128,2,87056.640625
"DIVCORE/512/256/17/MOD/padded",128,2,86912.7578125
"DIVCORE/512/256/17/DIV/add-back",128,2,142577.1484375
"DIVCORE/512/256/17/MOD/add-back",128,2,142773.4375
"DIVCORE/512/256/127/DIV/normalized",128,2,86376.953125
"DIVCORE/512/256/127/MOD/normalized",128,2,86366.859375
"DIVCORE/512/256/127/DIV/top-clear",128,2,85934.8984375
"DIVCORE/512/256/127/MOD/top-clear",128,2,85746.09375
"DIVCORE/512/256/127/DIV/top-one",128,2,87328.7734375
"DIVCORE/512/256/127/MOD/top-one",128,2,87340.8203125
"DIVCORE/512/256/127/DIV/padded",128,2,86527.0234375
"DIVCORE/512/256/127/MOD/padded",128,2,86925.453125
"DIVCORE/1024/256/17/DIV/normalized",39,2,259608.97435897434
"DIVCORE/1024/256/17/MOD/normalized",39,2,259966.89743589744
"DIVCORE/1024/256/17/DIV/top-clear",39,2,258795.92307692306
"DIVCORE/1024/256/17/MOD/top-clear",39,2,258181.61538461538
"DIVCORE/1024/256/17/DIV/top-one",39,2,262075.87179487178
"DIVCORE/1024/256/17/MOD/top-one",39,2,263118.58974358975
"DIVCORE/1024/256/17/DIV/padded",39,2,262599.358974359
"DIVCORE/1024/256/17/MOD/padded",39,2,260026.71794871794
"DIVCORE/1024/256/17/DIV/add-back",24,2,427088.54166666669
"DIVCORE/1024/256/17/MOD/add-back",24,2,426991.33333333331
"DIVCORE/1024/256/127/DIV/normalized",39,2,259694.46153846153
"DIVCORE/1024/256/127/MOD/normalized",39,2,259599.35897435897
"DIVCORE/1024/256/127/DIV/top-clear",40,2,255031.25
"DIVCORE/1024/256/127/MOD/top-clear",40,2,255046.875
"DIVCORE/1024/256/127/DIV/top-one",39,2,261131.41025641025
"DIVCORE/1024/256/127/MOD/top-one",39,2,260247.84615384616
"DIVCORE/1024/256/127/DIV/padded",39,2,259118.58974358975
"DIVCORE/1024/256/127/MOD/padded",39,2,259083.33333333334
"DIVCORE/1280/256/17/DIV/normalized",29,2,349051.72413793101
"DIVCORE/1280/256/17/MOD/normalized",29,2,347995.68965517241
"DIVCORE/1280/256/17/DIV/top-clear",30,2,345755.56666666665
"DIVCORE/1280/256/17/MOD/top-clear",30,2,343705.56666666665
"DIVCORE/1280/256/17/DIV/top-one",29,2,348755.75862068968
"DIVCORE/1280/256/17/MOD/top-one",29,2,349517.24137931032
"DIVCORE/1280/256/17/DIV/padded",29,2,346208.31034482759
"DIVCORE/1280/256/17/MOD/padded",29,2,356163.79310344829
"DIVCORE/1280/256/17/DIV/add-back",18,2,580037.0555555555
"DIVCORE/1280/256/17/MOD/add-back",18,2,571673.61111111112
"DIVCORE/1280/256/127/DIV/normalized",29,2,346050.31034482759
"DIVCORE/1280/256/127/MOD/normalized",29,2,345175.31034482759
"DIVCORE/1280/256/127/DIV/top-clear",30,2,340013.90000000002
"DIVCORE/1280/256/127/MOD/top-clear",30,2,340913.86666666664
"DIVCORE/1280/256/127/DIV/top-one",29,2,346583.3448275862
"DIVCORE/1280/256/127/MOD/top-one",29,2,346991.37931034481
"DIVCORE/1280/256/127/DIV/padded",29,2,345780.1724137931
"DIVCORE/1280/256/127/MOD/padded",29,2,345748.55172413791
"DIVCORE/1023/1024/17/DIV/normalized",484,2,5.5103305785123968
"DIVCORE/1023/1024/17/MOD/normalized",484,2,5.5082644628099171
"DIVCORE/1023/1024/17/DIV/top-clear",484,2,5.4214876033057848
"DIVCORE/1023/1024/17/MOD/top-clear",484,2,5.4214876033057848
"DIVCORE/1023/1024/17/DIV/top-one",484,2,5.4214876033057848
"DIVCORE/1023/1024/17/MOD/top-one",484,2,5.5103305785123968
"DIVCORE/1023/1024/17/DIV/padded",484,2,5.5950413223140494
"DIVCORE/1023/1024/17/MOD/padded",484,2,5.338842975206612
"DIVCORE/1023/1024/127/DIV/normalized",484,2,5.4214876033057848
"DIVCORE/1023/1024/127/MOD/normalized",484,2,5.338842975206612
"DIVCORE/1023/1024/127/DIV/top-clear",484,2,5.4235537190082646
"DIVCORE/1023/1024/127/MOD/top-clear",484,2,5.4235537190082646
"DIVCORE/1023/1024/127/DIV/top-one",484,2,5.5123966942148757
"DIVCORE/1023/1024/127/MOD/top-one",484,2,5.4235537190082646
"DIVCORE/1023/1024/127/DIV/padded",484,2,5.4235537190082646
"DIVCORE/1023/1024/127/MOD/padded",484,2,5.5103305785123968
"DIVCORE/1024/1024/17/DIV/normalized",242,2,117.08264462809917
"DIVCORE/1024/1024/17/MOD/normalized",242,2,14.293388429752065
"DIVCORE/1024/1024/17/DIV/top-clear",242,2,2927.3429752066118
"DIVCORE/1024/1024/17/MOD/top-clear",242,2,2760.1570247933882
"DIVCORE/1024/1024/17/DIV/top-one",242,2,2520.4876033057853
"DIVCORE/1024/1024/17/MOD/top-one",242,2,2875
"DIVCORE/1024/1024/17/DIV/padded",242,2,117.42561983471074
"DIVCORE/1024/1024/17/MOD/padded",242,2,14.636363636363637
"DIVCORE/1024/1024/127/DIV/normalized",242,2,116.90909090909091
"DIVCORE/1024/1024/127/MOD/normalized",242,2,14.115702479338843
"DIVCORE/1024/1024/127/DIV/top-clear",242,2,2518.2520661157023
"DIVCORE/1024/1024/127/MOD/top-clear",242,2,2886.3636363636365
"DIVCORE/1024/1024/127/DIV/top-one",242,2,2506.1983471074382
"DIVCORE/1024/1024/127/MOD/top-one",242,2,2889.8099173553719
"DIVCORE/1024/1024/127/DIV/padded",242,2,117.76859504132231
"DIVCORE/1024/1024/127/MOD/padded",242,2,14.636363636363637
"DIVCORE/1025/1024/17/DIV/normalized",242,2,1431.9917355371902
"DIVCORE/1025/1024/17/MOD/normalized",242,2,1322.4876033057851
"DIVCORE/1025/1024/17/DIV/top-clear",242,2,3832.2975206611573
"DIVCORE/1025/1024/17/MOD/top-clear",242,2,4073.8636363636365
"DIVCORE/1025/1024/17/DIV/top-one",242,2,3834.3636363636365
"DIVCORE/1025/1024/17/MOD/top-one",242,2,4163.9132231404956
"DIVCORE/1025/1024/17/DIV/padded",242,2,1497.4173553719008
"DIVCORE/1025/1024/17/MOD/padded",242,2,1353.8223140495868
"DIVCORE/1025/1024/17/DIV/add-back",242,2,2445.7644628099174
"DIVCORE/1025/1024/17/MOD/add-back",242,2,2318.0123966942147
"DIVCORE/1025/1024/127/DIV/normalized",242,2,2783.7438016528927
"DIVCORE/1025/1024/127/MOD/normalized",242,2,2678.8884297520663
"DIVCORE/1025/1024/127/DIV/top-clear",242,2,3768.0785123966944
"DIVCORE/1025/1024/127/MOD/top-clear",242,2,4104.5082644628101
"DIVCORE/1025/1024/127/DIV/top-one",242,2,3916.1528925619837
"DIVCORE/1025/1024/127/MOD/top-one",242,2,4131.7148760330574
"DIVCORE/1025/1024/127/DIV/padded",242,2,2740.3595041322315
"DIVCORE/1025/1024/127/MOD/padded",242,2,2675.9628099173556
"DIVCORE/1056/1024/17/DIV/normalized",238,2,41530.462184873948
"DIVCORE/1056/1024/17/MOD/normalized",238,2,41383.226890756305
"DIVCORE/1056/1024/17/DIV/top-clear",238,2,43942.575630252104
"DIVCORE/1056/1024/17/MOD/top-clear",226,2,44271.017699115044
"DIVCORE/1056/1024/17/DIV/top-one",238,2,43695.378151260506
"DIVCORE/1056/1024/17/MOD/top-one",227,2,44182.634361233482
"DIVCORE/1056/1024/17/DIV/padded",238,2,41382.352941176468
"DIVCORE/1056/1024/17/MOD/padded",238,2,41365.722689075628
"DIVCORE/1056/1024/17/DIV/add-back",141,2,71284.872340425529
"DIVCORE/1056/1024/17/MOD/add-back",141,2,71276.595744680846
"DIVCORE/1056/1024/127/DIV/normalized",238,2,41520.655462184877
"DIVCORE/1056/1024/127/MOD/normalized",238,2,41476.89075630252
"DIVCORE/1056/1024/127/DIV/top-clear",238,2,43750.348739495799
"DIVCORE/1056/1024/127/MOD/top-clear",227,2,44225.220264317184
"DIVCORE/1056/1024/127/DIV/top-one",229,2,43797.126637554582
"DIVCORE/1056/1024/127/MOD/top-one",227,2,44168.132158590306
"DIVCORE/1056/1024/127/DIV/padded",238,2,41595.23529411765
"DIVCORE/1056/1024/127/MOD/padded",238,2,41389.705882352944
"DIVCORE/2048/1024/17/DIV/normalized",8,2,1320448
"DIVCORE/2048/1024/17/MOD/normalized",8,2,1322484.375
"DIVCORE/2048/1024/17/DIV/top-clear",8,2,1326093.75
"DIVCORE/2048/1024/17/MOD/top-clear",8,2,1327166.625
"DIVCORE/2048/1024/17/DIV/top-one",8,2,1321713.625
"DIVCORE/2048/1024/17/MOD/top-one",8,2,1320145.75
"DIVCORE/2048/1024/17/DIV/padded",8,2,1325880.125
"DIVCORE/2048/1024/17/MOD/padded",8,2,1323098.875
"DIVCORE/2048/1024/17/DIV/add-back",5,2,2276575
"DIVCORE/2048/1024/17/MOD/add-back",5,2,2275883.2000000002
"DIVCORE/2048/1024/127/DIV/normalized",8,2,1327562.5
"DIVCORE/2048/1024/127/MOD/normalized",8,2,1324114.5
"DIVCORE/2048/1024/127/DIV/top-clear",8,2,1323713.625
"DIVCORE/2048/1024/127/MOD/top-clear",8,2,1322687.5
"DIVCORE/2048/1024/127/DIV/top-one",8,2,1323625
"DIVCORE/2048/1024/127/MOD/top-one",8,2,1323828.125
"DIVCORE/2048/1024/127/DIV/padded",8,2,1324536.375
"DIVCORE/2048/1024/127/MOD/padded",8,2,1324479.125
"DIVCORE/4096/1024/17/DIV/normalized",3,2,3958764
"DIVCORE/4096/1024/17/MOD/normalized",3,2,3958652.6666666665
"DIVCORE/4096/1024/17/DIV/top-clear",3,2,3971333.3333333335
"DIVCORE/4096/1024/17/MOD/top-clear",3,2,3972069.6666666665
"DIVCORE/4096/1024/17/DIV/top-one",3,2,3954278
"DIVCORE/4096/1024/17/MOD/top-one",3,2,3953653
"DIVCORE/4096/1024/17/DIV/padded",3,2,3959708.3333333335
"DIVCORE/4096/1024/17/MOD/padded",3,2,3959833.3333333335
"DIVCORE/4096/1024/17/DIV/add-back",2,2,6824958.5
"DIVCORE/4096/1024/17/MOD/add-back",2,2,6824729
"DIVCORE/4096/1024/127/DIV/normalized",3,2,3971388.6666666665
"DIVCORE/4096/1024/127/MOD/normalized",3,2,3972569.6666666665
"DIVCORE/4096/1024/127/DIV/top-clear",3,2,3964375
"DIVCORE/4096/1024/127/MOD/top-clear",3,2,3963208.3333333335
"DIVCORE/4096/1024/127/DIV/top-one",3,2,3963764
"DIVCORE/4096/1024/127/MOD/top-one",3,2,3964013.6666666665
"DIVCORE/4096/1024/127/DIV/padded",3,2,4187069.3333333335
"DIVCORE/4096/1024/127/MOD/padded",3,2,4063639
"DIVCORE/1/1/17/DIV/normalized",27777,3,6.5821723008244231
"DIVCORE/1/1/17/MOD/normalized",27777,3,6.576196133491738
"DIVCORE/1/1/17/DIV/top-clear",27777,3,6.5491593764625406
"DIVCORE/1/1/17/MOD/top-clear",27777,3,6.5506714187997268
"DIVCORE/1/1/17/DIV/top-one",27777,3,6.5462072938042262
"DIVCORE/1/1/17/MOD/top-one",27777,3,6.8611801130431651
"DIVCORE/1/1/17/DIV/padded",27777,3,6.648198149548187
"DIVCORE/1/1/17/MOD/padded",27777,3,6.5521834611369121
"DIVCORE/1/1/127/DIV/normalized",27777,3,6.5596716708067824
"DIVCORE/1/1/127/MOD/normalized",27777,3,6.5476833351333834
"DIVCORE/1/1/127/DIV/top-clear",27777,3,6.5626597544731249
"DIVCORE/1/1/127/MOD/top-clear",27777,3,6.6541743168808729
"DIVCORE/1/1/127/DIV/top-one",27777,3,6.5731720488173666
"DIVCORE/1/1/127/MOD/top-one",27777,3,6.8566799870396373
"DIVCORE/1/1/127/DIV/padded",27777,3,6.5521834611369121
"DIVCORE/1/1/127/MOD/padded",27777,3,6.5416711667926704
"DIVCORE/2/1/17/DIV/normalized",26315,3,18.079042371271139
"DIVCORE/2/1/17/MOD/normalized",26315,3,17.07201216036481
"DIVCORE/2/1/17/DIV/top-clear",26315,3,20.17700931027931
"DIVCORE/2/1/17/MOD/top-clear",26315,3,19.37583127493825
"DIVCORE/2/1/17/DIV/top-one",26315,3,18.313395401862056
"DIVCORE/2/1/17/MOD/top-one",26315,3,17.73703211096333
"DIVCORE/2/1/17/DIV/padded",26315,3,17.670530115903478
"DIVCORE/2/1/17/MOD/padded",26315,3,16.780695420862624
"DIVCORE/2/1/127/DIV/normalized",26315,3,17.661029830894925
"DIVCORE/2/1/127/MOD/normalized",26315,3,16.539996199885998
"DIVCORE/2/1/127/DIV/top-clear",26315,3,18.332395971879155
"DIVCORE/2/1/127/MOD/top-clear",26315,3,17.670530115903478
"DIVCORE/2/1/127/DIV/top-one",26315,3,18.314991449743491
"DIVCORE/2/1/127/MOD/top-one",26315,3,17.732281968459052
"DIVCORE/2/1/127/DIV/padded",26315,3,17.353866615998481
"DIVCORE/2/1/127/MOD/padded",26315,3,16.519437583127495
"DIVCORE/4/1/17/DIV/normalized",23809,3,26.304842706539542
"DIVCORE/4/1/17/MOD/normalized",23809,3,26.877105296316518
"DIVCORE/4/1/17/DIV/top-clear",23809,3,31.148935276576086
"DIVCORE/4/1/17/MOD/top-clear",23809,3,32.046705027510605
"DIVCORE/4/1/17/DIV/top-one",23809,3,28.55361417951195
"DIVCORE/4/1/17/MOD/top-one",23809,3,29.467134276954091
"DIVCORE/4/1/17/DIV/padded",23809,3,27.549078079717752
"DIVCORE/4/1/17/MOD/padded",23809,3,28.117854592801041
"DIVCORE/4/1/127/DIV/normalized",23809,3,26.815825948170861
"DIVCORE/4/1/127/MOD/normalized",23809,3,27.494854886807509
"DIVCORE/4/1/127/DIV/top-clear",23809,3,32.914696123314712
"DIVCORE/4/1/127/MOD/top-clear",23809,3,33.927968415305138
"DIVCORE/4/1/127/DIV/top-one",23809,3,28.43462556176236
"DIVCORE/4/1/127/MOD/top-one",23809,3,29.150363307992777
"DIVCORE/4/1/127/DIV/padded",23809,3,29.272922004284094
"DIVCORE/4/1/127/MOD/padded",23809,3,28.623629719853838
"DIVCORE/33/1/17/DIV/normalized",10000,3,308.74169999999998
"DIVCORE/33/1/17/MOD/normalized",10000,3,309.14170000000001
"DIVCORE/33/1/17/DIV/top-clear",10000,3,349.37909999999999
"DIVCORE/33/1/17/MOD/top-clear",10000,3,350.20839999999998
"DIVCORE/33/1/17/DIV/top-one",10000,3,283.33330000000001
"DIVCORE/33/1/17/MOD/top-one",10000,3,283.58330000000001
"DIVCORE/33/1/17/DIV/padded",10000,3,325.3417
"DIVCORE/33/1/17/MOD/padded",10000,3,326.69580000000002
"DIVCORE/33/1/127/DIV/normalized",10000,3,307.39580000000001
"DIVCORE/33/1/127/MOD/normalized",10000,3,307.38339999999999
"DIVCORE/33/1/127/DIV/top-clear",10000,3,330.57080000000002
"DIVCORE/33/1/127/MOD/top-clear",10000,3,332.95839999999998
"DIVCORE/33/1/127/DIV/top-one",10000,3,283.15839999999997
"DIVCORE/33/1/127/MOD/top-one",10000,3,283.75420000000003
"DIVCORE/33/1/127/DIV/padded",10000,3,324.89580000000001
"DIVCORE/33/1/127/MOD/padded",10000,3,324.30840000000001
"DIVCORE/1025/1/17/DIV/normalized",479,3,11152.052192066805
"DIVCORE/1025/1/17/MOD/normalized",479,3,11842.379958246347
"DIVCORE/1025/1/17/DIV/top-clear",479,3,11583.680584551148
"DIVCORE/1025/1/17/MOD/top-clear",479,3,11824.37369519833
"DIVCORE/1025/1/17/DIV/top-one",479,3,8964.4217118997913
"DIVCORE/1025/1/17/MOD/top-one",479,3,8977.9039665970777
"DIVCORE/1025/1/17/DIV/padded",479,3,11704.678496868475
"DIVCORE/1025/1/17/MOD/padded",479,3,11281.054279749478
"DIVCORE/1025/1/127/DIV/normalized",479,3,10936.847599164927
"DIVCORE/1025/1/127/MOD/normalized",479,3,10964.0751565762
"DIVCORE/1025/1/127/DIV/top-clear",479,3,11477.210855949896
"DIVCORE/1025/1/127/MOD/top-clear",479,3,11827.505219206681
"DIVCORE/1025/1/127/DIV/top-one",479,3,8950.9394572025049
"DIVCORE/1025/1/127/MOD/top-one",479,3,8967.2066805845516
"DIVCORE/1025/1/127/DIV/padded",479,3,11493.997912317327
"DIVCORE/1025/1/127/MOD/padded",479,3,11576.63465553236
"DIVCORE/65536/1/17/DIV/normalized",7,3,1051946.4285714286
"DIVCORE/65536/1/17/MOD/normalized",7,3,1048291.7142857143
"DIVCORE/65536/1/17/DIV/top-one",7,3,573910.71428571432
"DIVCORE/65536/1/17/MOD/top-one",7,3,576404.85714285716
"DIVCORE/500000/1/17/DIV/normalized",1,3,8089708
"DIVCORE/500000/1/17/MOD/normalized",1,3,8055667
"DIVCORE/500000/1/17/DIV/top-one",1,3,4386125
"DIVCORE/500000/1/17/MOD/top-one",1,3,4401583
"DIVCORE/1/2/17/DIV/normalized",26315,3,5.4721641649249477
"DIVCORE/1/2/17/MOD/normalized",26315,3,5.4024700741022231
"DIVCORE/1/2/17/DIV/top-clear",26315,3,5.4309709291278736
"DIVCORE/1/2/17/MOD/top-clear",26315,3,5.3866615998479954
"DIVCORE/1/2/17/DIV/top-one",26315,3,5.424662739882196
"DIVCORE/1/2/17/MOD/top-one",26315,3,5.3914117423522709
"DIVCORE/1/2/17/DIV/padded",26315,3,5.4421052631578943
"DIVCORE/1/2/17/MOD/padded",26315,3,5.3914117423522709
"DIVCORE/1/2/127/DIV/normalized",26315,3,5.380315409462284
"DIVCORE/1/2/127/MOD/normalized",26315,3,5.4024700741022231
"DIVCORE/1/2/127/DIV/top-clear",26315,3,5.4072202166064978
"DIVCORE/1/2/127/MOD/top-clear",26315,3,5.41356640699221
"DIVCORE/1/2/127/DIV/top-one",26315,3,5.4626638799163976
"DIVCORE/1/2/127/MOD/top-one",26315,3,5.4056621698650957
"DIVCORE/1/2/127/DIV/padded",26315,3,5.5371081132433977
"DIVCORE/1/2/127/MOD/padded",26315,3,5.3961618848565456
"DIVCORE/2/2/17/DIV/normalized",25000,3,19.27
"DIVCORE/2/2/17/MOD/normalized",25000,3,16.585000000000001
"DIVCORE/2/2/17/DIV/top-clear",25000,3,19.899999999999999
"DIVCORE/2/2/17/MOD/top-clear",25000,3,18.738320000000002
"DIVCORE/2/2/17/DIV/top-one",25000,3,19.89668
"DIVCORE/2/2/17/MOD/top-one",25000,3,18.594999999999999
"DIVCORE/2/2/17/DIV/padded",25000,3,19.266639999999999
"DIVCORE/2/2/17/MOD/padded",25000,3,16.585000000000001
"DIVCORE/2/2/127/DIV/normalized",25000,3,16.733319999999999
"DIVCORE/2/2/127/MOD/normalized",25000,3,13.640000000000001
"DIVCORE/2/2/127/DIV/top-clear",25000,3,19.899999999999999
"DIVCORE/2/2/127/MOD/top-clear",25000,3,18.234999999999999
"DIVCORE/2/2/127/DIV/top-one",25000,3,20.688320000000001
"DIVCORE/2/2/127/MOD/top-one",25000,3,18.788319999999999
"DIVCORE/2/2/127/DIV/padded",25000,3,16.726680000000002
"DIVCORE/2/2/127/MOD/padded",25000,3,13.75168
"DIVCORE/3/2/17/DIV/normalized",23809,3,26.586584904867909
"DIVCORE/3/2/17/MOD/normalized",23809,3,24.889033558738291
"DIVCORE/3/2/17/DIV/top-clear",23809,3,32.471964383216431
"DIVCORE/3/2/17/MOD/top-clear",23809,3,33.367970095342095
"DIVCORE/3/2/17/DIV/top-one",23809,3,30.382418413205091
"DIVCORE/3/2/17/MOD/top-one",23809,3,32.239195262295773
"DIVCORE/3/2/17/DIV/padded",23809,3,26.443109748414464
"DIVCORE/3/2/17/MOD/padded",23809,3,24.889033558738291
"DIVCORE/3/2/127/DIV/normalized",23809,3,29.689403166869671
"DIVCORE/3/2/127/MOD/normalized",23809,3,28.924608341383511
"DIVCORE/3/2/127/DIV/top-clear",23809,3,32.890209584610858
"DIVCORE/3/2/127/MOD/top-clear",23809,3,33.500987021714479
"DIVCORE/3/2/127/DIV/top-one",23809,3,28.984165651644336
"DIVCORE/3/2/127/MOD/top-one",23809,3,29.286908311982863
"DIVCORE/3/2/127/DIV/padded",23809,3,30.224914948128859
"DIVCORE/3/2/127/MOD/padded",23809,3,29.183670040740896
"DIVCORE/4/2/17/DIV/normalized",22727,3,34.177410128921544
"DIVCORE/4/2/17/MOD/normalized",22727,3,32.281735380824571
"DIVCORE/4/2/17/DIV/top-clear",22727,3,47.133761605139263
"DIVCORE/4/2/17/MOD/top-clear",22727,3,46.658863906366875
"DIVCORE/4/2/17/DIV/top-one",22727,3,42.35966031592379
"DIVCORE/4/2/17/MOD/top-one",22727,3,43.155365864390376
"DIVCORE/4/2/17/DIV/padded",22727,3,35.224270691248293
"DIVCORE/4/2/17/MOD/padded",22727,3,33.000396004752055
"DIVCORE/4/2/127/DIV/normalized",22727,3,42.587011044132531
"DIVCORE/4/2/127/MOD/normalized",22727,3,40.817793813525761
"DIVCORE/4/2/127/DIV/top-clear",22727,3,47.073216878602544
"DIVCORE/4/2/127/MOD/top-clear",22727,3,46.944867338408059
"DIVCORE/4/2/127/DIV/top-one",22727,3,41.912350948211376
"DIVCORE/4/2/127/MOD/top-one",22727,3,43.564174770097239
"DIVCORE/4/2/127/DIV/padded",22727,3,45.012540150481804
"DIVCORE/4/2/127/MOD/padded",22727,3,42.427509130109563
"DIVCORE/8/2/17/DIV/normalized",19230,3,89.229069162766507
"DIVCORE/8/2/17/MOD/normalized",19230,3,88.68954758190327
"DIVCORE/8/2/17/DIV/top-clear",19230,3,112.02329693187727
"DIVCORE/8/2/17/MOD/top-clear",19230,3,111.21076443057723
"DIVCORE/8/2/17/DIV/top-one",19230,3,104.43749349973999
"DIVCORE/8/2/17/MOD/top-one",19230,3,106.28793551742069
"DIVCORE/8/2/17/DIV/padded",19230,3,92.425013000520025
"DIVCORE/8/2/17/MOD/padded",19230,3,90.624440977639111
"DIVCORE/8/2/127/DIV/normalized",19230,3,101.90670826833073
"DIVCORE/8/2/127/MOD/normalized",19230,3,100.41820072802912
"DIVCORE/8/2/127/DIV/top-clear",19230,3,107.89563182527301
"DIVCORE/8/2/127/MOD/top-clear",19230,3,108.35933437337494
"DIVCORE/8/2/127/DIV/top-one",19230,3,102.45709828393136
"DIVCORE/8/2/127/MOD/top-one",19230,3,105.46240249609984
"DIVCORE/8/2/127/DIV/padded",19230,3,105.16339053562143
"DIVCORE/8/2/127/MOD/padded",19230,3,103.61851274050962
"DIVCORE/34/2/17/DIV/normalized",9615,3,495.45408216328656
"DIVCORE/34/2/17/MOD/normalized",9615,3,490.65262610504419
"DIVCORE/34/2/17/DIV/top-clear",9615,3,524.1635985439417
"DIVCORE/34/2/17/MOD/top-clear",9615,3,518.75538221528859
"DIVCORE/34/2/17/DIV/top-one",9615,3,514.68195527821115
"DIVCORE/34/2/17/MOD/top-one",9615,3,511.23244929797193
"DIVCORE/34/2/17/DIV/padded",9615,3,506.65189807592304
"DIVCORE/34/2/17/MOD/padded",9615,3,504.55455018200729
"DIVCORE/34/2/127/DIV/normalized",9615,3,510.63879355174208
"DIVCORE/34/2/127/MOD/normalized",9615,3,503.38013520540824
"DIVCORE/34/2/127/DIV/top-clear",9615,3,528.22839313572547
"DIVCORE/34/2/127/MOD/top-clear",9615,3,525.04763390535618
"DIVCORE/34/2/127/DIV/top-one",9615,3,541.22038481539266
"DIVCORE/34/2/127/MOD/top-one",9615,3,540.94726989079561
"DIVCORE/34/2/127/DIV/padded",9615,3,520.16817472698904
"DIVCORE/34/2/127/MOD/padded",9615,3,517.84971398855953
"DIVCORE/1026/2/17/DIV/normalized",478,3,17121.42677824268
"DIVCORE/1026/2/17/MOD/normalized",478,3,17054.307531380753
"DIVCORE/1026/2/17/DIV/top-clear",478,3,18285.041841004186
"DIVCORE/1026/2/17/MOD/top-clear",478,3,18230.562761506277
"DIVCORE/1026/2/17/DIV/top-one",478,3,17400.192468619247
"DIVCORE/1026/2/17/MOD/top-one",478,3,17340.046025104602
"DIVCORE/1026/2/17/DIV/padded",478,3,17239.190376569037
"DIVCORE/1026/2/17/MOD/padded",478,3,18115.238493723849
"DIVCORE/1026/2/127/DIV/normalized",478,3,18523.970711297072
"DIVCORE/1026/2/127/MOD/normalized",478,3,17211.646443514644
"DIVCORE/1026/2/127/DIV/top-clear",478,3,18278.504184100417
"DIVCORE/1026/2/127/MOD/top-clear",478,3,18142.608786610879
"DIVCORE/1026/2/127/DIV/top-one",478,3,17923.205020920501
"DIVCORE/1026/2/127/MOD/top-one",478,3,17962.692468619247
"DIVCORE/1026/2/127/DIV/padded",478,3,17708.158995815898
"DIVCORE/1026/2/127/MOD/padded",478,3,17581.152719665271
"DIVCORE/65536/2/17/DIV/normalized",7,3,1376214.2857142857
"DIVCORE/65536/2/17/MOD/normalized",7,3,1365714.2857142857
"DIVCORE/65536/2/17/DIV/top-one",7,3,1301809.5714285714
"DIVCORE/65536/2/17/MOD/top-one",7,3,1294839.2857142857
"DIVCORE/500000/2/17/DIV/normalized",1,3,10576334
"DIVCORE/500000/2/17/MOD/normalized",1,3,10427375
"DIVCORE/500000/2/17/DIV/top-one",1,3,10029958
"DIVCORE/500000/2/17/MOD/top-one",1,3,9937125
"DIVCORE/2/3/17/DIV/normalized",23809,3,5.5931370490150787
"DIVCORE/2/3/17/MOD/normalized",23809,3,5.4268553908185977
"DIVCORE/2/3/17/DIV/top-clear",23809,3,5.411147045234995
"DIVCORE/2/3/17/MOD/top-clear",23809,3,5.4111050443109745
"DIVCORE/2/3/17/DIV/top-one",23809,3,5.4496198916376164
"DIVCORE/2/3/17/MOD/top-one",23809,3,5.41811919862237
"DIVCORE/2/3/17/DIV/padded",23809,3,5.5108572388592547
"DIVCORE/2/3/17/MOD/padded",23809,3,5.4111050443109745
"DIVCORE/2/3/127/DIV/normalized",23809,3,5.4023688521147468
"DIVCORE/2/3/127/MOD/normalized",23809,3,5.4216472762400771
"DIVCORE/2/3/127/DIV/top-clear",23809,3,5.3901045823008102
"DIVCORE/2/3/127/MOD/top-clear",23809,3,5.4251333529337646
"DIVCORE/2/3/127/DIV/top-one",23809,3,5.4268973917426182
"DIVCORE/2/3/127/MOD/top-one",23809,3,5.4163551598135156
"DIVCORE/2/3/127/DIV/padded",23809,3,5.4006048133058924
"DIVCORE/2/3/127/MOD/padded",23809,3,5.412869083119829
"DIVCORE/3/3/17/DIV/normalized",22727,3,21.375104501254015
"DIVCORE/3/3/17/MOD/normalized",22727,3,17.376556518678225
"DIVCORE/3/3/17/DIV/top-clear",22727,3,23.677784133409602
"DIVCORE/3/3/17/MOD/top-clear",22727,3,20.674748096977165
"DIVCORE/3/3/17/DIV/top-one",22727,3,24.884102609231309
"DIVCORE/3/3/17/MOD/top-one",22727,3,21.426409116909404
"DIVCORE/3/3/17/DIV/padded",22727,3,21.191754301051613
"DIVCORE/3/3/17/MOD/padded",22727,3,17.376512518150218
"DIVCORE/3/3/127/DIV/normalized",22727,3,17.666211994543936
"DIVCORE/3/3/127/MOD/normalized",22727,3,13.645663747964976
"DIVCORE/3/3/127/DIV/top-clear",22727,3,23.553130637567651
"DIVCORE/3/3/127/MOD/top-clear",22727,3,20.782901394816736
"DIVCORE/3/3/127/DIV/top-one",22727,3,24.183790205482467
"DIVCORE/3/3/127/MOD/top-one",22727,3,21.862762353148238
"DIVCORE/3/3/127/DIV/padded",22727,3,17.789017468209618
"DIVCORE/3/3/127/MOD/padded",22727,3,13.640163681964184
"DIVCORE/4/3/17/DIV/normalized",21739,3,28.508671052026312
"DIVCORE/4/3/17/MOD/normalized",21739,3,25.721836331017986
"DIVCORE/4/3/17/DIV/top-clear",21739,3,36.928607571645429
"DIVCORE/4/3/17/MOD/top-clear",21739,3,37.748976493858962
"DIVCORE/4/3/17/DIV/top-one",21739,3,37.779612677676063
"DIVCORE/4/3/17/MOD/top-one",21739,3,39.799806798840791
"DIVCORE/4/3/17/DIV/padded",21739,3,28.196237177423065
"DIVCORE/4/3/17/MOD/padded",21739,3,25.541653249919499
"DIVCORE/4/3/17/DIV/add-back",21739,3,26.789410736464419
"DIVCORE/4/3/17/MOD/add-back",21739,3,24.006394038364231
"DIVCORE/4/3/127/DIV/normalized",21739,3,33.214085284511704
"DIVCORE/4/3/127/MOD/normalized",21739,3,32.021942131652793
"DIVCORE/4/3/127/DIV/top-clear",21739,3,37.526657159942957
"DIVCORE/4/3/127/MOD/top-clear",21739,3,39.669488016928099
"DIVCORE/4/3/127/DIV/top-one",21739,3,37.835227011362065
"DIVCORE/4/3/127/MOD/top-one",21739,3,38.345048070288421
"DIVCORE/4/3/127/DIV/padded",21739,3,33.871521229127374
"DIVCORE/4/3/127/MOD/padded",21739,3,32.29412576475459
"DIVCORE/6/3/17/DIV/normalized",20000,3,50.966650000000001
"DIVCORE/6/3/17/MOD/normalized",20000,3,49.19585
"DIVCORE/6/3/17/DIV/top-clear",20000,3,71.46875
"DIVCORE/6/3/17/MOD/top-clear",20000,3,70.529200000000003
"DIVCORE/6/3/17/DIV/top-one",20000,3,73.068749999999994
"DIVCORE/6/3/17/MOD/top-one",20000,3,74.287499999999994
"DIVCORE/6/3/17/DIV/padded",20000,3,55.302100000000003
"DIVCORE/6/3/17/MOD/padded",20000,3,51.575000000000003
"DIVCORE/6/3/17/DIV/add-back",20000,3,40.2104
"DIVCORE/6/3/17/MOD/add-back",20000,3,38.152099999999997
"DIVCORE/6/3/127/DIV/normalized",20000,3,52.2271
"DIVCORE/6/3/127/MOD/normalized",20000,3,50.083350000000003
"DIVCORE/6/3/127/DIV/top-clear",20000,3,66.90625
"DIVCORE/6/3/127/MOD/top-clear",20000,3,68.220849999999999
"DIVCORE/6/3/127/DIV/top-one",20000,3,65.789599999999993
"DIVCORE/6/3/127/MOD/top-one",20000,3,68.835400000000007
"DIVCORE/6/3/127/DIV/padded",20000,3,54.6083
"DIVCORE/6/3/127/MOD/padded",20000,3,51.214599999999997
"DIVCORE/12/3/17/DIV/normalized",16129,3,150.21594643189286
"DIVCORE/12/3/17/MOD/normalized",16129,3,147.99944199888401
"DIVCORE/12/3/17/DIV/top-clear",16129,3,176.82956165912333
"DIVCORE/12/3/17/MOD/top-clear",16129,3,177.25060450120901
"DIVCORE/12/3/17/DIV/top-one",16129,3,170.26784053568107
"DIVCORE/12/3/17/MOD/top-one",16129,3,171.16163432326866
"DIVCORE/12/3/17/DIV/padded",16129,3,155.20956041912083
"DIVCORE/12/3/17/MOD/padded",16129,3,151.86409572819144
"DIVCORE/12/3/17/DIV/add-back",16129,3,88.166780333560666
"DIVCORE/12/3/17/MOD/add-back",16129,3,86.043214086428179
"DIVCORE/12/3/127/DIV/normalized",16129,3,151.1718023436047
"DIVCORE/12/3/127/MOD/normalized",16129,3,148.29394258788517
"DIVCORE/12/3/127/DIV/top-clear",16129,3,170.02498604997211
"DIVCORE/12/3/127/MOD/top-clear",16129,3,171.19009238018475
"DIVCORE/12/3/127/DIV/top-one",16129,3,166.62018724037449
"DIVCORE/12/3/127/MOD/top-one",16129,3,167.21954243908488
"DIVCORE/12/3/127/DIV/padded",16129,3,154.88151776303553
"DIVCORE/12/3/127/MOD/padded",16129,3,153.07830615661231
"DIVCORE/35/3/17/DIV/normalized",9259,3,529.07084998379958
"DIVCORE/35/3/17/MOD/normalized",9259,3,528.94481045469274
"DIVCORE/35/3/17/DIV/top-clear",9259,3,578.13565179825036
"DIVCORE/35/3/17/MOD/top-clear",9259,3,577.18608921049793
"DIVCORE/35/3/17/DIV/top-one",9259,3,576.10616697267528
"DIVCORE/35/3/17/MOD/top-one",9259,3,573.60406091370555
"DIVCORE/35/3/17/DIV/padded",9259,3,546.01382438708288
"DIVCORE/35/3/17/MOD/padded",9259,3,543.41721568203911
"DIVCORE/35/3/17/DIV/add-back",9259,3,286.97753537099038
"DIVCORE/35/3/17/MOD/add-back",9259,3,282.72491629765631
"DIVCORE/35/3/127/DIV/normalized",9259,3,531.6673506858192
"DIVCORE/35/3/127/MOD/normalized",9259,3,528.62533750945022
"DIVCORE/35/3/127/DIV/top-clear",9259,3,580.46225294308238
"DIVCORE/35/3/127/MOD/top-clear",9259,3,579.69726752349061
"DIVCORE/35/3/127/DIV/top-one",9259,3,559.1541203153688
"DIVCORE/35/3/127/MOD/top-one",9259,3,559.49162976563343
"DIVCORE/35/3/127/DIV/padded",9259,3,550.64899017172479
"DIVCORE/35/3/127/MOD/padded",9259,3,543.73226050329413
"DIVCORE/1027/3/17/DIV/normalized",478,3,18962.257322175734
"DIVCORE/1027/3/17/MOD/normalized",478,3,18782.251046025103
"DIVCORE/1027/3/17/DIV/top-clear",478,3,21035.564853556487
"DIVCORE/1027/3/17/MOD/top-clear",478,3,20988.058577405856
"DIVCORE/1027/3/17/DIV/top-one",478,3,18602.424686192469
"DIVCORE/1027/3/17/MOD/top-one",478,3,18553.782426778242
"DIVCORE/1027/3/17/DIV/padded",478,3,19046.548117154813
"DIVCORE/1027/3/17/MOD/padded",478,3,18970.535564853555
"DIVCORE/1027/3/17/DIV/add-back",478,3,8542.1903765690386
"DIVCORE/1027/3/17/MOD/add-back",478,3,8434.7092050209212
"DIVCORE/1027/3/127/DIV/normalized",478,3,19445.606694560669
"DIVCORE/1027/3/127/MOD/normalized",478,3,19379.18410041841
"DIVCORE/1027/3/127/DIV/top-clear",478,3,18981.171548117156
"DIVCORE/1027/3/127/MOD/top-clear",478,3,18960.598326359832
"DIVCORE/1027/3/127/DIV/top-one",478,3,18916.142259414228
"DIVCORE/1027/3/127/MOD/top-one",478,3,18854.778242677825
"DIVCORE/1027/3/127/DIV/padded",478,3,19119.161087866109
"DIVCORE/1027/3/127/MOD/padded",478,3,19019.612970711296
"DIVCORE/3/4/17/DIV/normalized",21739,3,5.6714660287961731
"DIVCORE/3/4/17/MOD/normalized",21739,3,5.4510327061962371
"DIVCORE/3/4/17/DIV/top-clear",21739,3,5.3992823956943745
"DIVCORE/3/4/17/MOD/top-clear",21739,3,5.4510327061962371
"DIVCORE/3/4/17/DIV/top-one",21739,3,5.439532637195823
"DIVCORE/3/4/17/MOD/top-one",21739,3,5.4069644417866511
"DIVCORE/3/4/17/DIV/padded",21739,3,5.3782142692856159
"DIVCORE/3/4/17/MOD/padded",21739,3,5.4184645107870644
"DIVCORE/3/4/127/DIV/normalized",21739,3,5.4127144762868573
"DIVCORE/3/4/127/MOD/normalized",21739,3,5.433782602695616
"DIVCORE/3/4/127/DIV/top-clear",21739,3,5.4088504531027191
"DIVCORE/3/4/127/MOD/top-clear",21739,3,5.4414646487878926
"DIVCORE/3/4/127/DIV/top-one",21739,3,5.4050324301945816
"DIVCORE/3/4/127/MOD/top-one",21739,3,5.4184185105110627
"DIVCORE/3/4/127/DIV/padded",21739,3,5.3762822576935463
"DIVCORE/3/4/127/MOD/padded",21739,3,5.4012144072864441
"DIVCORE/4/4/17/DIV/normalized",20833,3,17.974271588345413
"DIVCORE/4/4/17/MOD/normalized",20833,3,13.648202371237939
"DIVCORE/4/4/17/DIV/top-clear",20833,3,24.816397062352998
"DIVCORE/4/4/17/MOD/top-clear",20833,3,22.972351557624922
"DIVCORE/4/4/17/DIV/top-one",20833,3,24.838381414102624
"DIVCORE/4/4/17/MOD/top-one",20833,3,23.294388710219362
"DIVCORE/4/4/17/DIV/padded",20833,3,17.984303748859983
"DIVCORE/4/4/17/MOD/padded",20833,3,13.636202179234868
"DIVCORE/4/4/127/DIV/normalized",20833,3,21.700379206067296
"DIVCORE/4/4/127/MOD/normalized",20833,3,17.764268228291652
"DIVCORE/4/4/127/DIV/top-clear",20833,3,24.816397062352998
"DIVCORE/4/4/127/MOD/top-clear",20833,3,22.54836077377238
"DIVCORE/4/4/127/DIV/top-one",20833,3,24.830365285844575
"DIVCORE/4/4/127/MOD/top-one",20833,3,23.022368357893725
"DIVCORE/4/4/127/DIV/padded",20833,3,21.832333317333077
"DIVCORE/4/4/127/MOD/padded",20833,3,18.642298276772429
"DIVCORE/5/4/17/DIV/normalized",20000,3,35.110399999999998
"DIVCORE/5/4/17/MOD/normalized",20000,3,34.143749999999997
"DIVCORE/5/4/17/DIV/top-clear",20000,3,40.2042
"DIVCORE/5/4/17/MOD/top-clear",20000,3,41.0396
"DIVCORE/5/4/17/DIV/top-one",20000,3,39.84375
"DIVCORE/5/4/17/MOD/top-one",20000,3,41.558349999999997
"DIVCORE/5/4/17/DIV/padded",20000,3,35.166699999999999
"DIVCORE/5/4/17/MOD/padded",20000,3,34.24165
"DIVCORE/5/4/17/DIV/add-back",20000,3,27.591650000000001
"DIVCORE/5/4/17/MOD/add-back",20000,3,24.731249999999999
"DIVCORE/5/4/127/DIV/normalized",20000,3,34.2104
"DIVCORE/5/4/127/MOD/normalized",20000,3,33.202100000000002
"DIVCORE/5/4/127/DIV/top-clear",20000,3,40.13955
"DIVCORE/5/4/127/MOD/top-clear",20000,3,41.418750000000003
"DIVCORE/5/4/127/DIV/top-one",20000,3,39.241700000000002
"DIVCORE/5/4/127/MOD/top-one",20000,3,40.802050000000001
"DIVCORE/5/4/127/DIV/padded",20000,3,34.420850000000002
"DIVCORE/5/4/127/MOD/padded",20000,3,32.956249999999997
"DIVCORE/8/4/17/DIV/normalized",17857,3,86.357394859158873
"DIVCORE/8/4/17/MOD/normalized",17857,3,86.138041104328835
"DIVCORE/8/4/17/DIV/top-clear",17857,3,97.277426219409762
"DIVCORE/8/4/17/MOD/top-clear",17857,3,98.390491123928996
"DIVCORE/8/4/17/DIV/top-one",17857,3,92.594444755558044
"DIVCORE/8/4/17/MOD/top-one",17857,3,94.444755558044463
"DIVCORE/8/4/17/DIV/padded",17857,3,88.343058744469957
"DIVCORE/8/4/17/MOD/padded",17857,3,86.168393347146775
"DIVCORE/8/4/17/DIV/add-back",17857,3,56.821806574452594
"DIVCORE/8/4/17/MOD/add-back",17857,3,54.598084784678278
"DIVCORE/8/4/127/DIV/normalized",17857,3,89.985719885759082
"DIVCORE/8/4/127/MOD/normalized",17857,3,88.884359074872606
"DIVCORE/8/4/127/DIV/top-clear",17857,3,94.153105224841795
"DIVCORE/8/4/127/MOD/top-clear",17857,3,96.012768102144818
"DIVCORE/8/4/127/DIV/top-one",17857,3,90.968079744637961
"DIVCORE/8/4/127/MOD/top-one",17857,3,91.8780870246962
"DIVCORE/8/4/127/DIV/padded",17857,3,92.008736069888556
"DIVCORE/8/4/127/MOD/padded",17857,3,90.8140785126281
"DIVCORE/16/4/17/DIV/normalized",13888,3,234.28204205069125
"DIVCORE/16/4/17/MOD/normalized",13888,3,233.51389688940091
"DIVCORE/16/4/17/DIV/top-clear",13888,3,246.51980126728111
"DIVCORE/16/4/17/MOD/top-clear",13888,3,246.40877016129033
"DIVCORE/16/4/17/DIV/top-one",13888,3,241.39544930875576
"DIVCORE/16/4/17/MOD/top-one",13888,3,241.16143433179724
"DIVCORE/16/4/17/DIV/padded",13888,3,239.64631336405529
"DIVCORE/16/4/17/MOD/padded",13888,3,237.65725806451613
"DIVCORE/16/4/17/DIV/add-back",13888,3,146.59238191244239
"DIVCORE/16/4/17/MOD/add-back",13888,3,141.5070564516129
"DIVCORE/16/4/127/DIV/normalized",13888,3,224.43238767281105
"DIVCORE/16/4/127/MOD/normalized",13888,3,223.13630472350229
"DIVCORE/16/4/127/DIV/top-clear",13888,3,242.86859158986175
"DIVCORE/16/4/127/MOD/top-clear",13888,3,244.59965437788017
"DIVCORE/16/4/127/DIV/top-one",13888,3,233.73293490783411
"DIVCORE/16/4/127/MOD/top-one",13888,3,234.64501728110599
"DIVCORE/16/4/127/DIV/padded",13888,3,232.31084389400922
"DIVCORE/16/4/127/MOD/padded",13888,3,228.73163882488478
"DIVCORE/36/4/17/DIV/normalized",8928,3,589.04099462365593
"DIVCORE/36/4/17/MOD/normalized",8928,3,591.60786290322585
"DIVCORE/36/4/17/DIV/top-clear",8928,3,615.74540770609315
"DIVCORE/36/4/17/MOD/top-clear",8928,3,618.1022625448029
"DIVCORE/36/4/17/DIV/top-one",8928,3,600.99787186379933
"DIVCORE/36/4/17/MOD/top-one",8928,3,606.48151881720435
"DIVCORE/36/4/17/DIV/padded",8928,3,605.09543010752691
"DIVCORE/36/4/17/MOD/padded",8928,3,602.81328405017916
"DIVCORE/36/4/17/DIV/add-back",8928,3,346.41957885304657
"DIVCORE/36/4/17/MOD/add-back",8928,3,345.4674059139785
"DIVCORE/36/4/127/DIV/normalized",8928,3,596.78349014336914
"DIVCORE/36/4/127/MOD/normalized",8928,3,615.7921146953405
"DIVCORE/36/4/127/DIV/top-clear",8928,3,639.14090501792111
"DIVCORE/36/4/127/MOD/top-clear",8928,3,624.59856630824368
"DIVCORE/36/4/127/DIV/top-one",8928,3,620.53841845878139
"DIVCORE/36/4/127/MOD/top-one",8928,3,628.20150089605738
"DIVCORE/36/4/127/DIV/padded",8928,3,612.26848118279565
"DIVCORE/36/4/127/MOD/padded",8928,3,609.65961021505382
"DIVCORE/1028/4/17/DIV/normalized",477,3,20408.104821802935
"DIVCORE/1028/4/17/MOD/normalized",477,3,20282.844863731658
"DIVCORE/1028/4/17/DIV/top-clear",477,3,20512.316561844862
"DIVCORE/1028/4/17/MOD/top-clear",477,3,20188.505241090148
"DIVCORE/1028/4/17/DIV/top-one",467,3,20462.436830835119
"DIVCORE/1028/4/17/MOD/top-one",469,3,20399.076759061834
"DIVCORE/1028/4/17/DIV/padded",477,3,20176.362683438154
"DIVCORE/1028/4/17/MOD/padded",477,3,20022.100628930817
"DIVCORE/1028/4/17/DIV/add-back",477,3,10363.469601677149
"DIVCORE/1028/4/17/MOD/add-back",477,3,10356.4821802935
"DIVCORE/1028/4/127/DIV/normalized",477,3,20228.337526205451
"DIVCORE/1028/4/127/MOD/normalized",477,3,20097.834381551362
"DIVCORE/1028/4/127/DIV/top-clear",470,3,20997.961702127661
"DIVCORE/1028/4/127/MOD/top-clear",473,3,20881.078224101479
"DIVCORE/1028/4/127/DIV/top-one",477,3,20029.526205450733
"DIVCORE/1028/4/127/MOD/top-one",477,3,19973.706498951782
"DIVCORE/1028/4/127/DIV/padded",477,3,20532.582809224317
"DIVCORE/1028/4/127/MOD/padded",477,3,20444.706498951782
"DIVCORE/7/8/17/DIV/normalized",16129,3,5.7376154752309505
"DIVCORE/7/8/17/MOD/normalized",16129,3,5.3397606795213592
"DIVCORE/7/8/17/DIV/top-clear",16129,3,5.3449066898133797
"DIVCORE/7/8/17/MOD/top-clear",16129,3,5.3191146382292764
"DIVCORE/7/8/17/DIV/top-one",16129,3,5.3423646847293691
"DIVCORE/7/8/17/MOD/top-one",16129,3,5.3268646537293076
"DIVCORE/7/8/17/DIV/padded",16129,3,5.3423646847293691
"DIVCORE/7/8/17/MOD/padded",16129,3,5.3165106330212657
"DIVCORE/7/8/127/DIV/normalized",16129,3,5.3526567053134109
"DIVCORE/7/8/127/MOD/normalized",16129,3,5.3242606485212969
"DIVCORE/7/8/127/DIV/top-clear",16129,3,5.3371566743133485
"DIVCORE/7/8/127/MOD/top-clear",16129,3,5.3346146692293388
"DIVCORE/7/8/127/DIV/top-one",16129,3,5.3501147002294003
"DIVCORE/7/8/127/MOD/top-one",16129,3,5.3268646537293076
"DIVCORE/7/8/127/DIV/padded",16129,3,5.3552607105214207
"DIVCORE/7/8/127/MOD/padded",16129,3,5.3165106330212657
"DIVCORE/8/8/17/DIV/normalized",15625,3,19.221375999999999
"DIVCORE/8/8/17/MOD/normalized",15625,3,13.634688000000001
"DIVCORE/8/8/17/DIV/top-clear",15625,3,32.226688000000003
"DIVCORE/8/8/17/MOD/top-clear",15625,3,32.962623999999998
"DIVCORE/8/8/17/DIV/top-one",15625,3,34.794688000000001
"DIVCORE/8/8/17/MOD/top-one",15625,3,35.591999999999999
"DIVCORE/8/8/17/DIV/padded",15625,3,19.213311999999998
"DIVCORE/8/8/17/MOD/padded",15625,3,13.632
"DIVCORE/8/8/127/DIV/normalized",15625,3,19.210688000000001
"DIVCORE/8/8/127/MOD/normalized",15625,3,13.637376
"DIVCORE/8/8/127/DIV/top-clear",15625,3,32.245376
"DIVCORE/8/8/127/MOD/top-clear",15625,3,32.917375999999997
"DIVCORE/8/8/127/DIV/top-one",15625,3,34.408000000000001
"DIVCORE/8/8/127/MOD/top-one",15625,3,34.330624
"DIVCORE/8/8/127/DIV/padded",15625,3,19.207999999999998
"DIVCORE/8/8/127/MOD/padded",15625,3,13.634688000000001
"DIVCORE/9/8/17/DIV/normalized",15151,3,31.197082700811826
"DIVCORE/9/8/17/MOD/normalized",15151,3,28.14995709854135
"DIVCORE/9/8/17/DIV/top-clear",15151,3,55.854399049567682
"DIVCORE/9/8/17/MOD/top-clear",15151,3,57.361494290805886
"DIVCORE/9/8/17/DIV/top-one",15151,3,57.207445053131806
"DIVCORE/9/8/17/MOD/top-one",15151,3,58.629199392779356
"DIVCORE/9/8/17/DIV/padded",15151,3,31.587617979011288
"DIVCORE/9/8/17/MOD/padded",15151,3,28.47449013266451
"DIVCORE/9/8/17/DIV/add-back",15151,3,34.274371328625172
"DIVCORE/9/8/17/MOD/add-back",15151,3,30.798297142102832
"DIVCORE/9/8/127/DIV/normalized",15151,3,30.916507161243484
"DIVCORE/9/8/127/MOD/normalized",15151,3,28.130684443271072
"DIVCORE/9/8/127/DIV/top-clear",15151,3,57.045211537192266
"DIVCORE/9/8/127/MOD/top-clear",15151,3,58.909774932347702
"DIVCORE/9/8/127/DIV/top-one",15151,3,55.513365454425454
"DIVCORE/9/8/127/MOD/top-one",15151,3,57.727212725232661
"DIVCORE/9/8/127/DIV/padded",15151,3,31.57382350999934
"DIVCORE/9/8/127/MOD/padded",15151,3,28.653224209623126
"DIVCORE/16/8/17/DIV/normalized",12500,3,186.46000000000001
"DIVCORE/16/8/17/MOD/normalized",12500,3,184.37327999999999
"DIVCORE/16/8/17/DIV/top-clear",12500,3,221.25999999999999
"DIVCORE/16/8/17/MOD/top-clear",12500,3,223.53327999999999
"DIVCORE/16/8/17/DIV/top-one",12500,3,214.61000000000001
"DIVCORE/16/8/17/MOD/top-one",12500,3,217.83000000000001
"DIVCORE/16/8/17/DIV/padded",12500,3,190.70336
"DIVCORE/16/8/17/MOD/padded",12500,3,186.74336
"DIVCORE/16/8/17/DIV/add-back",12500,3,160.68664000000001
"DIVCORE/16/8/17/MOD/add-back",12500,3,156.50999999999999
"DIVCORE/16/8/127/DIV/normalized",12500,3,184.93672000000001
"DIVCORE/16/8/127/MOD/normalized",12500,3,182.27663999999999
"DIVCORE/16/8/127/DIV/top-clear",12500,3,221.41672
"DIVCORE/16/8/127/MOD/top-clear",12500,3,223.08000000000001
"DIVCORE/16/8/127/DIV/top-one",12500,3,214.27672000000001
"DIVCORE/16/8/127/MOD/top-one",12500,3,216.12
"DIVCORE/16/8/127/DIV/padded",12500,3,188.96000000000001
"DIVCORE/16/8/127/MOD/padded",12500,3,185.53999999999999
"DIVCORE/32/8/17/DIV/normalized",8928,3,550.06720430107532
"DIVCORE/32/8/17/MOD/normalized",8928,3,543.75750448028668
"DIVCORE/32/8/17/DIV/top-clear",8928,3,598.75772849462362
"DIVCORE/32/8/17/MOD/top-clear",8928,3,599.9989919354839
"DIVCORE/32/8/17/DIV/top-one",8928,3,596.3121639784946
"DIVCORE/32/8/17/MOD/top-one",8928,3,596.53617831541214
"DIVCORE/32/8/17/DIV/padded",8928,3,561.02520161290317
"DIVCORE/32/8/17/MOD/padded",8928,3,554.71550179211465
"DIVCORE/32/8/17/DIV/add-back",8928,3,437.23868727598568
"DIVCORE/32/8/17/MOD/add-back",8928,3,428.70743727598568
"DIVCORE/32/8/127/DIV/normalized",8928,3,560.40456989247309
"DIVCORE/32/8/127/MOD/normalized",8928,3,559.30320340501794
"DIVCORE/32/8/127/DIV/top-clear",8928,3,602.51456093189961
"DIVCORE/32/8/127/MOD/top-clear",8928,3,603.30320340501794
"DIVCORE/32/8/127/DIV/top-one",8928,3,595.24809587813616
"DIVCORE/32/8/127/MOD/top-one",8928,3,599.08904569892468
"DIVCORE/32/8/127/DIV/padded",8928,3,571.3111559139785
"DIVCORE/32/8/127/MOD/padded",8928,3,568.80981182795699
"DIVCORE/40/8/17/DIV/normalized",7812,3,739.58870967741939
"DIVCORE/40/8/17/MOD/normalized",7812,3,740.23399897593447
"DIVCORE/40/8/17/DIV/top-clear",7812,3,783.74078341013819
"DIVCORE/40/8/17/MOD/top-clear",7812,3,782.97811059907838
"DIVCORE/40/8/17/DIV/top-one",7812,3,770.83870967741939
"DIVCORE/40/8/17/MOD/top-one",7812,3,774.72158218125958
"DIVCORE/40/8/17/DIV/padded",7812,3,746.68778801843314
"DIVCORE/40/8/17/MOD/padded",7812,3,742.85816692268304
"DIVCORE/40/8/17/DIV/add-back",7812,3,573.78072196620587
"DIVCORE/40/8/17/MOD/add-back",7812,3,565.48681515617
"DIVCORE/40/8/127/DIV/normalized",7812,3,740.22875064004097
"DIVCORE/40/8/127/MOD/normalized",7812,3,736.99116743471586
"DIVCORE/40/8/127/DIV/top-clear",7812,3,799.78443420378903
"DIVCORE/40/8/127/MOD/top-clear",7812,3,800.79787506400407
"DIVCORE/40/8/127/DIV/top-one",7812,3,765.60099846390165
"DIVCORE/40/8/127/MOD/top-one",7812,3,767.22785458269334
"DIVCORE/40/8/127/DIV/padded",7812,3,753.15220174091144
"DIVCORE/40/8/127/MOD/padded",7812,3,750.99743983614951
"DIVCORE/1032/8/17/DIV/normalized",473,3,25457.452431289639
"DIVCORE/1032/8/17/MOD/normalized",397,3,25387.279596977329
"DIVCORE/1032/8/17/DIV/top-clear",473,3,27107.733615221987
"DIVCORE/1032/8/17/MOD/top-clear",473,3,27058.40380549683
"DIVCORE/1032/8/17/DIV/top-one",370,3,26276.802702702702
"DIVCORE/1032/8/17/MOD/top-one",473,3,25896.581395348836
"DIVCORE/1032/8/17/DIV/padded",389,3,25877.676092544989
"DIVCORE/1032/8/17/MOD/padded",389,3,25792.737789203085
"DIVCORE/1032/8/17/DIV/add-back",473,3,17633.281183932348
"DIVCORE/1032/8/17/MOD/add-back",473,3,17576.463002114164
"DIVCORE/1032/8/127/DIV/normalized",385,3,25916.98961038961
"DIVCORE/1032/8/127/MOD/normalized",473,3,25941.067653276954
"DIVCORE/1032/8/127/DIV/top-clear",365,3,27097.717808219179
"DIVCORE/1032/8/127/MOD/top-clear",366,3,27109.631147540982
"DIVCORE/1032/8/127/DIV/top-one",375,3,26718.666666666668
"DIVCORE/1032/8/127/MOD/top-one",376,3,26657.468085106382
"DIVCORE/1032/8/127/DIV/padded",473,3,26464.676532769558
"DIVCORE/1032/8/127/MOD/padded",381,3,26305.992125984252
"DIVCORE/15/16/17/DIV/normalized",10638,3,6.1297236322617037
"DIVCORE/15/16/17/MOD/normalized",10638,3,5.3855987967663097
"DIVCORE/15/16/17/DIV/top-clear",10638,3,5.6401579244218842
"DIVCORE/15/16/17/MOD/top-clear",10638,3,5.3855987967663097
"DIVCORE/15/16/17/DIV/top-one",10638,3,5.3502538071065988
"DIVCORE/15/16/17/MOD/top-one",10638,3,5.3738484677570968
"DIVCORE/15/16/17/DIV/padded",10638,3,5.3581500282007894
"DIVCORE/15/16/17/MOD/padded",10638,3,5.3463996991915774
"DIVCORE/15/16/127/DIV/normalized",10638,3,5.3503478097386727
"DIVCORE/15/16/127/MOD/normalized",10638,3,5.3659522466629062
"DIVCORE/15/16/127/DIV/top-clear",10638,3,5.3463996991915774
"DIVCORE/15/16/127/MOD/top-clear",10638,3,5.3620981387478848
"DIVCORE/15/16/127/DIV/top-one",10638,3,5.3385974807294607
"DIVCORE/15/16/127/MOD/top-one",10638,3,5.3542019176536941
"DIVCORE/15/16/127/DIV/padded",10638,3,5.3855987967663097
"DIVCORE/15/16/127/MOD/padded",10638,3,5.3855047941342358
"DIVCORE/16/16/17/DIV/normalized",10416,3,16.477054531490015
"DIVCORE/16/16/17/MOD/normalized",10416,3,13.896889400921658
"DIVCORE/16/16/17/DIV/top-clear",10416,3,47.659082181259599
"DIVCORE/16/16/17/MOD/top-clear",10416,3,53.999519969278033
"DIVCORE/16/16/17/DIV/top-one",10416,3,50.435195852534562
"DIVCORE/16/16/17/MOD/top-one",10416,3,55.86760752688172
"DIVCORE/16/16/17/DIV/padded",10416,3,16.453052995391705
"DIVCORE/16/16/17/MOD/padded",10416,3,13.65284178187404
"DIVCORE/16/16/127/DIV/normalized",10416,3,34.214189708141319
"DIVCORE/16/16/127/MOD/normalized",10416,3,32.398041474654377
"DIVCORE/16/16/127/DIV/top-clear",10416,3,48.015072964669741
"DIVCORE/16/16/127/MOD/top-clear",10416,3,54.299539170506911
"DIVCORE/16/16/127/DIV/top-one",10416,3,49.087173579109063
"DIVCORE/16/16/127/MOD/top-one",10416,3,54.887480798771122
"DIVCORE/16/16/127/DIV/padded",10416,3,34.210157450076807
"DIVCORE/16/16/127/MOD/padded",10416,3,32.394009216589865
"DIVCORE/17/16/17/DIV/normalized",10204,3,68.082026656213245
"DIVCORE/17/16/17/MOD/normalized",10204,3,65.239905919247349
"DIVCORE/17/16/17/DIV/top-clear",10204,3,83.729419835358684
"DIVCORE/17/16/17/MOD/top-clear",10204,3,87.755586044688357
"DIVCORE/17/16/17/DIV/top-one",10204,3,83.945903567228541
"DIVCORE/17/16/17/MOD/top-one",10204,3,88.866326930615443
"DIVCORE/17/16/17/DIV/padded",10204,3,67.314288514308117
"DIVCORE/17/16/17/MOD/padded",10204,3,65.889161113288907
"DIVCORE/17/16/17/DIV/add-back",10204,3,49.743531948255587
"DIVCORE/17/16/17/MOD/add-back",10204,3,45.558114464915718
"DIVCORE/17/16/127/DIV/normalized",10204,3,68.980301842414733
"DIVCORE/17/16/127/MOD/normalized",10204,3,65.917777342218741
"DIVCORE/17/16/127/DIV/top-clear",10204,3,84.08467267738142
"DIVCORE/17/16/127/MOD/top-clear",10204,3,89.188847510780093
"DIVCORE/17/16/127/DIV/top-one",10204,3,85.183163465307729
"DIVCORE/17/16/127/MOD/top-one",10204,3,90.034202273618192
"DIVCORE/17/16/127/DIV/padded",10204,3,67.914543316346524
"DIVCORE/17/16/127/MOD/padded",10204,3,66.289298314386514
"DIVCORE/32/16/17/DIV/normalized",7812,3,548.43509984639013
"DIVCORE/32/16/17/MOD/normalized",7812,3,542.00268817204301
"DIVCORE/32/16/17/DIV/top-clear",7812,3,586.22951868919608
"DIVCORE/32/16/17/MOD/top-clear",7812,3,591.84050179211465
"DIVCORE/32/16/17/DIV/top-one",7812,3,594.47529441884285
"DIVCORE/32/16/17/MOD/top-one",7812,3,600.8650793650794
"DIVCORE/32/16/17/DIV/padded",7812,3,554.09946236559142
"DIVCORE/32/16/17/MOD/padded",7812,3,550.64324116743467
"DIVCORE/32/16/17/DIV/add-back",7812,3,527.65501792114696
"DIVCORE/32/16/17/MOD/add-back",7812,3,525.44700460829495
"DIVCORE/32/16/127/DIV/normalized",7812,3,562.38261648745515
"DIVCORE/32/16/127/MOD/normalized",7812,3,560.35048643113157
"DIVCORE/32/16/127/DIV/top-clear",7812,3,589.78174603174602
"DIVCORE/32/16/127/MOD/top-clear",7812,3,593.72875064004097
"DIVCORE/32/16/127/DIV/top-one",7812,3,585.10944700460834
"DIVCORE/32/16/127/MOD/top-one",7812,3,590.83781362007164
"DIVCORE/32/16/127/DIV/padded",7812,3,571.95135688684081
"DIVCORE/32/16/127/MOD/padded",7812,3,568.44175627240145
"DIVCORE/48/16/17/DIV/normalized",6250,3,1064.6199999999999
"DIVCORE/48/16/17/MOD/normalized",6250,3,1043.43344
"DIVCORE/48/16/17/DIV/top-clear",6250,3,1140.89328
"DIVCORE/48/16/17/MOD/top-clear",6250,3,1142.98
"DIVCORE/48/16/17/DIV/top-one",6250,3,1158.0599999999999
"DIVCORE/48/16/17/MOD/top-one",6250,3,1156.2067199999999
"DIVCORE/48/16/17/DIV/padded",6250,3,1075.4867200000001
"DIVCORE/48/16/17/MOD/padded",6250,3,1058.61328
"DIVCORE/48/16/17/DIV/add-back",6250,3,1052.3134399999999
"DIVCORE/48/16/17/MOD/add-back",6250,3,1035.4265600000001
"DIVCORE/48/16/127/DIV/normalized",6250,3,1130.43328
"DIVCORE/48/16/127/MOD/normalized",6250,3,1119.9732799999999
"DIVCORE/48/16/127/DIV/top-clear",6250,3,1141.4467199999999
"DIVCORE/48/16/127/MOD/top-clear",6250,3,1140.9200000000001
"DIVCORE/48/16/127/DIV/top-one",6250,3,1148.5999999999999
"DIVCORE/48/16/127/MOD/top-one",6250,3,1160.36672
"DIVCORE/48/16/127/DIV/padded",6250,3,1151.8934400000001
"DIVCORE/48/16/127/MOD/padded",6250,3,1132.4465600000001
"DIVCORE/64/16/17/DIV/normalized",5208,3,1615.3193164362519
"DIVCORE/64/16/17/MOD/normalized",5208,3,1585.9575652841781
"DIVCORE/64/16/17/DIV/top-clear",5208,3,1729.9185867895546
"DIVCORE/64/16/17/MOD/top-clear",5208,3,1719.1259600614439
"DIVCORE/64/16/17/DIV/top-one",5208,3,1724.4224270353302
"DIVCORE/64/16/17/MOD/top-one",5208,3,1710.7173579109062
"DIVCORE/64/16/17/DIV/padded",5208,3,1637.064708141321
"DIVCORE/64/16/17/MOD/padded",5208,3,1609.8869047619048
"DIVCORE/64/16/17/DIV/add-back",5208,3,1571.3245007680491
"DIVCORE/64/16/17/MOD/add-back",5208,3,1540.7225422427036
"DIVCORE/64/16/127/DIV/normalized",5208,3,1697.7327188940092
"DIVCORE/64/16/127/MOD/normalized",5208,3,1662.6983486943163
"DIVCORE/64/16/127/DIV/top-clear",5208,3,1732.0468509984639
"DIVCORE/64/16/127/MOD/top-clear",5208,3,1717.7340629800308
"DIVCORE/64/16/127/DIV/top-one",5208,3,1691.0362903225807
"DIVCORE/64/16/127/MOD/top-one",5208,3,1675.2672811059908
"DIVCORE/64/16/127/DIV/padded",5208,3,1669.482910906298
"DIVCORE/64/16/127/MOD/padded",5208,3,1660.2423195084486
"DIVCORE/1040/16/17/DIV/normalized",292,3,34439.21232876712
"DIVCORE/1040/16/17/MOD/normalized",293,3,34417.945392491471
"DIVCORE/1040/16/17/DIV/top-clear",272,3,36842.066176470587
"DIVCORE/1040/16/17/MOD/top-clear",272,3,36962.470588235294
"DIVCORE/1040/16/17/DIV/top-one",466,3,38938.841201716736
"DIVCORE/1040/16/17/MOD/top-one",466,3,39032.993562231757
"DIVCORE/1040/16/17/DIV/padded",288,3,34767.795138888891
"DIVCORE/1040/16/17/MOD/padded",289,3,34668.972318339103
"DIVCORE/1040/16/17/DIV/add-back",308,3,32512.175324675325
"DIVCORE/1040/16/17/MOD/add-back",309,3,32486.245954692557
"DIVCORE/1040/16/127/DIV/normalized",262,3,38238.232824427483
"DIVCORE/1040/16/127/MOD/normalized",466,3,38244.545064377686
"DIVCORE/1040/16/127/DIV/top-clear",466,3,39427.575107296136
"DIVCORE/1040/16/127/MOD/top-clear",254,3,39413.877952755909
"DIVCORE/1040/16/127/DIV/top-one",466,3,41122.944206008586
"DIVCORE/1040/16/127/MOD/top-one",256,3,40274.25
"DIVCORE/1040/16/127/DIV/padded",260,3,40877.565384615387
"DIVCORE/1040/16/127/MOD/padded",260,3,38716.346153846156
"DIVCORE/31/32/17/DIV/normalized",6329,3,5.6288513193237479
"DIVCORE/31/32/17/MOD/normalized",6329,3,5.5169853057355036
"DIVCORE/31/32/17/DIV/top-clear",6329,3,5.3392321061779109
"DIVCORE/31/32/17/MOD/top-clear",6329,3,5.3918470532469582
"DIVCORE/31/32/17/DIV/top-one",6329,3,5.3787328171907092
"DIVCORE/31/32/17/MOD/top-one",6329,3,5.3918470532469582
"DIVCORE/31/32/17/DIV/padded",6329,3,5.3918470532469582
"DIVCORE/31/32/17/MOD/padded",6329,3,5.4313477642597565
"DIVCORE/31/32/127/DIV/normalized",6329,3,5.3852109337968086
"DIVCORE/31/32/127/MOD/normalized",6329,3,5.4313477642597565
"DIVCORE/31/32/127/DIV/top-clear",6329,3,5.4378258808658559
"DIVCORE/31/32/127/MOD/top-clear",6329,3,5.3983251698530577
"DIVCORE/31/32/127/DIV/top-one",6329,3,5.4049612893032073
"DIVCORE/31/32/127/MOD/top-one",6329,3,5.4313477642597565
"DIVCORE/31/32/127/DIV/padded",6329,3,5.3787328171907092
"DIVCORE/31/32/127/MOD/padded",6329,3,5.4182335282035075
"DIVCORE/32/32/17/DIV/normalized",6250,3,56.126719999999999
"DIVCORE/32/32/17/MOD/normalized",6250,3,52.859999999999999
"DIVCORE/32/32/17/DIV/top-clear",6250,3,84.453440000000001
"DIVCORE/32/32/17/MOD/top-clear",6250,3,93.906720000000007
"DIVCORE/32/32/17/DIV/top-one",6250,3,85.106560000000002
"DIVCORE/32/32/17/MOD/top-one",6250,3,96.260000000000005
"DIVCORE/32/32/17/DIV/padded",6250,3,55.766719999999999
"DIVCORE/32/32/17/MOD/padded",6250,3,52.840000000000003
"DIVCORE/32/32/127/DIV/normalized",6250,3,55.613280000000003
"DIVCORE/32/32/127/MOD/normalized",6250,3,53.026560000000003
"DIVCORE/32/32/127/DIV/top-clear",6250,3,84.526719999999997
"DIVCORE/32/32/127/MOD/top-clear",6250,3,93.386719999999997
"DIVCORE/32/32/127/DIV/top-one",6250,3,87.099999999999994
"DIVCORE/32/32/127/MOD/top-one",6250,3,95.933279999999996
"DIVCORE/32/32/127/DIV/padded",6250,3,56.033439999999999
"DIVCORE/32/32/127/MOD/padded",6250,3,52.933280000000003
"DIVCORE/33/32/17/DIV/normalized",6172,3,62.999675955930009
"DIVCORE/33/32/17/MOD/normalized",6172,3,57.315294880103693
"DIVCORE/33/32/17/DIV/top-clear",6172,3,139.17692806221646
"DIVCORE/33/32/17/MOD/top-clear",6172,3,147.87200259235257
"DIVCORE/33/32/17/DIV/top-one",6172,3,142.66704471808166
"DIVCORE/33/32/17/MOD/top-one",6172,3,149.03337653920934
"DIVCORE/33/32/17/DIV/padded",6172,3,60.697504860661049
"DIVCORE/33/32/17/MOD/padded",6172,3,59.326960466623461
"DIVCORE/33/32/17/DIV/add-back",6172,3,82.928224238496441
"DIVCORE/33/32/17/MOD/add-back",6172,3,78.492871030460137
"DIVCORE/33/32/127/DIV/normalized",6172,3,109.12184057031756
"DIVCORE/33/32/127/MOD/normalized",6172,3,106.60385612443292
"DIVCORE/33/32/127/DIV/top-clear",6172,3,139.25129617627996
"DIVCORE/33/32/127/MOD/top-clear",6172,3,147.62232663642254
"DIVCORE/33/32/127/DIV/top-one",6172,3,140.48655217109527
"DIVCORE/33/32/127/MOD/top-one",6172,3,148.49319507453015
"DIVCORE/33/32/127/DIV/padded",6172,3,111.7952041477641
"DIVCORE/33/32/127/MOD/padded",6172,3,106.31335061568373
"DIVCORE/64/32/17/DIV/normalized",4464,3,1799.1617383512544
"DIVCORE/64/32/17/MOD/normalized",4464,3,1775.2296146953406
"DIVCORE/64/32/17/DIV/top-clear",4464,3,1893.1639784946237
"DIVCORE/64/32/17/MOD/top-clear",4464,3,1891.6704749103942
"DIVCORE/64/32/17/DIV/top-one",4464,3,1865.0967741935483
"DIVCORE/64/32/17/MOD/top-one",4464,3,1851.2730734767026
"DIVCORE/64/32/17/DIV/padded",4464,3,1812.9854390681003
"DIVCORE/64/32/17/MOD/padded",4464,3,1787.4569892473119
"DIVCORE/64/32/17/DIV/add-back",4464,3,2104.1946684587815
"DIVCORE/64/32/17/MOD/add-back",4464,3,2074.6155913978496
"DIVCORE/64/32/127/DIV/normalized",4464,3,1804.8366935483871
"DIVCORE/64/32/127/MOD/normalized",4464,3,1786.0757168458781
"DIVCORE/64/32/127/DIV/top-clear",4464,3,1880.1803315412187
"DIVCORE/64/32/127/MOD/top-clear",4464,3,1871.4811827956989
"DIVCORE/64/32/127/DIV/top-one",4464,3,1857.8443100358422
"DIVCORE/64/32/127/MOD/top-one",4464,3,1853.3266129032259
"DIVCORE/64/32/127/DIV/padded",4464,3,1818.7349910394266
"DIVCORE/64/32/127/MOD/padded",4464,3,1791.722670250896
"DIVCORE/128/32/17/DIV/normalized",1830,3,5479.7355191256829
"DIVCORE/128/32/17/MOD/normalized",1829,3,5468.3110989611814
"DIVCORE/128/32/17/DIV/top-clear",2840,3,5662.8228873239441
"DIVCORE/128/32/17/MOD/top-clear",1761,3,5668.0863145939811
"DIVCORE/128/32/17/DIV/top-one",1894,3,5283.8130939809926
"DIVCORE/128/32/17/MOD/top-one",1888,3,5301.6641949152545
"DIVCORE/128/32/17/DIV/padded",2840,3,5515.3169014084506
"DIVCORE/128/32/17/MOD/padded",1814,3,5511.9437706725466
"DIVCORE/128/32/17/DIV/add-back",1608,3,6223.1293532338304
"DIVCORE/128/32/17/MOD/add-back",1610,3,6220.0826086956522
"DIVCORE/128/32/127/DIV/normalized",2840,3,5328.6971830985913
"DIVCORE/128/32/127/MOD/normalized",1879,3,5343.8664183076107
"DIVCORE/128/32/127/DIV/top-clear",1791,3,5602.1077610273587
"DIVCORE/128/32/127/MOD/top-clear",2840,3,5594.1753521126757
"DIVCORE/128/32/127/DIV/top-one",1815,3,5531.3129476584018
"DIVCORE/128/32/127/MOD/top-one",2840,3,5528.3010563380285
"DIVCORE/128/32/127/DIV/padded",2840,3,5367.5760563380281
"DIVCORE/128/32/127/MOD/padded",2840,3,5380.0764084507045
"DIVCORE/1056/32/17/DIV/normalized",165,3,61220.709090909091
"DIVCORE/1056/32/17/MOD/normalized",165,3,61053.030303030304
"DIVCORE/1056/32/17/DIV/top-clear",165,3,61009.599999999999
"DIVCORE/1056/32/17/MOD/top-clear",165,3,60940.151515151512
"DIVCORE/1056/32/17/DIV/top-one",358,3,55702.745810055865
"DIVCORE/1056/32/17/MOD/top-one",180,3,55663.194444444445
"DIVCORE/1056/32/17/DIV/padded",163,3,61577.202453987731
"DIVCORE/1056/32/17/MOD/padded",163,3,61542.435582822087
"DIVCORE/1056/32/17/DIV/add-back",152,3,65856.90789473684
"DIVCORE/1056/32/17/MOD/add-back",304,3,65838.131578947374
"DIVCORE/1056/32/127/DIV/normalized",176,3,57034.090909090912
"DIVCORE/1056/32/127/MOD/normalized",350,3,57052.260000000002
"DIVCORE/1056/32/127/DIV/top-clear",164,3,61349.847560975613
"DIVCORE/1056/32/127/MOD/top-clear",163,3,61708.331288343557
"DIVCORE/1056/32/127/DIV/top-one",162,3,61834.104938271608
"DIVCORE/1056/32/127/MOD/top-one",324,3,61807.740740740737
"DIVCORE/1056/32/127/DIV/padded",174,3,57536.879310344826
"DIVCORE/1056/32/127/MOD/padded",174,3,57496.64942528736
"DIVCORE/63/64/17/DIV/normalized",3496,3,5.553775743707094
"DIVCORE/63/64/17/MOD/normalized",3496,3,5.4347826086956523
"DIVCORE/63/64/17/DIV/top-clear",3496,3,5.3752860411899315
"DIVCORE/63/64/17/MOD/top-clear",3496,3,5.5062929061784898
"DIVCORE/63/64/17/DIV/top-one",3496,3,5.4822654462242566
"DIVCORE/63/64/17/MOD/top-one",3496,3,5.3515446224256289
"DIVCORE/63/64/17/DIV/padded",3496,3,5.4227688787185357
"DIVCORE/63/64/17/MOD/padded",3496,3,5.6613272311212812
"DIVCORE/63/64/127/DIV/normalized",3496,3,5.3990274599542332
"DIVCORE/63/64/127/MOD/normalized",3496,3,5.3157894736842106
"DIVCORE/63/64/127/DIV/top-clear",3496,3,5.7683066361556063
"DIVCORE/63/64/127/MOD/top-clear",3496,3,5.303775743707094
"DIVCORE/63/64/127/DIV/top-one",3496,3,5.458524027459954
"DIVCORE/63/64/127/MOD/top-one",3496,3,5.3512585812356983
"DIVCORE/63/64/127/DIV/padded",3496,3,5.3752860411899315
"DIVCORE/63/64/127/MOD/padded",3496,3,5.3870137299771166
"DIVCORE/64/64/17/DIV/normalized",3472,3,19.201036866359448
"DIVCORE/64/64/17/MOD/normalized",3472,3,13.680875576036867
"DIVCORE/64/64/17/DIV/top-clear",3472,3,156.59792626728111
"DIVCORE/64/64/17/MOD/top-clear",3472,3,181.96774193548387
"DIVCORE/64/64/17/DIV/top-one",3472,3,157.97811059907835
"DIVCORE/64/64/17/MOD/top-one",3472,3,181.83554147465438
"DIVCORE/64/64/17/DIV/padded",3472,3,19.153225806451612
"DIVCORE/64/64/17/MOD/padded",3472,3,13.680875576036867
"DIVCORE/64/64/127/DIV/normalized",3472,3,96.810195852534562
"DIVCORE/64/64/127/MOD/normalized",3472,3,93.126152073732726
"DIVCORE/64/64/127/DIV/top-clear",3472,3,157.43807603686636
"DIVCORE/64/64/127/MOD/top-clear",3472,3,179.77160138248848
"DIVCORE/64/64/127/DIV/top-one",3472,3,157.35397465437788
"DIVCORE/64/64/127/MOD/top-one",3472,3,181.19959677419354
"DIVCORE/64/64/127/DIV/padded",3472,3,96.798099078341011
"DIVCORE/64/64/127/MOD/padded",3472,3,92.753744239631331
"DIVCORE/65/64/17/DIV/normalized",3448,3,190.7386890951276
"DIVCORE/65/64/17/MOD/normalized",3448,3,185.68735498839908
"DIVCORE/65/64/17/DIV/top-clear",3448,3,253.70997679814386
"DIVCORE/65/64/17/MOD/top-clear",3448,3,275.37703016241301
"DIVCORE/65/64/17/DIV/top-one",3448,3,254.14501160092809
"DIVCORE/65/64/17/MOD/top-one",3448,3,276.00522041763344
"DIVCORE/65/64/17/DIV/padded",3448,3,192.91386310904872
"DIVCORE/65/64/17/MOD/padded",3448,3,186.82337587006961
"DIVCORE/65/64/17/DIV/add-back",3448,3,153.59135730858469
"DIVCORE/65/64/17/MOD/add-back",3448,3,148.0205916473318
"DIVCORE/65/64/127/DIV/normalized",3448,3,189.02262180974478
"DIVCORE/65/64/127/MOD/normalized",3448,3,184.5997679814385
"DIVCORE/65/64/127/DIV/top-clear",3448,3,255.1600928074246
"DIVCORE/65/64/127/MOD/top-clear",3448,3,275.22012761020881
"DIVCORE/65/64/127/DIV/top-one",3448,3,254.18126450116009
"DIVCORE/65/64/127/MOD/top-one",3448,3,276.9477958236659
"DIVCORE/65/64/127/DIV/padded",3448,3,192.23694895591646
"DIVCORE/65/64/127/MOD/padded",3448,3,185.74796983758699
"DIVCORE/96/64/17/DIV/normalized",2840,3,3117.5911971830988
"DIVCORE/96/64/17/MOD/normalized",2840,3,3083.8028169014083
"DIVCORE/96/64/17/DIV/top-clear",2840,3,3327.5235915492958
"DIVCORE/96/64/17/MOD/top-clear",2840,3,3360.4165492957745
"DIVCORE/96/64/17/DIV/top-one",2840,3,3260.2260563380282
"DIVCORE/96/64/17/MOD/top-one",2840,3,3258.920070422535
"DIVCORE/96/64/17/DIV/padded",2840,3,3117.4588028169014
"DIVCORE/96/64/17/MOD/padded",2840,3,3085.9154929577467
"DIVCORE/96/64/17/DIV/add-back",2840,3,4326.5845070422538
"DIVCORE/96/64/17/MOD/add-back",2330,3,4290.7188841201714
"DIVCORE/96/64/127/DIV/normalized",2840,3,3113.1161971830984
"DIVCORE/96/64/127/MOD/normalized",2840,3,3070.3933098591551
"DIVCORE/96/64/127/DIV/top-clear",2840,3,3242.5764084507041
"DIVCORE/96/64/127/MOD/top-clear",2840,3,3251.907042253521
"DIVCORE/96/64/127/DIV/top-one",2840,3,3325.6602112676055
"DIVCORE/96/64/127/MOD/top-one",2840,3,3322.1975352112677
"DIVCORE/96/64/127/DIV/padded",2840,3,3124.3838028169016
"DIVCORE/96/64/127/MOD/padded",2840,3,3092.3123239436618
"DIVCORE/128/64/17/DIV/normalized",1587,3,6289.8021424070575
"DIVCORE/128/64/17/MOD/normalized",1597,3,6257.9054477144646
"DIVCORE/128/64/17/DIV/top-clear",1592,3,6280.8574120603016
"DIVCORE/128/64/17/MOD/top-clear",1593,3,6285.0489642184557
"DIVCORE/128/64/17/DIV/top-one",1555,3,6435.423794212219
"DIVCORE/128/64/17/MOD/top-one",1553,3,6443.8454603992277
"DIVCORE/128/64/17/DIV/padded",1584,3,6333.0176767676767
"DIVCORE/128/64/17/MOD/padded",2403,3,6288.7191011235955
"DIVCORE/128/64/17/DIV/add-back",1165,3,8614.0197424892704
"DIVCORE/128/64/17/MOD/add-back",2334,3,8568.0342759211653
"DIVCORE/128/64/127/DIV/normalized",2403,3,6250
"DIVCORE/128/64/127/MOD/normalized",2403,3,6221.771535580524
"DIVCORE/128/64/127/DIV/top-clear",1541,3,6506.2459441920828
"DIVCORE/128/64/127/MOD/top-clear",1535,3,6515.0925081433224
"DIVCORE/128/64/127/DIV/top-one",1553,3,6441.2962009014809
"DIVCORE/128/64/127/MOD/top-one",1548,3,6462.8281653746772
"DIVCORE/128/64/127/DIV/padded",1597,3,6262.7845961177209
"DIVCORE/128/64/127/MOD/padded",1603,3,6261.9825327510916
"DIVCORE/256/64/17/DIV/normalized",1024,3,19134.6025390625
"DIVCORE/256/64/17/MOD/normalized",1024,3,19126.0986328125
"DIVCORE/256/64/17/DIV/top-clear",1024,3,18658.9755859375
"DIVCORE/256/64/17/MOD/top-clear",1024,3,18681.2744140625
"DIVCORE/256/64/17/DIV/top-one",1024,3,19312.255859375
"DIVCORE/256/64/17/MOD/top-one",1024,3,19335.1640625
"DIVCORE/256/64/17/DIV/padded",1024,3,19176.7578125
"DIVCORE/256/64/17/MOD/padded",1024,3,19202.4736328125
"DIVCORE/256/64/17/DIV/add-back",774,3,25723.621447028425
"DIVCORE/256/64/17/MOD/add-back",391,3,25681.370843989771
"DIVCORE/256/64/127/DIV/normalized",1024,3,19003.0517578125
"DIVCORE/256/64/127/MOD/normalized",1024,3,19009.27734375
"DIVCORE/256/64/127/DIV/top-clear",1024,3,18980.1025390625
"DIVCORE/256/64/127/MOD/top-clear",1024,3,18999.064453125
"DIVCORE/256/64/127/DIV/top-one",1024,3,19173.2177734375
"DIVCORE/256/64/127/MOD/top-one",1024,3,19211.1416015625
"DIVCORE/256/64/127/DIV/padded",1024,3,19212.7275390625
"DIVCORE/256/64/127/MOD/padded",1024,3,19092.6923828125
"DIVCORE/1088/64/17/DIV/normalized",128,3,102960.2890625
"DIVCORE/1088/64/17/MOD/normalized",128,3,103057.2890625
"DIVCORE/1088/64/17/DIV/top-clear",128,3,99091.140625
"DIVCORE/1088/64/17/MOD/top-clear",128,3,99198.890625
"DIVCORE/1088/64/17/DIV/top-one",128,3,103586.265625
"DIVCORE/1088/64/17/MOD/top-one",128,3,103874.671875
"DIVCORE/1088/64/17/DIV/padded",128,3,104426.4375
"DIVCORE/1088/64/17/MOD/padded",128,3,103730.796875
"DIVCORE/1088/64/17/DIV/add-back",128,3,137429.0390625
"DIVCORE/1088/64/17/MOD/add-back",128,3,136729.1640625
"DIVCORE/1088/64/127/DIV/normalized",128,3,102704.1015625
"DIVCORE/1088/64/127/MOD/normalized",128,3,102600.9140625
"DIVCORE/1088/64/127/DIV/top-clear",128,3,101719.7265625
"DIVCORE/1088/64/127/MOD/top-clear",128,3,101604.4921875
"DIVCORE/1088/64/127/DIV/top-one",128,3,100996.421875
"DIVCORE/1088/64/127/MOD/top-one",128,3,101204.1015625
"DIVCORE/1088/64/127/DIV/padded",128,3,102756.5078125
"DIVCORE/1088/64/127/MOD/padded",128,3,102781.25
"DIVCORE/65536/64/17/DIV/normalized",2,3,6607083.5
"DIVCORE/65536/64/17/MOD/normalized",2,3,6614937.5
"DIVCORE/65536/64/17/DIV/top-one",2,3,6641312.5
"DIVCORE/65536/64/17/MOD/top-one",2,3,6621729.5
"DIVCORE/65536/64/17/DIV/add-back",2,3,8743333
"DIVCORE/65536/64/17/MOD/add-back",2,3,8730854.5
"DIVCORE/500000/64/17/DIV/normalized",1,3,50509542
"DIVCORE/500000/64/17/MOD/normalized",1,3,50407042
"DIVCORE/500000/64/17/DIV/top-one",1,3,50659416
"DIVCORE/500000/64/17/MOD/top-one",1,3,50601416
"DIVCORE/500000/64/17/DIV/add-back",1,3,66740166
"DIVCORE/500000/64/17/MOD/add-back",1,3,66719625
"DIVCORE/127/128/17/DIV/normalized",1845,3,6.4590785907859081
"DIVCORE/127/128/17/MOD/normalized",1845,3,5.668292682926829
"DIVCORE/127/128/17/DIV/top-clear",1845,3,5.4422764227642277
"DIVCORE/127/128/17/MOD/top-clear",1845,3,5.3745257452574524
"DIVCORE/127/128/17/DIV/top-one",1845,3,5.3745257452574524
"DIVCORE/127/128/17/MOD/top-one",1845,3,5.3523035230352303
"DIVCORE/127/128/17/DIV/padded",1845,3,5.3972899728997286
"DIVCORE/127/128/17/MOD/padded",1845,3,5.4200542005420056
"DIVCORE/127/128/127/DIV/normalized",1845,3,5.4200542005420056
"DIVCORE/127/128/127/MOD/normalized",1845,3,5.3750677506775064
"DIVCORE/127/128/127/DIV/top-clear",1845,3,5.4200542005420056
"DIVCORE/127/128/127/MOD/top-clear",1845,3,5.3750677506775064
"DIVCORE/127/128/127/DIV/top-one",1845,3,5.3972899728997286
"DIVCORE/127/128/127/MOD/top-one",1845,3,5.3523035230352303
"DIVCORE/127/128/127/DIV/padded",1845,3,5.9398373983739834
"DIVCORE/127/128/127/MOD/padded",1845,3,5.3972899728997286
"DIVCORE/128/128/17/DIV/normalized",1838,3,27.09031556039173
"DIVCORE/128/128/17/MOD/normalized",1838,3,13.896626768226334
"DIVCORE/128/128/17/DIV/top-clear",1838,3,315.56039173014148
"DIVCORE/128/128/17/MOD/top-clear",1838,3,371.96245919477695
"DIVCORE/128/128/17/DIV/top-one",1838,3,314.63112078346029
"DIVCORE/128/128/17/MOD/top-one",1838,3,371.01033732317734
"DIVCORE/128/128/17/DIV/padded",1838,3,26.636561479869425
"DIVCORE/128/128/17/MOD/padded",1838,3,13.69260065288357
"DIVCORE/128/128/127/DIV/normalized",1838,3,190.56039173014145
"DIVCORE/128/128/127/MOD/normalized",1838,3,181.3563656147987
"DIVCORE/128/128/127/DIV/top-clear",1838,3,313.79216539717083
"DIVCORE/128/128/127/MOD/top-clear",1838,3,372.02992383025025
"DIVCORE/128/128/127/DIV/top-one",1838,3,315.31066376496193
"DIVCORE/128/128/127/MOD/top-one",1838,3,371.50924918389552
"DIVCORE/128/128/127/DIV/padded",1838,3,188.92818280739934
"DIVCORE/128/128/127/MOD/padded",1838,3,181.71926006528835
"DIVCORE/129/128/17/DIV/normalized",1831,3,365.03276897870018
"DIVCORE/129/128/17/MOD/normalized",1831,3,358.57018022938286
"DIVCORE/129/128/17/DIV/top-clear",1831,3,487.68869470234847
"DIVCORE/129/128/17/MOD/top-clear",1831,3,544.80666302566908
"DIVCORE/129/128/17/DIV/top-one",1831,3,486.71054068814857
"DIVCORE/129/128/17/MOD/top-one",1831,3,543.28235936646638
"DIVCORE/129/128/17/DIV/padded",1831,3,366.21627525942108
"DIVCORE/129/128/17/MOD/padded",1831,3,359.25286728563628
"DIVCORE/129/128/17/DIV/add-back",1831,3,309.75750955761879
"DIVCORE/129/128/17/MOD/add-back",1831,3,304.72910977607864
"DIVCORE/129/128/127/DIV/normalized",1831,3,365.48825778263245
"DIVCORE/129/128/127/MOD/normalized",1831,3,358.82031676679412
"DIVCORE/129/128/127/DIV/top-clear",1831,3,486.4598580010923
"DIVCORE/129/128/127/MOD/top-clear",1831,3,545.51228836701262
"DIVCORE/129/128/127/DIV/top-one",1831,3,487.18842162752594
"DIVCORE/129/128/127/MOD/top-one",1831,3,545.58055707263793
"DIVCORE/129/128/127/DIV/padded",1831,3,366.39814309120698
"DIVCORE/129/128/127/MOD/padded",1831,3,359.38940469688697
"DIVCORE/160/128/17/DIV/normalized",1644,3,5817.1125304136249
"DIVCORE/160/128/17/MOD/normalized",1644,3,5791.3375912408756
"DIVCORE/160/128/17/DIV/top-clear",1633,3,6124.2596448254744
"DIVCORE/160/128/17/MOD/top-clear",1644,3,6195.3059610705595
"DIVCORE/160/128/17/DIV/top-one",1644,3,6099.3509732360098
"DIVCORE/160/128/17/MOD/top-one",1644,3,6150.3953771289534
"DIVCORE/160/128/17/DIV/padded",1644,3,5830.646593673966
"DIVCORE/160/128/17/MOD/padded",1644,3,5801.24695863747
"DIVCORE/160/128/17/DIV/add-back",1114,3,8986.6472172351878
"DIVCORE/160/128/17/MOD/add-back",1121,3,8929.8617305976804
"DIVCORE/160/128/127/DIV/normalized",1644,3,5827.2001216545013
"DIVCORE/160/128/127/MOD/normalized",1644,3,5794.2773722627735
"DIVCORE/160/128/127/DIV/top-clear",1644,3,6047.3692214111925
"DIVCORE/160/128/127/MOD/top-clear",1644,3,6084.0681265206813
"DIVCORE/160/128/127/DIV/top-one",1644,3,6197.7141119221415
"DIVCORE/160/128/127/MOD/top-one",1644,3,6232.3096107055962
"DIVCORE/160/128/127/DIV/padded",1644,3,5832.4209245742095
"DIVCORE/160/128/127/MOD/padded",1644,3,5812.0188564476884
"DIVCORE/256/128/17/DIV/normalized",866,3,22972.766743648961
"DIVCORE/256/128/17/MOD/normalized",870,3,22983.956321839079
"DIVCORE/256/128/17/DIV/top-clear",428,3,23350.467289719625
"DIVCORE/256/128/17/MOD/top-clear",427,3,23390.12412177986
"DIVCORE/256/128/17/DIV/top-one",427,3,23467.700234192038
"DIVCORE/256/128/17/MOD/top-one",848,3,23515.232311320753
"DIVCORE/256/128/17/DIV/padded",435,3,23110.535632183906
"DIVCORE/256/128/17/MOD/padded",868,3,23091.493087557603
"DIVCORE/256/128/17/DIV/add-back",280,3,35693.453571428574
"DIVCORE/256/128/17/MOD/add-back",560,3,35670.907142857141
"DIVCORE/256/128/127/DIV/normalized",866,3,23124.374133949193
"DIVCORE/256/128/127/MOD/normalized",433,3,23108.064665127022
"DIVCORE/256/128/127/DIV/top-clear",854,3,23320.550351288057
"DIVCORE/256/128/127/MOD/top-clear",430,3,24163.372093023256
"DIVCORE/256/128/127/DIV/top-one",836,3,24490.38157894737
"DIVCORE/256/128/127/MOD/top-one",418,3,24094.296650717704
"DIVCORE/256/128/127/DIV/padded",432,3,23166.280092592591
"DIVCORE/256/128/127/MOD/padded",433,3,23191.494226327944
"DIVCORE/512/128/17/DIV/normalized",145,3,69079.31034482758
"DIVCORE/512/128/17/MOD/normalized",145,3,69083.048275862064
"DIVCORE/512/128/17/DIV/top-clear",288,3,69530.09375
"DIVCORE/512/128/17/MOD/top-clear",145,3,69532.468965517241
"DIVCORE/512/128/17/DIV/top-one",286,3,69885.783216783224
"DIVCORE/512/128/17/MOD/top-one",143,3,69901.811188811189
"DIVCORE/512/128/17/DIV/padded",145,3,69277.875862068962
"DIVCORE/512/128/17/MOD/padded",144,3,69264.472222222219
"DIVCORE/512/128/17/DIV/add-back",128,3,106867.8359375
"DIVCORE/512/128/17/MOD/add-back",128,3,106880.203125
"DIVCORE/512/128/127/DIV/normalized",145,3,68963.220689655165
"DIVCORE/512/128/127/MOD/normalized",146,3,68950.054794520547
"DIVCORE/512/128/127/DIV/top-clear",146,3,68939.5
"DIVCORE/512/128/127/MOD/top-clear",145,3,68986.206896551725
"DIVCORE/512/128/127/DIV/top-one",141,3,70939.716312056742
"DIVCORE/512/128/127/MOD/top-one",141,3,70990.546099290776
"DIVCORE/512/128/127/DIV/padded",145,3,69222.986206896545
"DIVCORE/512/128/127/MOD/padded",145,3,69153.448275862072
"DIVCORE/1152/128/17/DIV/normalized",54,3,185424.37037037036
"DIVCORE/1152/128/17/MOD/normalized",54,3,185963.74074074073
"DIVCORE/1152/128/17/DIV/top-clear",55,3,185424.25454545455
"DIVCORE/1152/128/17/MOD/top-clear",108,3,190761.19444444444
"DIVCORE/1152/128/17/DIV/top-one",106,3,195739.38679245283
"DIVCORE/1152/128/17/MOD/top-one",54,3,188034.72222222222
"DIVCORE/1152/128/17/DIV/padded",54,3,185942.90740740742
"DIVCORE/1152/128/17/MOD/padded",54,3,186050.16666666666
"DIVCORE/1152/128/17/DIV/add-back",35,3,285171.42857142858
"DIVCORE/1152/128/17/MOD/add-back",36,3,285045.13888888888
"DIVCORE/1152/128/127/DIV/normalized",55,3,183921.96363636362
"DIVCORE/1152/128/127/MOD/normalized",108,3,184437.11111111112
"DIVCORE/1152/128/127/DIV/top-clear",55,3,183829.54545454544
"DIVCORE/1152/128/127/MOD/top-clear",55,3,183710.60000000001
"DIVCORE/1152/128/127/DIV/top-one",53,3,188886.79245283018
"DIVCORE/1152/128/127/MOD/top-one",53,3,188952.03773584907
"DIVCORE/1152/128/127/DIV/padded",55,3,184355.30909090908
"DIVCORE/1152/128/127/MOD/padded",55,3,184782.58181818182
"DIVCORE/255/256/17/DIV/normalized",948,3,6.9008438818565399
"DIVCORE/255/256/17/MOD/normalized",948,3,5.4947257383966246
"DIVCORE/255/256/17/DIV/top-clear",948,3,5.890295358649789
"DIVCORE/255/256/17/MOD/top-clear",948,3,5.3628691983122359
"DIVCORE/255/256/17/DIV/top-one",948,3,5.4947257383966246
"DIVCORE/255/256/17/MOD/top-one",948,3,5.4504219409282699
"DIVCORE/255/256/17/DIV/padded",948,3,5.9335443037974684
"DIVCORE/255/256/17/MOD/padded",948,3,5.8449367088607591
"DIVCORE/255/256/127/DIV/normalized",948,3,5.537974683544304
"DIVCORE/255/256/127/MOD/normalized",948,3,5.4947257383966246
"DIVCORE/255/256/127/DIV/top-clear",948,3,5.537974683544304
"DIVCORE/255/256/127/MOD/top-clear",948,3,5.4061181434599153
"DIVCORE/255/256/127/DIV/top-one",948,3,5.6698312236286919
"DIVCORE/255/256/127/MOD/top-one",948,3,5.4061181434599153
"DIVCORE/255/256/127/DIV/padded",948,3,5.9335443037974684
"DIVCORE/255/256/127/MOD/padded",948,3,5.3175105485232068
"DIVCORE/256/256/17/DIV/normalized",946,3,359.76004228329811
"DIVCORE/256/256/17/MOD/normalized",946,3,345.44503171247356
"DIVCORE/256/256/17/DIV/top-clear",946,3,609.40803382663853
"DIVCORE/256/256/17/MOD/top-clear",946,3,718.46405919661731
"DIVCORE/256/256/17/DIV/top-one",946,3,617.55708245243125
"DIVCORE/256/256/17/MOD/top-one",946,3,720.31395348837214
"DIVCORE/256/256/17/DIV/padded",946,3,362.49154334038053
"DIVCORE/256/256/17/MOD/padded",946,3,345.53382663847782
"DIVCORE/256/256/127/DIV/normalized",946,3,374.20718816067654
"DIVCORE/256/256/127/MOD/normalized",946,3,352.05285412262157
"DIVCORE/256/256/127/DIV/top-clear",946,3,608.79069767441865
"DIVCORE/256/256/127/MOD/top-clear",946,3,718.37526427061312
"DIVCORE/256/256/127/DIV/top-one",946,3,618.6141649048626
"DIVCORE/256/256/127/MOD/top-one",946,3,721.54651162790697
"DIVCORE/256/256/127/DIV/padded",946,3,359.8044397463002
"DIVCORE/256/256/127/MOD/padded",946,3,345.22515856236788
"DIVCORE/257/256/17/DIV/normalized",945,3,708.15767195767194
"DIVCORE/257/256/17/MOD/normalized",945,3,677.95449735449733
"DIVCORE/257/256/17/DIV/top-clear",945,3,942.24021164021167
"DIVCORE/257/256/17/MOD/top-clear",945,3,1048.9417989417989
"DIVCORE/257/256/17/DIV/top-one",945,3,944.44444444444446
"DIVCORE/257/256/17/MOD/top-one",945,3,1059.1703703703704
"DIVCORE/257/256/17/DIV/padded",945,3,695.50264550264546
"DIVCORE/257/256/17/MOD/padded",945,3,681.43809523809523
"DIVCORE/257/256/17/DIV/add-back",945,3,598.36825396825395
"DIVCORE/257/256/17/MOD/add-back",945,3,582.80423280423281
"DIVCORE/257/256/127/DIV/normalized",945,3,694.5767195767196
"DIVCORE/257/256/127/MOD/normalized",945,3,677.91005291005285
"DIVCORE/257/256/127/DIV/top-clear",945,3,942.19576719576719
"DIVCORE/257/256/127/MOD/top-clear",945,3,1047.663492063492
"DIVCORE/257/256/127/DIV/top-one",945,3,941.44656084656083
"DIVCORE/257/256/127/MOD/top-one",945,3,1057.715343915344
"DIVCORE/257/256/127/DIV/padded",945,3,698.237037037037
"DIVCORE/257/256/127/MOD/padded",945,3,678.30687830687827
"DIVCORE/288/256/17/DIV/normalized",892,3,10846.739910313901
"DIVCORE/288/256/17/MOD/normalized",892,3,10801.662556053812
"DIVCORE/288/256/17/DIV/top-clear",892,3,11409.38004484305
"DIVCORE/288/256/17/MOD/top-clear",892,3,11438.994394618834
"DIVCORE/288/256/17/DIV/top-one",892,3,11458.099775784753
"DIVCORE/288/256/17/MOD/top-one",892,3,11539.004484304933
"DIVCORE/288/256/17/DIV/padded",892,3,10865.190582959642
"DIVCORE/288/256/17/MOD/padded",892,3,10818.432735426009
"DIVCORE/288/256/17/DIV/add-back",892,3,17896.720852017937
"DIVCORE/288/256/17/MOD/add-back",892,3,17978.326233183856
"DIVCORE/288/256/127/DIV/normalized",892,3,11144.899103139014
"DIVCORE/288/256/127/MOD/normalized",892,3,11098.421524663678
"DIVCORE/288/256/127/DIV/top-clear",892,3,11239.817264573991
"DIVCORE/288/256/127/MOD/top-clear",892,3,11319.927130044844
"DIVCORE/288/256/127/DIV/top-one",892,3,11484.585201793721
"DIVCORE/288/256/127/MOD/top-one",892,3,11513.920403587445
"DIVCORE/288/256/127/DIV/padded",892,3,11158.399103139014
"DIVCORE/288/256/127/MOD/padded",892,3,11112.808295964125
"DIVCORE/512/256/17/DIV/normalized",128,3,86921.2265625
"DIVCORE/512/256/17/MOD/normalized",128,3,86649.09375
"DIVCORE/512/256/17/DIV/top-clear",128,3,86870.4453125
"DIVCORE/512/256/17/MOD/top-clear",128,3,87525.0625
"DIVCORE/512/256/17/DIV/top-one",128,3,88456.0546875
"DIVCORE/512/256/17/MOD/top-one",128,3,88598.9609375
"DIVCORE/512/256/17/DIV/padded",128,3,86809.8984375
"DIVCORE/512/256/17/MOD/padded",128,3,86949.5390625
"DIVCORE/512/256/17/DIV/add-back",128,3,142685.546875
"DIVCORE/512/256/17/MOD/add-back",128,3,142775.71875
"DIVCORE/512/256/127/DIV/normalized",128,3,86628.578125
"DIVCORE/512/256/127/MOD/normalized",128,3,86352.5390625
"DIVCORE/512/256/127/DIV/top-clear",128,3,85657.2265625
"DIVCORE/512/256/127/MOD/top-clear",128,3,85579.1015625
"DIVCORE/512/256/127/DIV/top-one",128,3,87206.0546875
"DIVCORE/512/256/127/MOD/top-one",128,3,87288.734375
"DIVCORE/512/256/127/DIV/padded",128,3,86511.71875
"DIVCORE/512/256/127/MOD/padded",128,3,86660.4765625
"DIVCORE/1024/256/17/DIV/normalized",39,3,259988.23076923078
"DIVCORE/1024/256/17/MOD/normalized",39,3,259508.53846153847
"DIVCORE/1024/256/17/DIV/top-clear",39,3,258335.46153846153
"DIVCORE/1024/256/17/MOD/top-clear",39,3,258114.30769230769
"DIVCORE/1024/256/17/DIV/top-one",39,3,262129.28205128206
"DIVCORE/1024/256/17/MOD/top-one",39,3,262047
"DIVCORE/1024/256/17/DIV/padded",39,3,260188.02564102566
"DIVCORE/1024/256/17/MOD/padded",39,3,259903.84615384616
"DIVCORE/1024/256/17/DIV/add-back",24,3,427230.91666666669
"DIVCORE/1024/256/17/MOD/add-back",24,3,427187.5
"DIVCORE/1024/256/127/DIV/normalized",39,3,258535.25641025641
"DIVCORE/1024/256/127/MOD/normalized",39,3,258628.20512820513
"DIVCORE/1024/256/127/DIV/top-clear",40,3,256713.54999999999
"DIVCORE/1024/256/127/MOD/top-clear",40,3,255382.27499999999
"DIVCORE/1024/256/127/DIV/top-one",39,3,259976.48717948719
"DIVCORE/1024/256/127/MOD/top-one",39,3,260129.28205128206
"DIVCORE/1024/256/127/DIV/padded",39,3,258845.07692307694
"DIVCORE/1024/256/127/MOD/padded",39,3,258880.35897435897
"DIVCORE/1280/256/17/DIV/normalized",29,3,345456.89655172412
"DIVCORE/1280/256/17/MOD/normalized",29,3,345380.75862068968
"DIVCORE/1280/256/17/DIV/top-clear",30,3,343523.59999999998
"DIVCORE/1280/256/17/MOD/top-clear",30,3,343470.83333333331
"DIVCORE/1280/256/17/DIV/top-one",29,3,350540.20689655171
"DIVCORE/1280/256/17/MOD/top-one",29,3,348725.58620689658
"DIVCORE/1280/256/17/DIV/padded",29,3,347316.06896551722
"DIVCORE/1280/256/17/MOD/padded",29,3,347068.96551724139
"DIVCORE/1280/256/17/DIV/add-back",18,3,570729.16666666663
"DIVCORE/1280/256/17/MOD/add-back",18,3,569548.61111111112
"DIVCORE/1280/256/127/DIV/normalized",29,3,345158.03448275861
"DIVCORE/1280/256/127/MOD/normalized",29,3,345021.55172413791
"DIVCORE/1280/256/127/DIV/top-clear",30,3,339934.73333333334
"DIVCORE/1280/256/127/MOD/top-clear",30,3,340605.53333333333
"DIVCORE/1280/256/127/DIV/top-one",29,3,346511.5172413793
"DIVCORE/1280/256/127/MOD/top-one",29,3,346734.1724137931
"DIVCORE/1280/256/127/DIV/padded",29,3,345659.4827586207
"DIVCORE/1280/256/127/MOD/padded",29,3,345627.86206896551
"DIVCORE/1023/1024/17/DIV/normalized",484,3,5.5971074380165291
"DIVCORE/1023/1024/17/MOD/normalized",484,3,5.5103305785123968
"DIVCORE/1023/1024/17/DIV/top-clear",484,3,5.4256198347107434
"DIVCORE/1023/1024/17/MOD/top-clear",484,3,5.3347107438016526
"DIVCORE/1023/1024/17/DIV/top-one",484,3,5.4235537190082646
"DIVCORE/1023/1024/17/MOD/top-one",484,3,5.4235537190082646
"DIVCORE/1023/1024/17/DIV/padded",484,3,5.338842975206612
"DIVCORE/1023/1024/17/MOD/padded",484,3,5.4235537190082646
"DIVCORE/1023/1024/127/DIV/normalized",484,3,5.338842975206612
"DIVCORE/1023/1024/127/MOD/normalized",484,3,5.5971074380165291
"DIVCORE/1023/1024/127/DIV/top-clear",484,3,5.4214876033057848
"DIVCORE/1023/1024/127/MOD/top-clear",484,3,5.4235537190082646
"DIVCORE/1023/1024/127/DIV/top-one",484,3,5.4214876033057848
"DIVCORE/1023/1024/127/MOD/top-one",484,3,5.4235537190082646
"DIVCORE/1023/1024/127/DIV/padded",484,3,5.5103305785123968
"DIVCORE/1023/1024/127/MOD/padded",484,3,5.5950413223140494
"DIVCORE/1024/1024/17/DIV/normalized",242,3,117.25206611570248
"DIVCORE/1024/1024/17/MOD/normalized",242,3,14.119834710743802
"DIVCORE/1024/1024/17/DIV/top-clear",242,3,2753.0991735537191
"DIVCORE/1024/1024/17/MOD/top-clear",242,3,2753.7892561983472
"DIVCORE/1024/1024/17/DIV/top-one",242,3,2463.5
"DIVCORE/1024/1024/17/MOD/top-one",242,3,2902.2024793388427
"DIVCORE/1024/1024/17/DIV/padded",242,3,117.07851239669421
"DIVCORE/1024/1024/17/MOD/padded",242,3,14.115702479338843
"DIVCORE/1024/1024/127/DIV/normalized",242,3,116.73553719008264
"DIVCORE/1024/1024/127/MOD/normalized",242,3,14.289256198347108
"DIVCORE/1024/1024/127/DIV/top-clear",242,3,2395.1446280991736
"DIVCORE/1024/1024/127/MOD/top-clear",242,3,2769.1115702479337
"DIVCORE/1024/1024/127/DIV/top-one",242,3,2382.5743801652893
"DIVCORE/1024/1024/127/MOD/top-one",242,3,2755.1652892561983
"DIVCORE/1024/1024/127/DIV/padded",242,3,117.25206611570248
"DIVCORE/1024/1024/127/MOD/padded",242,3,14.632231404958677
"DIVCORE/1025/1024/17/DIV/normalized",242,3,1416.3223140495868
"DIVCORE/1025/1024/17/MOD/normalized",242,3,1304.0619834710744
"DIVCORE/1025/1024/17/DIV/top-clear",242,3,3728.6487603305786
"DIVCORE/1025/1024/17/MOD/top-clear",242,3,4133.6115702479337
"DIVCORE/1025/1024/17/DIV/top-one",242,3,3708.8512396694214
"DIVCORE/1025/1024/17/MOD/top-one",242,3,4136.0206611570247
"DIVCORE/1025/1024/17/DIV/padded",242,3,1461.9504132231405
"DIVCORE/1025/1024/17/MOD/padded",242,3,1362.4297520661157
"DIVCORE/1025/1024/17/DIV/add-back",242,3,2454.2024793388427
"DIVCORE/1025/1024/17/MOD/add-back",242,3,2340.0495867768595
"DIVCORE/1025/1024/127/DIV/normalized",242,3,2792.181818181818
"DIVCORE/1025/1024/127/MOD/normalized",242,3,2651.5165289256197
"DIVCORE/1025/1024/127/DIV/top-clear",242,3,3800.7933884297522
"DIVCORE/1025/1024/127/MOD/top-clear",242,3,4428.7190082644629
"DIVCORE/1025/1024/127/DIV/top-one",242,3,4930.6115702479337
"DIVCORE/1025/1024/127/MOD/top-one",242,3,4385.6776859504134
"DIVCORE/1025/1024/127/DIV/padded",242,3,2755.1652892561983
"DIVCORE/1025/1024/127/MOD/padded",242,3,2658.2314049586776
"DIVCORE/1056/1024/17/DIV/normalized",238,3,43209.205882352944
"DIVCORE/1056/1024/17/MOD/normalized",238,3,41449.403361344535
"DIVCORE/1056/1024/17/DIV/top-clear",238,3,43936.802521008402
"DIVCORE/1056/1024/17/MOD/top-clear",226,3,44313.238938053095
"DIVCORE/1056/1024/17/DIV/top-one",238,3,43685.050420168067
"DIVCORE/1056/1024/17/MOD/top-one",227,3,44169.603524229075
"DIVCORE/1056/1024/17/DIV/padded",238,3,41411.411764705881
"DIVCORE/1056/1024/17/MOD/padded",238,3,41269.957983193279
"DIVCORE/1056/1024/17/DIV/add-back",141,3,71289.602836879436
"DIVCORE/1056/1024/17/MOD/add-back",141,3,71204.787234042553
"DIVCORE/1056/1024/127/DIV/normalized",238,3,41696.428571428572
"DIVCORE/1056/1024/127/MOD/normalized",238,3,41423.319327731093
"DIVCORE/1056/1024/127/DIV/top-clear",238,3,43897.231092436974
"DIVCORE/1056/1024/127/MOD/top-clear",227,3,44140.784140969161
"DIVCORE/1056/1024/127/DIV/top-one",229,3,43806.406113537116
"DIVCORE/1056/1024/127/MOD/top-one",227,3,44178.59911894273
"DIVCORE/1056/1024/127/DIV/padded",238,3,41508.928571428572
"DIVCORE/1056/1024/127/MOD/padded",238,3,41405.810924369747
"DIVCORE/2048/1024/17/DIV/normalized",8,3,1323500
"DIVCORE/2048/1024/17/MOD/normalized",8,3,1319974
"DIVCORE/2048/1024/17/DIV/top-clear",8,3,1328536.5
"DIVCORE/2048/1024/17/MOD/top-clear",8,3,1326354.125
"DIVCORE/2048/1024/17/DIV/top-one",8,3,1321557.375
"DIVCORE/2048/1024/17/MOD/top-one",8,3,1322609.375
"DIVCORE/2048/1024/17/DIV/padded",8,3,1320588.5
"DIVCORE/2048/1024/17/MOD/padded",8,3,1320911.5
"DIVCORE/2048/1024/17/DIV/add-back",5,3,2276016.7999999998
"DIVCORE/2048/1024/17/MOD/add-back",5,3,2277075
"DIVCORE/2048/1024/127/DIV/normalized",8,3,1324812.5
"DIVCORE/2048/1024/127/MOD/normalized",8,3,1326750
"DIVCORE/2048/1024/127/DIV/top-clear",8,3,1322958.375
"DIVCORE/2048/1024/127/MOD/top-clear",8,3,1325229.125
"DIVCORE/2048/1024/127/DIV/top-one",8,3,1326880.25
"DIVCORE/2048/1024/127/MOD/top-one",8,3,1324161.5
"DIVCORE/2048/1024/127/DIV/padded",8,3,1328104.25
"DIVCORE/2048/1024/127/MOD/padded",8,3,1330307.25
"DIVCORE/4096/1024/17/DIV/normalized",3,3,3960764
"DIVCORE/4096/1024/17/MOD/normalized",3,3,3960583.3333333335
"DIVCORE/4096/1024/17/DIV/top-clear",3,3,3978694.6666666665
"DIVCORE/4096/1024/17/MOD/top-clear",3,3,3974833.3333333335
"DIVCORE/4096/1024/17/DIV/top-one",3,3,3955069.6666666665
"DIVCORE/4096/1024/17/MOD/top-one",3,3,3965625
"DIVCORE/4096/1024/17/DIV/padded",3,3,3961361.3333333335
"DIVCORE/4096/1024/17/MOD/padded",3,3,3962166.6666666665
"DIVCORE/4096/1024/17/DIV/add-back",2,3,6835708.5
"DIVCORE/4096/1024/17/MOD/add-back",2,3,6828000
"DIVCORE/4096/1024/127/DIV/normalized",3,3,3978819.6666666665
"DIVCORE/4096/1024/127/MOD/normalized",3,3,3973375
"DIVCORE/4096/1024/127/DIV/top-clear",3,3,3973777.6666666665
"DIVCORE/4096/1024/127/MOD/top-clear",3,3,3977111
"DIVCORE/4096/1024/127/DIV/top-one",3,3,3974319.3333333335
"DIVCORE/4096/1024/127/MOD/top-one",3,3,3972569.3333333335
"DIVCORE/4096/1024/127/DIV/padded",3,3,3974083.3333333335
"DIVCORE/4096/1024/127/MOD/padded",3,3,3974347.3333333335
"DIVCORE/1/1/17/DIV/normalized",27777,4,6.6331857292004175
"DIVCORE/1/1/17/MOD/normalized",27777,4,6.5507074198077548
"DIVCORE/1/1/17/DIV/top-clear",27777,4,6.5611837131439676
"DIVCORE/1/1/17/MOD/top-clear",27777,4,6.5581956294776251
"DIVCORE/1/1/17/DIV/top-one",27777,4,6.6661626525542719
"DIVCORE/1/1/17/MOD/top-one",27777,4,6.8522158620441376
"DIVCORE/1/1/17/DIV/padded",27777,4,6.5521834611369121
"DIVCORE/1/1/17/MOD/padded",27777,4,6.5596716708067824
"DIVCORE/1/1/127/DIV/normalized",27777,4,6.5491953774705696
"DIVCORE/1/1/127/MOD/normalized",27777,4,6.5566835871404399
"DIVCORE/1/1/127/DIV/top-clear",27777,4,6.5476833351333834
"DIVCORE/1/1/127/MOD/top-clear",27777,4,6.5462072938042262
"DIVCORE/1/1/127/DIV/top-one",27777,4,6.5507074198077548
"DIVCORE/1/1/127/MOD/top-one",27777,4,6.8701803650502216
"DIVCORE/1/1/127/DIV/padded",27777,4,6.5476833351333834
"DIVCORE/1/1/127/MOD/padded",27777,4,6.5431832091298556
"DIVCORE/2/1/17/DIV/normalized",26315,4,17.974539236177087
"DIVCORE/2/1/17/MOD/normalized",26315,4,17.07201216036481
"DIVCORE/2/1/17/DIV/top-clear",26315,4,20.189701691050733
"DIVCORE/2/1/17/MOD/top-clear",26315,4,19.378985369561086
"DIVCORE/2/1/17/DIV/top-one",26315,4,18.419494584837544
"DIVCORE/2/1/17/MOD/top-one",26315,4,17.741782253467605
"DIVCORE/2/1/17/DIV/padded",26315,4,17.668972069162074
"DIVCORE/2/1/17/MOD/padded",26315,4,16.787003610108304
"DIVCORE/2/1/127/DIV/normalized",26315,4,17.767091012730383
"DIVCORE/2/1/127/MOD/normalized",26315,4,16.538400152004559
"DIVCORE/2/1/127/DIV/top-clear",26315,4,18.441611248337448
"DIVCORE/2/1/127/MOD/top-clear",26315,4,17.497966939008169
"DIVCORE/2/1/127/DIV/top-one",26315,4,18.314991449743491
"DIVCORE/2/1/127/MOD/top-one",26315,4,17.746532395971879
"DIVCORE/2/1/127/DIV/padded",26315,4,17.353866615998481
"DIVCORE/2/1/127/MOD/padded",26315,4,16.13467604028121
"DIVCORE/4/1/17/DIV/normalized",23809,4,26.1175605863329
"DIVCORE/4/1/17/MOD/normalized",23809,4,26.889369566130455
"DIVCORE/4/1/17/DIV/top-clear",23809,4,31.185686085093874
"DIVCORE/4/1/17/MOD/top-clear",23809,4,31.92595237095216
"DIVCORE/4/1/17/DIV/top-one",23809,4,28.481876601285229
"DIVCORE/4/1/17/MOD/top-one",23809,4,29.209878617329583
"DIVCORE/4/1/17/DIV/padded",23809,4,27.431853500777017
"DIVCORE/4/1/17/MOD/padded",23809,4,28.026838590448989
"DIVCORE/4/1/127/DIV/normalized",23809,4,26.812339871477171
"DIVCORE/4/1/127/MOD/normalized",23809,4,27.510605233315133
"DIVCORE/4/1/127/DIV/top-clear",23809,4,33.094964089209959
"DIVCORE/4/1/127/MOD/top-clear",23809,4,33.948968877315302
"DIVCORE/4/1/127/DIV/top-one",23809,4,28.740896299718592
"DIVCORE/4/1/127/MOD/top-one",23809,4,29.188878155319419
"DIVCORE/4/1/127/DIV/padded",23809,4,28.637616027552607
"DIVCORE/4/1/127/MOD/padded",23809,4,29.017388382544414
"DIVCORE/33/1/17/DIV/normalized",10000,4,309.84589999999997
"DIVCORE/33/1/17/MOD/normalized",10000,4,309.125
"DIVCORE/33/1/17/DIV/top-clear",10000,4,349.21249999999998
"DIVCORE/33/1/17/MOD/top-clear",10000,4,349.37079999999997
"DIVCORE/33/1/17/DIV/top-one",10000,4,282.9083
"DIVCORE/33/1/17/MOD/top-one",10000,4,289.10419999999999
"DIVCORE/33/1/17/DIV/padded",10000,4,325.02499999999998
"DIVCORE/33/1/17/MOD/padded",10000,4,327.27080000000001
"DIVCORE/33/1/127/DIV/normalized",10000,4,306.66250000000002
"DIVCORE/33/1/127/MOD/normalized",10000,4,307.39170000000001
"DIVCORE/33/1/127/DIV/top-clear",10000,4,330.60840000000002
"DIVCORE/33/1/127/MOD/top-clear",10000,4,334.66250000000002
"DIVCORE/33/1/127/DIV/top-one",10000,4,283.56659999999999
"DIVCORE/33/1/127/MOD/top-one",10000,4,284.57499999999999
"DIVCORE/33/1/127/DIV/padded",10000,4,323.11669999999998
"DIVCORE/33/1/127/MOD/padded",10000,4,324.81659999999999
"DIVCORE/1025/1/17/DIV/normalized",479,4,11135.611691022965
"DIVCORE/1025/1/17/MOD/normalized",479,4,11757.655532359082
"DIVCORE/1025/1/17/DIV/top-clear",479,4,11496.782881002087
"DIVCORE/1025/1/17/MOD/top-clear",479,4,11979.645093945721
"DIVCORE/1025/1/17/DIV/top-one",479,4,8958.2463465553228
"DIVCORE/1025/1/17/MOD/top-one",479,4,8967.2943632567858
"DIVCORE/1025/1/17/DIV/padded",479,4,11283.576200417536
"DIVCORE/1025/1/17/MOD/padded",479,4,11802.974947807934
"DIVCORE/1025/1/127/DIV/normalized",479,4,10927.367432150313
"DIVCORE/1025/1/127/MOD/normalized",479,4,10955.202505219208
"DIVCORE/1025/1/127/DIV/top-clear",479,4,11471.294363256786
"DIVCORE/1025/1/127/MOD/top-clear",479,4,11705.375782881001
"DIVCORE/1025/1/127/DIV/top-one",479,4,8942.7620041753653
"DIVCORE/1025/1/127/MOD/top-one",479,4,8968.1628392484345
"DIVCORE/1025/1/127/DIV/padded",479,4,11480.862212943632
"DIVCORE/1025/1/127/MOD/padded",479,4,11577.678496868475
"DIVCORE/65536/1/17/DIV/normalized",7,4,1056041.7142857143
"DIVCORE/65536/1/17/MOD/normalized",7,4,1051910.7142857143
"DIVCORE/65536/1/17/DIV/top-one",7,4,575934.42857142852
"DIVCORE/65536/1/17/MOD/top-one",7,4,576863.14285714284
"DIVCORE/500000/1/17/DIV/normalized",1,4,8071292
"DIVCORE/500000/1/17/MOD/normalized",1,4,8104708
"DIVCORE/500000/1/17/DIV/top-one",1,4,4390708
"DIVCORE/500000/1/17/MOD/top-one",1,4,4398041
"DIVCORE/1/2/17/DIV/normalized",26315,4,5.4658179745392363
"DIVCORE/1/2/17/MOD/normalized",26315,4,5.3898156944708342
"DIVCORE/1/2/17/DIV/top-clear",26315,4,5.3819114573437199
"DIVCORE/1/2/17/MOD/top-clear",26315,4,5.4816644499334979
"DIVCORE/1/2/17/DIV/top-one",26315,4,5.3676610298308951
"DIVCORE/1/2/17/MOD/top-one",26315,4,5.3993159794793844
"DIVCORE/1/2/17/DIV/padded",26315,4,5.5339160174805242
"DIVCORE/1/2/17/MOD/padded",26315,4,5.3993159794793844
"DIVCORE/1/2/127/DIV/normalized",26315,4,5.347064411932358
"DIVCORE/1/2/127/MOD/normalized",26315,4,5.5006650199505982
"DIVCORE/1/2/127/DIV/top-clear",26315,4,5.3502565076952306
"DIVCORE/1/2/127/MOD/top-clear",26315,4,5.3882196465893974
"DIVCORE/1/2/127/DIV/top-one",26315,4,5.4309709291278736
"DIVCORE/1/2/127/MOD/top-one",26315,4,5.3977579327379823
"DIVCORE/1/2/127/DIV/padded",26315,4,5.3882196465893974
"DIVCORE/1/2/127/MOD/padded",26315,4,5.4816644499334979
"DIVCORE/2/2/17/DIV/normalized",25000,4,19.265000000000001
"DIVCORE/2/2/17/MOD/normalized",25000,4,16.699999999999999
"DIVCORE/2/2/17/DIV/top-clear",25000,4,19.914999999999999
"DIVCORE/2/2/17/MOD/top-clear",25000,4,18.236640000000001
"DIVCORE/2/2/17/DIV/top-one",25000,4,20.096679999999999
"DIVCORE/2/2/17/MOD/top-one",25000,4,18.708359999999999
"DIVCORE/2/2/17/DIV/padded",25000,4,19.265000000000001
"DIVCORE/2/2/17/MOD/padded",25000,4,16.699999999999999
"DIVCORE/2/2/127/DIV/normalized",25000,4,16.739999999999998
"DIVCORE/2/2/127/MOD/normalized",25000,4,13.63836
"DIVCORE/2/2/127/DIV/top-clear",25000,4,19.903320000000001
"DIVCORE/2/2/127/MOD/top-clear",25000,4,18.234999999999999
"DIVCORE/2/2/127/DIV/top-one",25000,4,20.493359999999999
"DIVCORE/2/2/127/MOD/top-one",25000,4,18.90832
"DIVCORE/2/2/127/DIV/padded",25000,4,16.734999999999999
"DIVCORE/2/2/127/MOD/padded",25000,4,13.640000000000001
"DIVCORE/3/2/17/DIV/normalized",23809,4,26.17006174135831
"DIVCORE/3/2/17/MOD/normalized",23809,4,24.908311982863623
"DIVCORE/3/2/17/DIV/top-clear",23809,4,32.802721659876518
"DIVCORE/3/2/17/MOD/top-clear",23809,4,33.389012558276285
"DIVCORE/3/2/17/DIV/top-one",23809,4,30.499684993069849
"DIVCORE/3/2/17/MOD/top-one",23809,4,32.204208492586837
"DIVCORE/3/2/17/DIV/padded",23809,4,26.360829938258643
"DIVCORE/3/2/17/MOD/padded",23809,4,24.911798059557309
"DIVCORE/3/2/127/DIV/normalized",23809,4,29.642152127346801
"DIVCORE/3/2/127/MOD/normalized",23809,4,28.793355453819984
"DIVCORE/3/2/127/DIV/top-clear",23809,4,32.77474904447898
"DIVCORE/3/2/127/MOD/top-clear",23809,4,33.70049141081104
"DIVCORE/3/2/127/DIV/top-one",23809,4,29.038388844554579
"DIVCORE/3/2/127/MOD/top-one",23809,4,30.333403334873367
"DIVCORE/3/2/127/DIV/padded",23809,4,30.224914948128859
"DIVCORE/3/2/127/MOD/padded",23809,4,29.335923390314587
"DIVCORE/4/2/17/DIV/normalized",22727,4,34.375412504950063
"DIVCORE/4/2/17/MOD/normalized",22727,4,32.289083469001625
"DIVCORE/4/2/17/DIV/top-clear",22727,4,46.583755005060063
"DIVCORE/4/2/17/MOD/top-clear",22727,4,46.768865226382715
"DIVCORE/4/2/17/DIV/top-one",22727,4,42.33585603027236
"DIVCORE/4/2/17/MOD/top-one",22727,4,44.372684472213663
"DIVCORE/4/2/17/DIV/padded",22727,4,35.871430457165488
"DIVCORE/4/2/17/MOD/padded",22727,4,32.870198442381309
"DIVCORE/4/2/127/DIV/normalized",22727,4,42.733664803977646
"DIVCORE/4/2/127/MOD/normalized",22727,4,40.72068464821578
"DIVCORE/4/2/127/DIV/top-clear",22727,4,46.935759229110751
"DIVCORE/4/2/127/MOD/top-clear",22727,4,46.596559158709901
"DIVCORE/4/2/127/DIV/top-one",22727,4,42.048004576054915
"DIVCORE/4/2/127/MOD/top-one",22727,4,43.434021208254499
"DIVCORE/4/2/127/DIV/padded",22727,4,44.594535134421612
"DIVCORE/4/2/127/MOD/padded",22727,4,42.821665859990318
"DIVCORE/8/2/17/DIV/normalized",19230,4,89.337389495579828
"DIVCORE/8/2/17/MOD/normalized",19230,4,88.548673946957877
"DIVCORE/8/2/17/DIV/top-clear",19230,4,110.80561622464899
"DIVCORE/8/2/17/MOD/top-clear",19230,4,111.24763390535621
"DIVCORE/8/2/17/DIV/top-one",19230,4,104.14934997399897
"DIVCORE/8/2/17/MOD/top-one",19230,4,106.2619344773791
"DIVCORE/8/2/17/DIV/padded",19230,4,92.269058762350497
"DIVCORE/8/2/17/MOD/padded",19230,4,91.352470098803948
"DIVCORE/8/2/127/DIV/normalized",19230,4,102.09095163806552
"DIVCORE/8/2/127/MOD/normalized",19230,4,100.27519500780031
"DIVCORE/8/2/127/DIV/top-clear",19230,4,107.59448777951118
"DIVCORE/8/2/127/MOD/top-clear",19230,4,108.48715548621945
"DIVCORE/8/2/127/DIV/top-one",19230,4,102.60442017680707
"DIVCORE/8/2/127/MOD/top-one",19230,4,105.70072802912117
"DIVCORE/8/2/127/DIV/padded",19230,4,105.31289651586063
"DIVCORE/8/2/127/MOD/padded",19230,4,103.97815912636506
"DIVCORE/34/2/17/DIV/normalized",9615,4,494.53541341653664
"DIVCORE/34/2/17/MOD/normalized",9615,4,492.44232969318773
"DIVCORE/34/2/17/DIV/top-clear",9615,4,522.15725429017164
"DIVCORE/34/2/17/MOD/top-clear",9615,4,518.27009880395212
"DIVCORE/34/2/17/DIV/top-one",9615,4,514.52584503380137
"DIVCORE/34/2/17/MOD/top-one",9615,4,510.83380135205408
"DIVCORE/34/2/17/DIV/padded",9615,4,509.82412896515859
"DIVCORE/34/2/17/MOD/padded",9615,4,505.88060322412895
"DIVCORE/34/2/127/DIV/normalized",9615,4,510.39615184607385
"DIVCORE/34/2/127/MOD/normalized",9615,4,503.95652626105044
"DIVCORE/34/2/127/DIV/top-clear",9615,4,535.28777951118047
"DIVCORE/34/2/127/MOD/top-clear",9615,4,525.64139365574624
"DIVCORE/34/2/127/DIV/top-one",9615,4,548.52230889235568
"DIVCORE/34/2/127/MOD/top-one",9615,4,538.3125325013001
"DIVCORE/34/2/127/DIV/padded",9615,4,520.02516900676028
"DIVCORE/34/2/127/MOD/padded",9615,4,515.09786791471663
"DIVCORE/1026/2/17/DIV/normalized",478,4,17051.343096234308
"DIVCORE/1026/2/17/MOD/normalized",478,4,16982.12970711297
"DIVCORE/1026/2/17/DIV/top-clear",478,4,17754.18410041841
"DIVCORE/1026/2/17/MOD/top-clear",478,4,16973.064853556487
"DIVCORE/1026/2/17/DIV/top-one",478,4,17478.644351464434
"DIVCORE/1026/2/17/MOD/top-one",478,4,17377.092050209205
"DIVCORE/1026/2/17/DIV/padded",478,4,17445.171548117156
"DIVCORE/1026/2/17/MOD/padded",478,4,17254.098326359832
"DIVCORE/1026/2/127/DIV/normalized",478,4,17875.960251046024
"DIVCORE/1026/2/127/MOD/normalized",478,4,17794.717573221758
"DIVCORE/1026/2/127/DIV/top-clear",478,4,18275.453974895398
"DIVCORE/1026/2/127/MOD/top-clear",478,4,18228.8179916318
"DIVCORE/1026/2/127/DIV/top-one",478,4,18020.050209205019
"DIVCORE/1026/2/127/MOD/top-one",478,4,17951.098326359832
"DIVCORE/1026/2/127/DIV/padded",478,4,17439.418410041842
"DIVCORE/1026/2/127/MOD/padded",478,4,17453.887029288704
"DIVCORE/65536/2/17/DIV/normalized",7,4,1374922.5714285714
"DIVCORE/65536/2/17/MOD/normalized",7,4,1362392.857142857
"DIVCORE/65536/2/17/DIV/top-one",7,4,1301166.5714285714
"DIVCORE/65536/2/17/MOD/top-one",7,4,1299821.4285714286
"DIVCORE/500000/2/17/DIV/normalized",1,4,10495375
"DIVCORE/500000/2/17/MOD/normalized",1,4,10423750
"DIVCORE/500000/2/17/DIV/top-one",1,4,9987250
"DIVCORE/500000/2/17/MOD/top-one",1,4,9938750
"DIVCORE/2/3/17/DIV/normalized",23809,4,5.4916208156579449
"DIVCORE/2/3/17/MOD/normalized",23809,4,5.4111050443109745
"DIVCORE/2/3/17/DIV/top-clear",23809,4,5.3971187366122058
"DIVCORE/2/3/17/MOD/top-clear",23809,4,5.4356335839388468
"DIVCORE/2/3/17/DIV/top-one",23809,4,5.4163551598135156
"DIVCORE/2/3/17/MOD/top-one",23809,4,5.4040908899995799
"DIVCORE/2/3/17/DIV/padded",23809,4,5.4093410055021209
"DIVCORE/2/3/17/MOD/padded",23809,4,5.4216052753160566
"DIVCORE/2/3/127/DIV/normalized",23809,4,5.3988827754210593
"DIVCORE/2/3/127/MOD/normalized",23809,4,5.41811919862237
"DIVCORE/2/3/127/DIV/top-clear",23809,4,5.4250913520097441
"DIVCORE/2/3/127/MOD/top-clear",23809,4,5.4303834684363057
"DIVCORE/2/3/127/DIV/top-one",23809,4,5.6088873955227019
"DIVCORE/2/3/127/MOD/top-one",23809,4,5.4408416985173673
"DIVCORE/2/3/127/DIV/padded",23809,4,5.4076189676172879
"DIVCORE/2/3/127/MOD/padded",23809,4,5.45138393044647
"DIVCORE/3/3/17/DIV/normalized",22727,4,21.081752981035773
"DIVCORE/3/3/17/MOD/normalized",22727,4,17.383860606327275
"DIVCORE/3/3/17/DIV/top-clear",22727,4,23.787785453425442
"DIVCORE/3/3/17/MOD/top-clear",22727,4,20.575746908962909
"DIVCORE/3/3/17/DIV/top-one",22727,4,23.996787961455539
"DIVCORE/3/3/17/MOD/top-one",22727,4,21.415452985435824
"DIVCORE/3/3/17/DIV/padded",22727,4,21.072600871210454
"DIVCORE/3/3/17/MOD/padded",22727,4,17.380208562502752
"DIVCORE/3/3/127/DIV/normalized",22727,4,17.767061204734457
"DIVCORE/3/3/127/MOD/normalized",22727,4,13.643859726316716
"DIVCORE/3/3/127/DIV/top-clear",22727,4,23.55493465921591
"DIVCORE/3/3/127/MOD/top-clear",22727,4,20.572094865138382
"DIVCORE/3/3/127/DIV/top-one",22727,4,24.18744224930699
"DIVCORE/3/3/127/MOD/top-one",22727,4,21.875610507326087
"DIVCORE/3/3/127/DIV/padded",22727,4,17.660711928543144
"DIVCORE/3/3/127/MOD/padded",22727,4,13.640163681964184
"DIVCORE/4/3/17/DIV/normalized",21739,4,28.508671052026312
"DIVCORE/4/3/17/MOD/normalized",21739,4,25.71608629651778
"DIVCORE/4/3/17/DIV/top-clear",21739,4,37.093472560835366
"DIVCORE/4/3/17/MOD/top-clear",21739,4,37.950227701366209
"DIVCORE/4/3/17/DIV/top-one",21739,4,37.482542895257374
"DIVCORE/4/3/17/MOD/top-one",21739,4,38.962233773402637
"DIVCORE/4/3/17/DIV/padded",21739,4,28.198169189015132
"DIVCORE/4/3/17/MOD/padded",21739,4,25.409402456414739
"DIVCORE/4/3/17/DIV/add-back",21739,4,27.444914669488018
"DIVCORE/4/3/17/MOD/add-back",21739,4,23.864575187451123
"DIVCORE/4/3/127/DIV/normalized",21739,4,33.239017434104603
"DIVCORE/4/3/127/MOD/normalized",21739,4,32.03726022356134
"DIVCORE/4/3/127/DIV/top-clear",21739,4,36.704356226137357
"DIVCORE/4/3/127/MOD/top-clear",21739,4,37.597543585261512
"DIVCORE/4/3/127/DIV/top-one",21739,4,37.79304475826855
"DIVCORE/4/3/127/MOD/top-one",21739,4,38.362298173789043
"DIVCORE/4/3/127/DIV/padded",21739,4,33.781452688716129
"DIVCORE/4/3/127/MOD/padded",21739,4,32.305579833479001
"DIVCORE/6/3/17/DIV/normalized",20000,4,51.027099999999997
"DIVCORE/6/3/17/MOD/normalized",20000,4,49.3125
"DIVCORE/6/3/17/DIV/top-clear",20000,4,69.568749999999994
"DIVCORE/6/3/17/MOD/top-clear",20000,4,69.84375
"DIVCORE/6/3/17/DIV/top-one",20000,4,72.991650000000007
"DIVCORE/6/3/17/MOD/top-one",20000,4,74.147900000000007
"DIVCORE/6/3/17/DIV/padded",20000,4,53.287500000000001
"DIVCORE/6/3/17/MOD/padded",20000,4,51.0167
"DIVCORE/6/3/17/DIV/add-back",20000,4,40.416649999999997
"DIVCORE/6/3/17/MOD/add-back",20000,4,38.064549999999997
"DIVCORE/6/3/127/DIV/normalized",20000,4,51.95205
"DIVCORE/6/3/127/MOD/normalized",20000,4,50.116700000000002
"DIVCORE/6/3/127/DIV/top-clear",20000,4,67.1417
"DIVCORE/6/3/127/MOD/top-clear",20000,4,68.383349999999993
"DIVCORE/6/3/127/DIV/top-one",20000,4,65.560450000000003
"DIVCORE/6/3/127/MOD/top-one",20000,4,67.956249999999997
"DIVCORE/6/3/127/DIV/padded",20000,4,54.270850000000003
"DIVCORE/6/3/127/MOD/padded",20000,4,51.364600000000003
"DIVCORE/12/3/17/DIV/normalized",16129,4,149.7277574555149
"DIVCORE/12/3/17/MOD/normalized",16129,4,148.38179676359351
"DIVCORE/12/3/17/DIV/top-clear",16129,4,176.7752495504991
"DIVCORE/12/3/17/MOD/top-clear",16129,4,177.44175088350175
"DIVCORE/12/3/17/DIV/top-one",16129,4,170.37119474238949
"DIVCORE/12/3/17/MOD/top-one",16129,4,171.04030008060016
"DIVCORE/12/3/17/DIV/padded",16129,4,155.38266476532954
"DIVCORE/12/3/17/MOD/padded",16129,4,151.95976191952383
"DIVCORE/12/3/17/DIV/add-back",16129,4,88.394072788145579
"DIVCORE/12/3/17/MOD/add-back",16129,4,86.257672515345035
"DIVCORE/12/3/127/DIV/normalized",16129,4,150.66290532581064
"DIVCORE/12/3/127/MOD/normalized",16129,4,148.11569223138446
"DIVCORE/12/3/127/DIV/top-clear",16129,4,169.77704755409511
"DIVCORE/12/3/127/MOD/top-clear",16129,4,169.16479632959266
"DIVCORE/12/3/127/DIV/top-one",16129,4,166.49872899745799
"DIVCORE/12/3/127/MOD/top-one",16129,4,166.90947981895962
"DIVCORE/12/3/127/DIV/padded",16129,4,154.91505983011967
"DIVCORE/12/3/127/MOD/padded",16129,4,152.25680451360904
"DIVCORE/35/3/17/DIV/normalized",9259,4,531.24883896749111
"DIVCORE/35/3/17/MOD/normalized",9259,4,528.87730856463986
"DIVCORE/35/3/17/DIV/top-clear",9259,4,577.91964575008103
"DIVCORE/35/3/17/MOD/top-clear",9259,4,580.21924613889189
"DIVCORE/35/3/17/DIV/top-one",9259,4,564.25726320336969
"DIVCORE/35/3/17/MOD/top-one",9259,4,564.59023652662279
"DIVCORE/35/3/17/DIV/padded",9259,4,549.44292040177129
"DIVCORE/35/3/17/MOD/padded",9259,4,543.06166972675237
"DIVCORE/35/3/17/DIV/add-back",9259,4,286.91003348093744
"DIVCORE/35/3/17/MOD/add-back",9259,4,282.21633005724158
"DIVCORE/35/3/127/DIV/normalized",9259,4,531.66292256183169
"DIVCORE/35/3/127/MOD/normalized",9259,4,528.47683335133388
"DIVCORE/35/3/127/DIV/top-clear",9259,4,588.32400907225406
"DIVCORE/35/3/127/MOD/top-clear",9259,4,586.69035532994928
"DIVCORE/35/3/127/DIV/top-one",9259,4,559.16308456636784
"DIVCORE/35/3/127/MOD/top-one",9259,4,560.12161140511932
"DIVCORE/35/3/127/DIV/padded",9259,4,545.52770277567777
"DIVCORE/35/3/127/MOD/padded",9259,4,543.07970623177448
"DIVCORE/1027/3/17/DIV/normalized",478,4,18330.63179916318
"DIVCORE/1027/3/17/MOD/normalized",478,4,18243.985355648536
"DIVCORE/1027/3/17/DIV/top-clear",478,4,19689.853556485356
"DIVCORE/1027/3/17/MOD/top-clear",478,4,19619.769874476988
"DIVCORE/1027/3/17/DIV/top-one",478,4,18429.830543933054
"DIVCORE/1027/3/17/MOD/top-one",478,4,18273.621338912133
"DIVCORE/1027/3/17/DIV/padded",478,4,19161.786610878662
"DIVCORE/1027/3/17/MOD/padded",478,4,18910.914225941422
"DIVCORE/1027/3/17/DIV/add-back",478,4,8464.3493723849369
"DIVCORE/1027/3/17/MOD/add-back",478,4,8412.3075313807531
"DIVCORE/1027/3/127/DIV/normalized",478,4,19298.640167364018
"DIVCORE/1027/3/127/MOD/normalized",478,4,19237.533472803349
"DIVCORE/1027/3/127/DIV/top-clear",478,4,18989.016736401674
"DIVCORE/1027/3/127/MOD/top-clear",478,4,18937.326359832638
"DIVCORE/1027/3/127/DIV/top-one",478,4,19052.648535564855
"DIVCORE/1027/3/127/MOD/top-one",478,4,18986.31380753138
"DIVCORE/1027/3/127/DIV/padded",478,4,19228.8179916318
"DIVCORE/1027/3/127/MOD/padded",478,4,19904.638075313807
"DIVCORE/3/4/17/DIV/normalized",21739,4,5.5411012466074796
"DIVCORE/3/4/17/MOD/normalized",21739,4,9.9188095128570772
"DIVCORE/3/4/17/DIV/top-clear",21739,4,5.4261005566033393
"DIVCORE/3/4/17/MOD/top-clear",21739,4,5.5622153732922399
"DIVCORE/3/4/17/DIV/top-one",21739,4,5.3896683380100283
"DIVCORE/3/4/17/MOD/top-one",21739,4,5.4280325681954089
"DIVCORE/3/4/17/DIV/padded",21739,4,5.4088964533787207
"DIVCORE/3/4/17/MOD/padded",21739,4,6.3576061456368738
"DIVCORE/3/4/127/DIV/normalized",21739,4,5.4222825336952019
"DIVCORE/3/4/127/MOD/normalized",21739,4,5.433782602695616
"DIVCORE/3/4/127/DIV/top-clear",21739,4,5.433782602695616
"DIVCORE/3/4/127/MOD/top-clear",21739,4,5.4088504531027191
"DIVCORE/3/4/127/DIV/top-one",21739,4,5.6695340172041035
"DIVCORE/3/4/127/MOD/top-one",21739,4,5.659965959795759
"DIVCORE/3/4/127/DIV/padded",21739,4,5.5986015916095493
"DIVCORE/3/4/127/MOD/padded",21739,4,5.9512857077142467
"DIVCORE/4/4/17/DIV/normalized",20833,4,18.006288100609609
"DIVCORE/4/4/17/MOD/normalized",20833,4,13.636202179234868
"DIVCORE/4/4/17/DIV/top-clear",20833,4,24.808380934094945
"DIVCORE/4/4/17/MOD/top-clear",20833,4,24.55839293428695
"DIVCORE/4/4/17/DIV/top-one",20833,4,24.97038352613642
"DIVCORE/4/4/17/MOD/top-one",20833,4,23.434358949743196
"DIVCORE/4/4/17/DIV/padded",20833,4,17.970287524600394
"DIVCORE/4/4/17/MOD/padded",20833,4,13.64421830749292
"DIVCORE/4/4/127/DIV/normalized",20833,4,21.700331205299285
"DIVCORE/4/4/127/MOD/normalized",20833,4,18.062256996111937
"DIVCORE/4/4/127/DIV/top-clear",20833,4,24.822397158354534
"DIVCORE/4/4/127/MOD/top-clear",20833,4,22.552344837517399
"DIVCORE/4/4/127/DIV/top-one",20833,4,24.826381222099553
"DIVCORE/4/4/127/MOD/top-one",20833,4,23.174338789420631
"DIVCORE/4/4/127/DIV/padded",20833,4,21.692363077809244
"DIVCORE/4/4/127/MOD/padded",20833,4,17.898286372581961
"DIVCORE/5/4/17/DIV/normalized",20000,4,34.962499999999999
"DIVCORE/5/4/17/MOD/normalized",20000,4,33.816650000000003
"DIVCORE/5/4/17/DIV/top-clear",20000,4,39.831249999999997
"DIVCORE/5/4/17/MOD/top-clear",20000,4,41.183349999999997
"DIVCORE/5/4/17/DIV/top-one",20000,4,39.99165
"DIVCORE/5/4/17/MOD/top-one",20000,4,41.625
"DIVCORE/5/4/17/DIV/padded",20000,4,35.304200000000002
"DIVCORE/5/4/17/MOD/padded",20000,4,34.254150000000003
"DIVCORE/5/4/17/DIV/add-back",20000,4,27.583349999999999
"DIVCORE/5/4/17/MOD/add-back",20000,4,24.5792
"DIVCORE/5/4/127/DIV/normalized",20000,4,34.064599999999999
"DIVCORE/5/4/127/MOD/normalized",20000,4,32.904150000000001
"DIVCORE/5/4/127/DIV/top-clear",20000,4,40.162500000000001
"DIVCORE/5/4/127/MOD/top-clear",20000,4,41.4604
"DIVCORE/5/4/127/DIV/top-one",20000,4,39.385399999999997
"DIVCORE/5/4/127/MOD/top-one",20000,4,40.787500000000001
"DIVCORE/5/4/127/DIV/padded",20000,4,35.512500000000003
"DIVCORE/5/4/127/MOD/padded",20000,4,33.0854
"DIVCORE/8/4/17/DIV/normalized",17857,4,86.520692165537326
"DIVCORE/8/4/17/MOD/normalized",17857,4,84.892031136249088
"DIVCORE/8/4/17/DIV/top-clear",17857,4,96.759422075376605
"DIVCORE/8/4/17/MOD/top-clear",17857,4,98.423083384667081
"DIVCORE/8/4/17/DIV/top-one",17857,4,92.867446939575515
"DIVCORE/8/4/17/MOD/top-one",17857,4,94.377107016856129
"DIVCORE/8/4/17/DIV/padded",17857,4,88.471355770846174
"DIVCORE/8/4/17/MOD/padded",17857,4,86.632693061544487
"DIVCORE/8/4/17/DIV/add-back",17857,4,57.512460099680794
"DIVCORE/8/4/17/MOD/add-back",17857,4,54.621436971495775
"DIVCORE/8/4/127/DIV/normalized",17857,4,90.160721285770279
"DIVCORE/8/4/127/MOD/normalized",17857,4,88.737357898863195
"DIVCORE/8/4/127/DIV/top-clear",17857,4,94.393403147225172
"DIVCORE/8/4/127/MOD/top-clear",17857,4,95.373410987287897
"DIVCORE/8/4/127/DIV/top-one",17857,4,90.559724477795825
"DIVCORE/8/4/127/MOD/top-one",17857,4,91.679733437867498
"DIVCORE/8/4/127/DIV/padded",17857,4,91.801030408243264
"DIVCORE/8/4/127/MOD/padded",17857,4,90.641373130985045
"DIVCORE/16/4/17/DIV/normalized",13888,4,234.32704493087559
"DIVCORE/16/4/17/MOD/normalized",13888,4,233.04593894009216
"DIVCORE/16/4/17/DIV/top-clear",13888,4,247.96284562211983
"DIVCORE/16/4/17/MOD/top-clear",13888,4,246.71774193548387
"DIVCORE/16/4/17/DIV/top-one",13888,4,240.22839861751152
"DIVCORE/16/4/17/MOD/top-one",13888,4,241.50943260368663
"DIVCORE/16/4/17/DIV/padded",13888,4,240.16539458525347
"DIVCORE/16/4/17/MOD/padded",13888,4,237.87622407834101
"DIVCORE/16/4/17/DIV/add-back",13888,4,144.74726382488478
"DIVCORE/16/4/17/MOD/add-back",13888,4,141.60001440092165
"DIVCORE/16/4/127/DIV/normalized",13888,4,225.06242799539172
"DIVCORE/16/4/127/MOD/normalized",13888,4,223.04025057603687
"DIVCORE/16/4/127/DIV/top-clear",13888,4,243.47458237327189
"DIVCORE/16/4/127/MOD/top-clear",13888,4,242.91057027649771
"DIVCORE/16/4/127/DIV/top-one",13888,4,232.73387096774192
"DIVCORE/16/4/127/MOD/top-one",13888,4,233.37888824884791
"DIVCORE/16/4/127/DIV/padded",13888,4,231.30285138248848
"DIVCORE/16/4/127/MOD/padded",13888,4,228.89667338709677
"DIVCORE/36/4/17/DIV/normalized",8928,4,590.00716845878139
"DIVCORE/36/4/17/MOD/normalized",8928,4,591.42125896057348
"DIVCORE/36/4/17/DIV/top-clear",8928,4,615.68481182795699
"DIVCORE/36/4/17/MOD/top-clear",8928,4,617.28550627240145
"DIVCORE/36/4/17/DIV/top-one",8928,4,601.65120967741939
"DIVCORE/36/4/17/MOD/top-one",8928,4,605.31474014336914
"DIVCORE/36/4/17/DIV/padded",8928,4,604.83400537634407
"DIVCORE/36/4/17/MOD/padded",8928,4,601.86122311827955
"DIVCORE/36/4/17/DIV/add-back",8928,4,345.83154121863799
"DIVCORE/36/4/17/MOD/add-back",8928,4,344.3473342293907
"DIVCORE/36/4/127/DIV/normalized",8928,4,596.51747311827955
"DIVCORE/36/4/127/MOD/normalized",8928,4,600.42372311827955
"DIVCORE/36/4/127/DIV/top-clear",8928,4,624.85528673835131
"DIVCORE/36/4/127/MOD/top-clear",8928,4,624.71998207885304
"DIVCORE/36/4/127/DIV/top-one",8928,4,619.5723566308244
"DIVCORE/36/4/127/MOD/top-one",8928,4,622.60125448028668
"DIVCORE/36/4/127/DIV/padded",8928,4,612.19847670250897
"DIVCORE/36/4/127/MOD/padded",8928,4,616.76276881720435
"DIVCORE/1028/4/17/DIV/normalized",477,4,20268.255765199163
"DIVCORE/1028/4/17/MOD/normalized",477,4,20187.893081761005
"DIVCORE/1028/4/17/DIV/top-clear",477,4,21816.911949685535
"DIVCORE/1028/4/17/MOD/top-clear",477,4,21827.656184486372
"DIVCORE/1028/4/17/DIV/top-one",467,4,20301.837259100641
"DIVCORE/1028/4/17/MOD/top-one",469,4,19759.684434968018
"DIVCORE/1028/4/17/DIV/padded",477,4,20727.637316561846
"DIVCORE/1028/4/17/MOD/padded",477,4,20665.618448637317
"DIVCORE/1028/4/17/DIV/add-back",477,4,10388.452830188678
"DIVCORE/1028/4/17/MOD/add-back",477,4,10430.207547169812
"DIVCORE/1028/4/127/DIV/normalized",477,4,20465.058700209644
"DIVCORE/1028/4/127/MOD/normalized",477,4,20299.790356394129
"DIVCORE/1028/4/127/DIV/top-clear",470,4,21112.234042553191
"DIVCORE/1028/4/127/MOD/top-clear",473,4,21063.424947145879
"DIVCORE/1028/4/127/DIV/top-one",477,4,20038.348008385743
"DIVCORE/1028/4/127/MOD/top-one",477,4,19984.276729559748
"DIVCORE/1028/4/127/DIV/padded",477,4,20640.899371069183
"DIVCORE/1028/4/127/MOD/padded",477,4,20604.383647798742
"DIVCORE/7/8/17/DIV/normalized",16129,4,5.6859693719387439
"DIVCORE/7/8/17/MOD/normalized",16129,4,5.3113646227292453
"DIVCORE/7/8/17/DIV/top-clear",16129,4,5.3501147002294003
"DIVCORE/7/8/17/MOD/top-clear",16129,4,5.3294066588133173
"DIVCORE/7/8/17/DIV/top-one",16129,4,5.3397606795213592
"DIVCORE/7/8/17/MOD/top-one",16129,4,5.3294686589373175
"DIVCORE/7/8/17/DIV/padded",16129,4,5.3294686589373175
"DIVCORE/7/8/17/MOD/padded",16129,4,5.3217186434372872
"DIVCORE/7/8/127/DIV/normalized",16129,4,5.3475106950213904
"DIVCORE/7/8/127/MOD/normalized",16129,4,5.3165106330212657
"DIVCORE/7/8/127/DIV/top-clear",16129,4,5.3475106950213904
"DIVCORE/7/8/127/MOD/top-clear",16129,4,5.3191146382292764
"DIVCORE/7/8/127/DIV/top-one",16129,4,5.3449066898133797
"DIVCORE/7/8/127/MOD/top-one",16129,4,5.3242606485212969
"DIVCORE/7/8/127/DIV/padded",16129,4,5.3655527311054625
"DIVCORE/7/8/127/MOD/padded",16129,4,5.3190526381052763
"DIVCORE/8/8/17/DIV/normalized",15625,4,19.213311999999998
"DIVCORE/8/8/17/MOD/normalized",15625,4,13.642688
"DIVCORE/8/8/17/DIV/top-clear",15625,4,32.365312000000003
"DIVCORE/8/8/17/MOD/top-clear",15625,4,32.917312000000003
"DIVCORE/8/8/17/DIV/top-one",15625,4,34.762687999999997
"DIVCORE/8/8/17/MOD/top-one",15625,4,35.565376000000001
"DIVCORE/8/8/17/DIV/padded",15625,4,19.213311999999998
"DIVCORE/8/8/17/MOD/padded",15625,4,13.637312
"DIVCORE/8/8/127/DIV/normalized",15625,4,19.207999999999998
"DIVCORE/8/8/127/MOD/normalized",15625,4,13.632
"DIVCORE/8/8/127/DIV/top-clear",15625,4,32.205311999999999
"DIVCORE/8/8/127/MOD/top-clear",15625,4,33.138688000000002
"DIVCORE/8/8/127/DIV/top-one",15625,4,33.968000000000004
"DIVCORE/8/8/127/MOD/top-one",15625,4,34.759999999999998
"DIVCORE/8/8/127/DIV/padded",15625,4,19.213311999999998
"DIVCORE/8/8/127/MOD/padded",15625,4,13.637312
"DIVCORE/9/8/17/DIV/normalized",15151,4,30.754339647548015
"DIVCORE/9/8/17/MOD/normalized",15151,4,28.144478912283017
"DIVCORE/9/8/17/DIV/top-clear",15151,4,55.755395683453237
"DIVCORE/9/8/17/MOD/top-clear",15151,4,58.780476536202229
"DIVCORE/9/8/17/DIV/top-one",15151,4,58.010494356808131
"DIVCORE/9/8/17/MOD/top-one",15151,4,58.802455283479638
"DIVCORE/9/8/17/DIV/padded",15151,4,31.562801135238598
"DIVCORE/9/8/17/MOD/padded",15151,4,28.482740413174049
"DIVCORE/9/8/17/DIV/add-back",15151,4,34.28816579763712
"DIVCORE/9/8/17/MOD/add-back",15151,4,30.795525047851626
"DIVCORE/9/8/127/DIV/normalized",15151,4,30.933073724506635
"DIVCORE/9/8/127/MOD/normalized",15151,4,28.328691175499966
"DIVCORE/9/8/127/DIV/top-clear",15151,4,57.034189162431524
"DIVCORE/9/8/127/MOD/top-clear",15151,4,58.755725694673622
"DIVCORE/9/8/127/DIV/top-one",15151,4,55.568411325985082
"DIVCORE/9/8/127/MOD/top-one",15151,4,57.914263084944885
"DIVCORE/9/8/127/DIV/padded",15151,4,31.549072668470728
"DIVCORE/9/8/127/MOD/padded",15151,4,28.477196224671641
"DIVCORE/16/8/17/DIV/normalized",12500,4,186.40000000000001
"DIVCORE/16/8/17/MOD/normalized",12500,4,184.18664000000001
"DIVCORE/16/8/17/DIV/top-clear",12500,4,220.95336
"DIVCORE/16/8/17/MOD/top-clear",12500,4,222.28664000000001
"DIVCORE/16/8/17/DIV/top-one",12500,4,214.98336
"DIVCORE/16/8/17/MOD/top-one",12500,4,216.58336
"DIVCORE/16/8/17/DIV/padded",12500,4,190.98336
"DIVCORE/16/8/17/MOD/padded",12500,4,187.20671999999999
"DIVCORE/16/8/17/DIV/add-back",12500,4,160.81664000000001
"DIVCORE/16/8/17/MOD/add-back",12500,4,156.75335999999999
"DIVCORE/16/8/127/DIV/normalized",12500,4,185.12664000000001
"DIVCORE/16/8/127/MOD/normalized",12500,4,182.61000000000001
"DIVCORE/16/8/127/DIV/top-clear",12500,4,221.63
"DIVCORE/16/8/127/MOD/top-clear",12500,4,223.33000000000001
"DIVCORE/16/8/127/DIV/top-one",12500,4,215.02328
"DIVCORE/16/8/127/MOD/top-one",12500,4,216.33336
"DIVCORE/16/8/127/DIV/padded",12500,4,189.14663999999999
"DIVCORE/16/8/127/MOD/padded",12500,4,186.69336000000001
"DIVCORE/32/8/17/DIV/normalized",8928,4,552.67596326164869
"DIVCORE/32/8/17/MOD/normalized",8928,4,546.41297043010752
"DIVCORE/32/8/17/DIV/top-clear",8928,4,601.80051523297493
"DIVCORE/32/8/17/MOD/top-clear",8928,4,601.90781810035844
"DIVCORE/32/8/17/DIV/top-one",8928,4,607.80689964157705
"DIVCORE/32/8/17/MOD/top-one",8928,4,597.73095878136201
"DIVCORE/32/8/17/DIV/padded",8928,4,584.05667562724011
"DIVCORE/32/8/17/MOD/padded",8928,4,558.93447580645159
"DIVCORE/32/8/17/DIV/add-back",8928,4,436.69735663082434
"DIVCORE/32/8/17/MOD/add-back",8928,4,430.20553315412184
"DIVCORE/32/8/127/DIV/normalized",8928,4,562.37869623655911
"DIVCORE/32/8/127/MOD/normalized",8928,4,558.98577508960568
"DIVCORE/32/8/127/DIV/top-clear",8928,4,605.91207437275989
"DIVCORE/32/8/127/MOD/top-clear",8928,4,606.01478494623655
"DIVCORE/32/8/127/DIV/top-one",8928,4,590.48779121863799
"DIVCORE/32/8/127/MOD/top-one",8928,4,592.71393369175632
"DIVCORE/32/8/127/DIV/padded",8928,4,574.55477150537638
"DIVCORE/32/8/127/MOD/padded",8928,4,570.14448924731187
"DIVCORE/40/8/17/DIV/normalized",7812,4,743.50896057347666
"DIVCORE/40/8/17/MOD/normalized",7812,4,728.22785458269334
"DIVCORE/40/8/17/DIV/top-clear",7812,4,782.26344086021504
"DIVCORE/40/8/17/MOD/top-clear",7812,4,782.642089093702
"DIVCORE/40/8/17/DIV/top-one",7812,4,771.45212493599593
"DIVCORE/40/8/17/MOD/top-one",7812,4,772.6414490527394
"DIVCORE/40/8/17/DIV/padded",7812,4,747.42383512544802
"DIVCORE/40/8/17/MOD/padded",7812,4,742.41551459293396
"DIVCORE/40/8/17/DIV/add-back",7812,4,572.84741423451101
"DIVCORE/40/8/17/MOD/add-back",7812,4,569.72708653353811
"DIVCORE/40/8/127/DIV/normalized",7812,4,742.39413722478241
"DIVCORE/40/8/127/MOD/normalized",7812,4,734.28699436763952
"DIVCORE/40/8/127/DIV/top-clear",7812,4,801.08589349718386
"DIVCORE/40/8/127/MOD/top-clear",7812,4,801.05401945724532
"DIVCORE/40/8/127/DIV/top-one",7812,4,765.73963133640552
"DIVCORE/40/8/127/MOD/top-one",7812,4,767.55837173579107
"DIVCORE/40/8/127/DIV/padded",7812,4,753.7282386072709
"DIVCORE/40/8/127/MOD/padded",7812,4,748.25588837685609
"DIVCORE/1032/8/17/DIV/normalized",473,4,25425.300211416492
"DIVCORE/1032/8/17/MOD/normalized",397,4,25235.201511335013
"DIVCORE/1032/8/17/DIV/top-clear",473,4,27272.287526427062
"DIVCORE/1032/8/17/MOD/top-clear",473,4,27186.39957716702
"DIVCORE/1032/8/17/DIV/top-one",370,4,26130.405405405407
"DIVCORE/1032/8/17/MOD/top-one",473,4,25998.942917547567
"DIVCORE/1032/8/17/DIV/padded",389,4,25902.421593830335
"DIVCORE/1032/8/17/MOD/padded",389,4,25708.118251928019
"DIVCORE/1032/8/17/DIV/add-back",473,4,17667.283298097253
"DIVCORE/1032/8/17/MOD/add-back",473,4,17724.805496828754
"DIVCORE/1032/8/127/DIV/normalized",385,4,25933.981818181819
"DIVCORE/1032/8/127/MOD/normalized",473,4,25936.22198731501
"DIVCORE/1032/8/127/DIV/top-clear",365,4,27082.991780821918
"DIVCORE/1032/8/127/MOD/top-clear",366,4,27022.997267759562
"DIVCORE/1032/8/127/DIV/top-one",375,4,26737.554666666667
"DIVCORE/1032/8/127/MOD/top-one",376,4,26805.739361702126
"DIVCORE/1032/8/127/DIV/padded",473,4,26639.799154334039
"DIVCORE/1032/8/127/MOD/padded",381,4,26595.800524934384
"DIVCORE/15/16/17/DIV/normalized",10638,4,6.0279187817258881
"DIVCORE/15/16/17/MOD/normalized",10638,4,5.3816506862192144
"DIVCORE/15/16/17/DIV/top-clear",10638,4,5.3620981387478848
"DIVCORE/15/16/17/MOD/top-clear",10638,4,5.3816506862192144
"DIVCORE/15/16/17/DIV/top-one",10638,4,5.3307012596352701
"DIVCORE/15/16/17/MOD/top-one",10638,4,5.4090054521526607
"DIVCORE/15/16/17/DIV/padded",10638,4,5.3463996991915774
"DIVCORE/15/16/17/MOD/padded",10638,4,5.3660462492949801
"DIVCORE/15/16/127/DIV/normalized",10638,4,5.3424515886444821
"DIVCORE/15/16/127/MOD/normalized",10638,4,5.3660462492949801
"DIVCORE/15/16/127/DIV/top-clear",10638,4,5.3385974807294607
"DIVCORE/15/16/127/MOD/top-clear",10638,4,5.3659522466629062
"DIVCORE/15/16/127/DIV/top-one",10638,4,5.3777025756721191
"DIVCORE/15/16/127/MOD/top-one",10638,4,5.3659522466629062
"DIVCORE/15/16/127/DIV/padded",10638,4,5.3934010152284264
"DIVCORE/15/16/127/MOD/padded",10638,4,5.3699003572100015
"DIVCORE/16/16/17/DIV/normalized",10416,4,16.741071428571427
"DIVCORE/16/16/17/MOD/normalized",10416,4,13.640841013824884
"DIVCORE/16/16/17/DIV/top-clear",10416,4,47.622983870967744
"DIVCORE/16/16/17/MOD/top-clear",10416,4,53.495487711213521
"DIVCORE/16/16/17/DIV/top-one",10416,4,50.427227342549926
"DIVCORE/16/16/17/MOD/top-one",10416,4,55.823540706605222
"DIVCORE/16/16/17/DIV/padded",10416,4,17.481086789554531
"DIVCORE/16/16/17/MOD/padded",10416,4,13.6448732718894
"DIVCORE/16/16/127/DIV/normalized",10416,4,34.230222734254994
"DIVCORE/16/16/127/MOD/normalized",10416,4,32.398041474654377
"DIVCORE/16/16/127/DIV/top-clear",10416,4,47.827092933947775
"DIVCORE/16/16/127/MOD/top-clear",10416,4,56.527649769585253
"DIVCORE/16/16/127/DIV/top-one",10416,4,50.031201996927805
"DIVCORE/16/16/127/MOD/top-one",10416,4,55.787538402457756
"DIVCORE/16/16/127/DIV/padded",10416,4,34.182219662058372
"DIVCORE/16/16/127/MOD/padded",10416,4,32.370103686635943
"DIVCORE/17/16/17/DIV/normalized",10204,4,68.000294002352021
"DIVCORE/17/16/17/MOD/normalized",10204,4,65.21540572324578
"DIVCORE/17/16/17/DIV/top-clear",10204,4,82.994413955311643
"DIVCORE/17/16/17/MOD/top-clear",10204,4,87.694335554684443
"DIVCORE/17/16/17/DIV/top-one",10204,4,83.664053312426503
"DIVCORE/17/16/17/MOD/top-one",10204,4,89.466581732653864
"DIVCORE/17/16/17/DIV/padded",10204,4,67.261172089376714
"DIVCORE/17/16/17/MOD/padded",10204,4,65.627793022344179
"DIVCORE/17/16/17/DIV/add-back",10204,4,49.245393963151706
"DIVCORE/17/16/17/MOD/add-back",10204,4,45.623480987847906
"DIVCORE/17/16/127/DIV/normalized",10204,4,68.772050176401407
"DIVCORE/17/16/127/MOD/normalized",10204,4,65.901411211289684
"DIVCORE/17/16/127/DIV/top-clear",10204,4,87.061446491571928
"DIVCORE/17/16/127/MOD/top-clear",10204,4,88.755978047824385
"DIVCORE/17/16/127/DIV/top-one",10204,4,85.007546060368483
"DIVCORE/17/16/127/MOD/top-one",10204,4,89.572716581732649
"DIVCORE/17/16/127/DIV/padded",10204,4,67.906409251274013
"DIVCORE/17/16/127/MOD/padded",10204,4,66.563014504116026
"DIVCORE/32/16/17/DIV/normalized",7812,4,546.54160266257043
"DIVCORE/32/16/17/MOD/normalized",7812,4,544.60023041474653
"DIVCORE/32/16/17/DIV/top-clear",7812,4,588.44828469022013
"DIVCORE/32/16/17/MOD/top-clear",7812,4,594.13402457757297
"DIVCORE/32/16/17/DIV/top-one",7812,4,597.44623655913983
"DIVCORE/32/16/17/MOD/top-one",7812,4,601.48374295954943
"DIVCORE/32/16/17/DIV/padded",7812,4,553.35803891449052
"DIVCORE/32/16/17/MOD/padded",7812,4,551.34728622631849
"DIVCORE/32/16/17/DIV/add-back",7812,4,530.5993343573989
"DIVCORE/32/16/17/MOD/add-back",7812,4,526.22567844342041
"DIVCORE/32/16/127/DIV/normalized",7812,4,561.64132104454688
"DIVCORE/32/16/127/MOD/normalized",7812,4,560.97452636968762
"DIVCORE/32/16/127/DIV/top-clear",7812,4,594.79006656426009
"DIVCORE/32/16/127/MOD/top-clear",7812,4,594.43804403481818
"DIVCORE/32/16/127/DIV/top-one",7812,4,587.55222734254994
"DIVCORE/32/16/127/MOD/top-one",7812,4,590.91244239631339
"DIVCORE/32/16/127/DIV/padded",7812,4,571.43932411674348
"DIVCORE/32/16/127/MOD/padded",7812,4,568.8204045058884
"DIVCORE/48/16/17/DIV/normalized",6250,4,1064.7267199999999
"DIVCORE/48/16/17/MOD/normalized",6250,4,1043.2532799999999
"DIVCORE/48/16/17/DIV/top-clear",6250,4,1138.76656
"DIVCORE/48/16/17/MOD/top-clear",6250,4,1139.2467200000001
"DIVCORE/48/16/17/DIV/top-one",6250,4,1179.6134400000001
"DIVCORE/48/16/17/MOD/top-one",6250,4,1169.4000000000001
"DIVCORE/48/16/17/DIV/padded",6250,4,1075.43328
"DIVCORE/48/16/17/MOD/padded",6250,4,1059.24
"DIVCORE/48/16/17/DIV/add-back",6250,4,1053.0067200000001
"DIVCORE/48/16/17/MOD/add-back",6250,4,1034.3134399999999
"DIVCORE/48/16/127/DIV/normalized",6250,4,1129.2467200000001
"DIVCORE/48/16/127/MOD/normalized",6250,4,1114.89328
"DIVCORE/48/16/127/DIV/top-clear",6250,4,1140.28656
"DIVCORE/48/16/127/MOD/top-clear",6250,4,1147.2332799999999
"DIVCORE/48/16/127/DIV/top-one",6250,4,1151.7265600000001
"DIVCORE/48/16/127/MOD/top-one",6250,4,1150.28
"DIVCORE/48/16/127/DIV/padded",6250,4,1141.47344
"DIVCORE/48/16/127/MOD/padded",6250,4,1127.2332799999999
"DIVCORE/64/16/17/DIV/normalized",5208,4,1614.3033794162827
"DIVCORE/64/16/17/MOD/normalized",5208,4,1586.861559139785
"DIVCORE/64/16/17/DIV/top-clear",5208,4,1734.1029185867897
"DIVCORE/64/16/17/MOD/top-clear",5208,4,1724.2864823348693
"DIVCORE/64/16/17/DIV/top-one",5208,4,1716.75
"DIVCORE/64/16/17/MOD/top-one",5208,4,1705.6130952380952
"DIVCORE/64/16/17/DIV/padded",5208,4,1637.0887096774193
"DIVCORE/64/16/17/MOD/padded",5208,4,1608.1589861751152
"DIVCORE/64/16/17/DIV/add-back",5208,4,1574.652841781874
"DIVCORE/64/16/17/MOD/add-back",5208,4,1541.218509984639
"DIVCORE/64/16/127/DIV/normalized",5208,4,1692.676267281106
"DIVCORE/64/16/127/MOD/normalized",5208,4,1666.986559139785
"DIVCORE/64/16/127/DIV/top-clear",5208,4,1731.4867511520738
"DIVCORE/64/16/127/MOD/top-clear",5208,4,1712.3095238095239
"DIVCORE/64/16/127/DIV/top-one",5208,4,1691.2763056835638
"DIVCORE/64/16/127/MOD/top-one",5208,4,1674.8673195084486
"DIVCORE/64/16/127/DIV/padded",5208,4,1711.78955453149
"DIVCORE/64/16/127/MOD/padded",5208,4,1686.9399001536099
"DIVCORE/1040/16/17/DIV/normalized",292,4,34282.106164383564
"DIVCORE/1040/16/17/MOD/normalized",293,4,34213.170648464162
"DIVCORE/1040/16/17/DIV/top-clear",272,4,36795.650735294119
"DIVCORE/1040/16/17/MOD/top-clear",272,4,36790.286764705881
"DIVCORE/1040/16/17/DIV/top-one",466,4,39083.603004291843
"DIVCORE/1040/16/17/MOD/top-one",466,4,38973.890557939914
"DIVCORE/1040/16/17/DIV/padded",288,4,34751.736111111109
"DIVCORE/1040/16/17/MOD/padded",289,4,34669.550173010379
"DIVCORE/1040/16/17/DIV/add-back",308,4,32514.337662337661
"DIVCORE/1040/16/17/MOD/add-back",309,4,32491.368932038837
"DIVCORE/1040/16/127/DIV/normalized",262,4,38268.767175572517
"DIVCORE/1040/16/127/MOD/normalized",466,4,38166.040772532186
"DIVCORE/1040/16/127/DIV/top-clear",466,4,39684.281115879829
"DIVCORE/1040/16/127/MOD/top-clear",254,4,40173.720472440946
"DIVCORE/1040/16/127/DIV/top-one",466,4,39454.130901287557
"DIVCORE/1040/16/127/MOD/top-one",256,4,38102.86328125
"DIVCORE/1040/16/127/DIV/padded",260,4,38884.934615384613
"DIVCORE/1040/16/127/MOD/padded",260,4,38718.43076923077
"DIVCORE/31/32/17/DIV/normalized",6329,4,7.1034918628535317
"DIVCORE/31/32/17/MOD/normalized",6329,4,5.7407173329119923
"DIVCORE/31/32/17/DIV/top-clear",6329,4,5.3983251698530577
"DIVCORE/31/32/17/MOD/top-clear",6329,4,5.3656185811344601
"DIVCORE/31/32/17/DIV/top-one",6329,4,5.3720966977405595
"DIVCORE/31/32/17/MOD/top-one",6329,4,5.3853689366408597
"DIVCORE/31/32/17/DIV/padded",6329,4,5.365460578290409
"DIVCORE/31/32/17/MOD/padded",6329,4,5.3918470532469582
"DIVCORE/31/32/127/DIV/normalized",6329,4,5.3588244588402594
"DIVCORE/31/32/127/MOD/normalized",6329,4,5.7999683994311901
"DIVCORE/31/32/127/DIV/top-clear",6329,4,5.3523463422341599
"DIVCORE/31/32/127/MOD/top-clear",6329,4,5.3983251698530577
"DIVCORE/31/32/127/DIV/top-one",6329,4,5.3458682256280614
"DIVCORE/31/32/127/MOD/top-one",6329,4,5.3787328171907092
"DIVCORE/31/32/127/DIV/padded",6329,4,5.3787328171907092
"DIVCORE/31/32/127/MOD/padded",6329,4,5.3983251698530577
"DIVCORE/32/32/17/DIV/normalized",6250,4,56.00656
"DIVCORE/32/32/17/MOD/normalized",6250,4,52.766719999999999
"DIVCORE/32/32/17/DIV/top-clear",6250,4,86.826719999999995
"DIVCORE/32/32/17/MOD/top-clear",6250,4,93.459999999999994
"DIVCORE/32/32/17/DIV/top-one",6250,4,85.533280000000005
"DIVCORE/32/32/17/MOD/top-one",6250,4,94.526719999999997
"DIVCORE/32/32/17/DIV/padded",6250,4,55.539999999999999
"DIVCORE/32/32/17/MOD/padded",6250,4,52.753279999999997
"DIVCORE/32/32/127/DIV/normalized",6250,4,55.526719999999997
"DIVCORE/32/32/127/MOD/normalized",6250,4,52.806719999999999
"DIVCORE/32/32/127/DIV/top-clear",6250,4,84.366720000000001
"DIVCORE/32/32/127/MOD/top-clear",6250,4,93.406720000000007
"DIVCORE/32/32/127/DIV/top-one",6250,4,86.58672
"DIVCORE/32/32/127/MOD/top-one",6250,4,99.186719999999994
"DIVCORE/32/32/127/DIV/padded",6250,4,56.053280000000001
"DIVCORE/32/32/127/MOD/padded",6250,4,52.840000000000003
"DIVCORE/33/32/17/DIV/normalized",6172,4,62.10158781594297
"DIVCORE/33/32/17/MOD/normalized",6172,4,58.118600129617626
"DIVCORE/33/32/17/DIV/top-clear",6172,4,138.83263123784835
"DIVCORE/33/32/17/MOD/top-clear",6172,4,147.35904082955281
"DIVCORE/33/32/17/DIV/top-one",6172,4,139.61568373298769
"DIVCORE/33/32/17/MOD/top-one",6172,4,148.99270900842515
"DIVCORE/33/32/17/DIV/padded",6172,4,60.251944264419961
"DIVCORE/33/32/17/MOD/padded",6172,4,58.138852883992222
"DIVCORE/33/32/17/DIV/add-back",6172,4,82.935029163966306
"DIVCORE/33/32/17/MOD/add-back",6172,4,78.560434219053789
"DIVCORE/33/32/127/DIV/normalized",6172,4,109.47294232015554
"DIVCORE/33/32/127/MOD/normalized",6172,4,105.91510045366169
"DIVCORE/33/32/127/DIV/top-clear",6172,4,139.12961762799742
"DIVCORE/33/32/127/MOD/top-clear",6172,4,147.93276085547635
"DIVCORE/33/32/127/DIV/top-one",6172,4,139.56173039533377
"DIVCORE/33/32/127/MOD/top-one",6172,4,147.93276085547635
"DIVCORE/33/32/127/DIV/padded",6172,4,110.48558003888529
"DIVCORE/33/32/127/MOD/padded",6172,4,106.73882047958523
"DIVCORE/64/32/17/DIV/normalized",4464,4,1801.9433243727599
"DIVCORE/64/32/17/MOD/normalized",4464,4,1786.8877688172042
"DIVCORE/64/32/17/DIV/top-clear",4464,4,1900.2670250896058
"DIVCORE/64/32/17/MOD/top-clear",4464,4,1899.6227598566309
"DIVCORE/64/32/17/DIV/top-one",4464,4,1855.016129032258
"DIVCORE/64/32/17/MOD/top-one",4464,4,1847.334229390681
"DIVCORE/64/32/17/DIV/padded",4464,4,1812.3039874551971
"DIVCORE/64/32/17/MOD/padded",4464,4,1789.0064964157707
"DIVCORE/64/32/17/DIV/add-back",4464,4,2105.0627240143367
"DIVCORE/64/32/17/MOD/add-back",4464,4,2074.6993727598565
"DIVCORE/64/32/127/DIV/normalized",4464,4,1805.7981630824372
"DIVCORE/64/32/127/MOD/normalized",4464,4,1780.8671594982079
"DIVCORE/64/32/127/DIV/top-clear",4464,4,1876.8761200716847
"DIVCORE/64/32/127/MOD/top-clear",4464,4,1879.7791218637992
"DIVCORE/64/32/127/DIV/top-one",4464,4,1875.989247311828
"DIVCORE/64/32/127/MOD/top-one",4464,4,1880.450940860215
"DIVCORE/64/32/127/DIV/padded",4464,4,1820.676523297491
"DIVCORE/64/32/127/MOD/padded",4464,4,1792.0306899641578
"DIVCORE/128/32/17/DIV/normalized",1830,4,5495.9699453551912
"DIVCORE/128/32/17/MOD/normalized",1829,4,5517.3592126845269
"DIVCORE/128/32/17/DIV/top-clear",2840,4,5762.0598591549297
"DIVCORE/128/32/17/MOD/top-clear",1761,4,5859.2180579216356
"DIVCORE/128/32/17/DIV/top-one",1894,4,5475.2286166842659
"DIVCORE/128/32/17/MOD/top-one",1888,4,5433.8146186440681
"DIVCORE/128/32/17/DIV/padded",2840,4,5535.4753521126759
"DIVCORE/128/32/17/MOD/padded",1814,4,5516.0099228224917
"DIVCORE/128/32/17/DIV/add-back",1608,4,6247.5640547263683
"DIVCORE/128/32/17/MOD/add-back",1610,4,6237.6813664596275
"DIVCORE/128/32/127/DIV/normalized",2840,4,5320.9799295774646
"DIVCORE/128/32/127/MOD/normalized",1879,4,5422.2767429483765
"DIVCORE/128/32/127/DIV/top-clear",1791,4,5571.026242322725
"DIVCORE/128/32/127/MOD/top-clear",2840,4,5582.5116197183097
"DIVCORE/128/32/127/DIV/top-one",1815,4,5518.939393939394
"DIVCORE/128/32/127/MOD/top-one",2840,4,5524.7799295774648
"DIVCORE/128/32/127/DIV/padded",2840,4,5375.5133802816899
"DIVCORE/128/32/127/MOD/padded",2840,4,5357.1010563380278
"DIVCORE/1056/32/17/DIV/normalized",165,4,61272.472727272725
"DIVCORE/1056/32/17/MOD/normalized",165,4,61049.242424242424
"DIVCORE/1056/32/17/DIV/top-clear",165,4,61006.060606060608
"DIVCORE/1056/32/17/MOD/top-clear",165,4,61144.442424242421
"DIVCORE/1056/32/17/DIV/top-one",358,4,55650.256983240222
"DIVCORE/1056/32/17/MOD/top-one",180,4,55660.87777777778
"DIVCORE/1056/32/17/DIV/padded",163,4,61667.435582822087
"DIVCORE/1056/32/17/MOD/padded",163,4,61642.380368098158
"DIVCORE/1056/32/17/DIV/add-back",152,4,65880.203947368427
"DIVCORE/1056/32/17/MOD/add-back",304,4,65788.101973684214
"DIVCORE/1056/32/127/DIV/normalized",176,4,56998.107954545456
"DIVCORE/1056/32/127/MOD/normalized",350,4,57236.30857142857
"DIVCORE/1056/32/127/DIV/top-clear",164,4,61425.048780487807
"DIVCORE/1056/32/127/MOD/top-clear",163,4,61425.355828220861
"DIVCORE/1056/32/127/DIV/top-one",162,4,62079.728395061727
"DIVCORE/1056/32/127/MOD/top-one",324,4,62117.410493827163
"DIVCORE/1056/32/127/DIV/padded",174,4,57604.402298850575
"DIVCORE/1056/32/127/MOD/padded",174,4,57564.178160919539
"DIVCORE/63/64/17/DIV/normalized",3496,4,5.6135583524027464
"DIVCORE/63/64/17/MOD/normalized",3496,4,5.3632723112128149
"DIVCORE/63/64/17/DIV/top-clear",3496,4,5.4822654462242566
"DIVCORE/63/64/17/MOD/top-clear",3496,4,5.4347826086956523
"DIVCORE/63/64/17/DIV/top-one",3496,4,5.4942791762013732
"DIVCORE/63/64/17/MOD/top-one",3496,4,5.7088100686498855
"DIVCORE/63/64/17/DIV/padded",3496,4,5.4110411899313497
"DIVCORE/63/64/17/MOD/padded",3496,4,5.3872997711670481
"DIVCORE/63/64/127/DIV/normalized",3496,4,5.4227688787185357
"DIVCORE/63/64/127/MOD/normalized",3496,4,5.3392448512585808
"DIVCORE/63/64/127/DIV/top-clear",3496,4,5.3870137299771166
"DIVCORE/63/64/127/MOD/top-clear",3496,4,5.3157894736842106
"DIVCORE/63/64/127/DIV/top-one",3496,4,5.3752860411899315
"DIVCORE/63/64/127/MOD/top-one",3496,4,5.3395308924485123
"DIVCORE/63/64/127/DIV/padded",3496,4,5.3632723112128149
"DIVCORE/63/64/127/MOD/padded",3496,4,5.3752860411899315
"DIVCORE/64/64/17/DIV/normalized",3472,4,19.09302995391705
"DIVCORE/64/64/17/MOD/normalized",3472,4,13.65697004608295
"DIVCORE/64/64/17/DIV/top-clear",3472,4,155.93807603686636
"DIVCORE/64/64/17/MOD/top-clear",3472,4,180.16733870967741
"DIVCORE/64/64/17/DIV/top-one",3472,4,157.57027649769586
"DIVCORE/64/64/17/MOD/top-one",3472,4,181.71572580645162
"DIVCORE/64/64/17/DIV/padded",3472,4,19.129032258064516
"DIVCORE/64/64/17/MOD/padded",3472,4,13.668778801843319
"DIVCORE/64/64/127/DIV/normalized",3472,4,97.002016129032256
"DIVCORE/64/64/127/MOD/normalized",3472,4,93.497983870967744
"DIVCORE/64/64/127/DIV/top-clear",3472,4,156.61002304147465
"DIVCORE/64/64/127/MOD/top-clear",3472,4,179.87932027649771
"DIVCORE/64/64/127/DIV/top-one",3472,4,157.55817972350229
"DIVCORE/64/64/127/MOD/top-one",3472,4,182.05155529953916
"DIVCORE/64/64/127/DIV/padded",3472,4,97.914170506912441
"DIVCORE/64/64/127/MOD/padded",3472,4,93.101958525345623
"DIVCORE/65/64/17/DIV/normalized",3448,4,196.10411832946636
"DIVCORE/65/64/17/MOD/normalized",3448,4,186.47273781902553
"DIVCORE/65/64/17/DIV/top-clear",3448,4,252.94866589327145
"DIVCORE/65/64/17/MOD/top-clear",3448,4,275.29234338747102
"DIVCORE/65/64/17/DIV/top-one",3448,4,254.18097447795824
"DIVCORE/65/64/17/MOD/top-one",3448,4,276.10208816705335
"DIVCORE/65/64/17/DIV/padded",3448,4,194.75058004640371
"DIVCORE/65/64/17/MOD/padded",3448,4,186.72650812064964
"DIVCORE/65/64/17/DIV/add-back",3448,4,153.59164733178653
"DIVCORE/65/64/17/MOD/add-back",3448,4,148.93909512761022
"DIVCORE/65/64/127/DIV/normalized",3448,4,189.94112529002319
"DIVCORE/65/64/127/MOD/normalized",3448,4,184.5635150812065
"DIVCORE/65/64/127/DIV/top-clear",3448,4,253.75812064965197
"DIVCORE/65/64/127/MOD/top-clear",3448,4,275.20765661252898
"DIVCORE/65/64/127/DIV/top-one",3448,4,254.3022041763341
"DIVCORE/65/64/127/MOD/top-one",3448,4,277.79379350348029
"DIVCORE/65/64/127/DIV/padded",3448,4,191.94692575406032
"DIVCORE/65/64/127/MOD/padded",3448,4,184.91415313225059
"DIVCORE/96/64/17/DIV/normalized",2840,4,3100.6897887323944
"DIVCORE/96/64/17/MOD/normalized",2840,4,3069.9968309859155
"DIVCORE/96/64/17/DIV/top-clear",2840,4,3349.8091549295773
"DIVCORE/96/64/17/MOD/top-clear",2840,4,3358.0105633802818
"DIVCORE/96/64/17/DIV/top-one",2840,4,3259.2721830985915
"DIVCORE/96/64/17/MOD/top-one",2840,4,3257.2327464788732
"DIVCORE/96/64/17/DIV/padded",2840,4,3117.7080985915495
"DIVCORE/96/64/17/MOD/padded",2840,4,3086.0623239436618
"DIVCORE/96/64/17/DIV/add-back",2840,4,4330.2376760563384
"DIVCORE/96/64/17/MOD/add-back",2330,4,4291.3982832618021
"DIVCORE/96/64/127/DIV/normalized",2840,4,3099.9411971830987
"DIVCORE/96/64/127/MOD/normalized",2840,4,3088.8499999999999
"DIVCORE/96/64/127/DIV/top-clear",2840,4,3243.6915492957746
"DIVCORE/96/64/127/MOD/top-clear",2840,4,3251.5404929577467
"DIVCORE/96/64/127/DIV/top-one",2840,4,3297.4767605633801
"DIVCORE/96/64/127/MOD/top-one",2840,4,3313.0133802816899
"DIVCORE/96/64/127/DIV/padded",2840,4,3130.5165492957744
"DIVCORE/96/64/127/MOD/padded",2840,4,3100.3080985915494
"DIVCORE/128/64/17/DIV/normalized",1587,4,6287.7548834278514
"DIVCORE/128/64/17/MOD/normalized",1597,4,6246.9993738259236
"DIVCORE/128/64/17/DIV/top-clear",1592,4,6287.7669597989952
"DIVCORE/128/64/17/MOD/top-clear",1593,4,6287.2460765850592
"DIVCORE/128/64/17/DIV/top-one",1555,4,6473.4726688102892
"DIVCORE/128/64/17/MOD/top-one",1553,4,6454.6039922730197
"DIVCORE/128/64/17/DIV/padded",1584,4,6343.75
"DIVCORE/128/64/17/MOD/padded",2403,4,6294.4585934248853
"DIVCORE/128/64/17/DIV/add-back",1165,4,8595.6008583690982
"DIVCORE/128/64/17/MOD/add-back",2334,4,8562.9995715509849
"DIVCORE/128/64/127/DIV/normalized",2403,4,6270.0790678318772
"DIVCORE/128/64/127/MOD/normalized",2403,4,6267.1310861423217
"DIVCORE/128/64/127/DIV/top-clear",1541,4,6508.2738481505512
"DIVCORE/128/64/127/MOD/top-clear",1535,4,6515.3908794788276
"DIVCORE/128/64/127/DIV/top-one",1553,4,6471.0779137153895
"DIVCORE/128/64/127/MOD/top-one",1548,4,6456.6912144702846
"DIVCORE/128/64/127/DIV/padded",1597,4,6296.0237946149027
"DIVCORE/128/64/127/MOD/padded",1603,4,6248.6219588271988
"DIVCORE/256/64/17/DIV/normalized",1024,4,19095.78515625
"DIVCORE/256/64/17/MOD/normalized",1024,4,19142.7412109375
"DIVCORE/256/64/17/DIV/top-clear",1024,4,18743.0830078125
"DIVCORE/256/64/17/MOD/top-clear",1024,4,18738.8916015625
"DIVCORE/256/64/17/DIV/top-one",1024,4,19464.7626953125
"DIVCORE/256/64/17/MOD/top-one",1024,4,19390.2587890625
"DIVCORE/256/64/17/DIV/padded",1024,4,20153.1572265625
"DIVCORE/256/64/17/MOD/padded",1024,4,20186.8486328125
"DIVCORE/256/64/17/DIV/add-back",774,4,25663.974160206719
"DIVCORE/256/64/17/MOD/add-back",391,4,25685.741687979538
"DIVCORE/256/64/127/DIV/normalized",1024,4,19043.0908203125
"DIVCORE/256/64/127/MOD/normalized",1024,4,19022.5830078125
"DIVCORE/256/64/127/DIV/top-clear",1024,4,19030.8017578125
"DIVCORE/256/64/127/MOD/top-clear",1024,4,19073.9345703125
"DIVCORE/256/64/127/DIV/top-one",1024,4,19166.5849609375
"DIVCORE/256/64/127/MOD/top-one",1024,4,19186.4013671875
"DIVCORE/256/64/127/DIV/padded",1024,4,19117.1875
"DIVCORE/256/64/127/MOD/padded",1024,4,19097.6162109375
"DIVCORE/1088/64/17/DIV/normalized",128,4,103364.5859375
"DIVCORE/1088/64/17/MOD/normalized",128,4,103332.6796875
"DIVCORE/1088/64/17/DIV/top-clear",128,4,99037.4375
"DIVCORE/1088/64/17/MOD/top-clear",128,4,98972.984375
"DIVCORE/1088/64/17/DIV/top-one",128,4,104813.4765625
"DIVCORE/1088/64/17/MOD/top-one",128,4,103448.2421875
"DIVCORE/1088/64/17/DIV/padded",128,4,105289.7109375
"DIVCORE/1088/64/17/MOD/padded",128,4,103430.6640625
"DIVCORE/1088/64/17/DIV/add-back",128,4,136717.125
"DIVCORE/1088/64/17/MOD/add-back",128,4,136932.9453125
"DIVCORE/1088/64/127/DIV/normalized",128,4,102638.671875
"DIVCORE/1088/64/127/MOD/normalized",128,4,102329.4296875
"DIVCORE/1088/64/127/DIV/top-clear",128,4,101287.109375
"DIVCORE/1088/64/127/MOD/top-clear",128,4,101345.0546875
"DIVCORE/1088/64/127/DIV/top-one",128,4,101250.328125
"DIVCORE/1088/64/127/MOD/top-one",128,4,101000.328125
"DIVCORE/1088/64/127/DIV/padded",128,4,102864.90625
"DIVCORE/1088/64/127/MOD/padded",128,4,102730.46875
"DIVCORE/65536/64/17/DIV/normalized",2,4,6612771
"DIVCORE/65536/64/17/MOD/normalized",2,4,6604458
"DIVCORE/65536/64/17/DIV/top-one",2,4,6622125
"DIVCORE/65536/64/17/MOD/top-one",2,4,6616875
"DIVCORE/65536/64/17/DIV/add-back",2,4,8743791.5
"DIVCORE/65536/64/17/MOD/add-back",2,4,8729875
"DIVCORE/500000/64/17/DIV/normalized",1,4,50557625
"DIVCORE/500000/64/17/MOD/normalized",1,4,50433417
"DIVCORE/500000/64/17/DIV/top-one",1,4,50594875
"DIVCORE/500000/64/17/MOD/top-one",1,4,50511917
"DIVCORE/500000/64/17/DIV/add-back",1,4,66752625
"DIVCORE/500000/64/17/MOD/add-back",1,4,66662250
"DIVCORE/127/128/17/DIV/normalized",1845,4,5.7138211382113822
"DIVCORE/127/128/17/MOD/normalized",1845,4,5.4428184281842817
"DIVCORE/127/128/17/DIV/top-clear",1845,4,5.9620596205962055
"DIVCORE/127/128/17/MOD/top-clear",1845,4,5.3300813008130081
"DIVCORE/127/128/17/DIV/top-one",1845,4,5.3750677506775064
"DIVCORE/127/128/17/MOD/top-one",1845,4,5.8493224932249319
"DIVCORE/127/128/17/DIV/padded",1845,4,5.4878048780487809
"DIVCORE/127/128/17/MOD/padded",1845,4,5.3300813008130081
"DIVCORE/127/128/127/DIV/normalized",1845,4,5.4200542005420056
"DIVCORE/127/128/127/MOD/normalized",1845,4,5.3523035230352303
"DIVCORE/127/128/127/DIV/top-clear",1845,4,5.9620596205962055
"DIVCORE/127/128/127/MOD/top-clear",1845,4,5.8943089430894311
"DIVCORE/127/128/127/DIV/top-one",1845,4,5.4200542005420056
"DIVCORE/127/128/127/MOD/top-one",1845,4,5.3523035230352303
"DIVCORE/127/128/127/DIV/padded",1845,4,5.3978319783197835
"DIVCORE/127/128/127/MOD/padded",1845,4,5.3523035230352303
"DIVCORE/128/128/17/DIV/normalized",1838,4,26.523394994559304
"DIVCORE/128/128/17/MOD/normalized",1838,4,13.737758433079435
"DIVCORE/128/128/17/DIV/top-clear",1838,4,318.41675734494015
"DIVCORE/128/128/17/MOD/top-clear",1838,4,371.84874863982589
"DIVCORE/128/128/17/DIV/top-one",1838,4,314.15505984766048
"DIVCORE/128/128/17/MOD/top-one",1838,4,370.62459194776932
"DIVCORE/128/128/17/DIV/padded",1838,4,27.29379760609358
"DIVCORE/128/128/17/MOD/padded",1838,4,13.715451577801959
"DIVCORE/128/128/127/DIV/normalized",1838,4,188.8601741022851
"DIVCORE/128/128/127/MOD/normalized",1838,4,181.99129488574536
"DIVCORE/128/128/127/DIV/top-clear",1838,4,313.81501632208921
"DIVCORE/128/128/127/MOD/top-clear",1838,4,370.33025027203485
"DIVCORE/128/128/127/DIV/top-one",1838,4,314.92546245919476
"DIVCORE/128/128/127/MOD/top-one",1838,4,372.73286180631123
"DIVCORE/128/128/127/DIV/padded",1838,4,188.81501632208924
"DIVCORE/128/128/127/MOD/padded",1838,4,185.48258977149075
"DIVCORE/129/128/17/DIV/normalized",1831,4,366.69415619879845
"DIVCORE/129/128/17/MOD/normalized",1831,4,358.27416712179138
"DIVCORE/129/128/17/DIV/top-clear",1831,4,496.5182960131076
"DIVCORE/129/128/17/MOD/top-clear",1831,4,542.64500273074827
"DIVCORE/129/128/17/DIV/top-one",1831,4,486.4374658656472
"DIVCORE/129/128/17/MOD/top-one",1831,4,541.98525395958495
"DIVCORE/129/128/17/DIV/padded",1831,4,367.69524849808846
"DIVCORE/129/128/17/MOD/padded",1831,4,359.41179683233207
"DIVCORE/129/128/17/DIV/add-back",1831,4,309.89459311851448
"DIVCORE/129/128/17/MOD/add-back",1831,4,303.40851993446205
"DIVCORE/129/128/127/DIV/normalized",1831,4,366.2845439650464
"DIVCORE/129/128/127/MOD/normalized",1831,4,358.11469142545059
"DIVCORE/129/128/127/DIV/top-clear",1831,4,486.20972146368103
"DIVCORE/129/128/127/MOD/top-clear",1831,4,542.59967231021301
"DIVCORE/129/128/127/DIV/top-one",1831,4,487.64336428181321
"DIVCORE/129/128/127/MOD/top-one",1831,4,544.16985253959581
"DIVCORE/129/128/127/DIV/padded",1831,4,366.35281267067177
"DIVCORE/129/128/127/MOD/padded",1831,4,359.41179683233207
"DIVCORE/160/128/17/DIV/normalized",1644,4,5817.5942822384432
"DIVCORE/160/128/17/MOD/normalized",1644,4,5799.5991484184915
"DIVCORE/160/128/17/DIV/top-clear",1633,4,6127.8579301898344
"DIVCORE/160/128/17/MOD/top-clear",1644,4,6193.4811435523116
"DIVCORE/160/128/17/DIV/top-one",1644,4,6081.2804136253044
"DIVCORE/160/128/17/MOD/top-one",1644,4,6131.4628953771289
"DIVCORE/160/128/17/DIV/padded",1644,4,5833.0541362530412
"DIVCORE/160/128/17/MOD/padded",1644,4,5804.4653284671531
"DIVCORE/160/128/17/DIV/add-back",1114,4,8969.1050269299812
"DIVCORE/160/128/17/MOD/add-back",1121,4,8931.7948260481717
"DIVCORE/160/128/127/DIV/normalized",1644,4,5828.7968369829687
"DIVCORE/160/128/127/MOD/normalized",1644,4,5786.8260340632605
"DIVCORE/160/128/127/DIV/top-clear",1644,4,6045.468369829684
"DIVCORE/160/128/127/MOD/top-clear",1644,4,6099.2244525547449
"DIVCORE/160/128/127/DIV/top-one",1644,4,6210.6654501216544
"DIVCORE/160/128/127/MOD/top-one",1644,4,6235.781630170316
"DIVCORE/160/128/127/DIV/padded",1644,4,5848.0839416058398
"DIVCORE/160/128/127/MOD/padded",1644,4,5800.1313868613142
"DIVCORE/256/128/17/DIV/normalized",866,4,22994.034642032333
"DIVCORE/256/128/17/MOD/normalized",870,4,22977.53908045977
"DIVCORE/256/128/17/DIV/top-clear",428,4,23397.780373831774
"DIVCORE/256/128/17/MOD/top-clear",427,4,23411.592505854802
"DIVCORE/256/128/17/DIV/top-one",427,4,23476.093676814988
"DIVCORE/256/128/17/MOD/top-one",848,4,23570.852594339623
"DIVCORE/256/128/17/DIV/padded",435,4,23121.455172413793
"DIVCORE/256/128/17/MOD/padded",868,4,23053.907834101381
"DIVCORE/256/128/17/DIV/add-back",280,4,35665.478571428568
"DIVCORE/256/128/17/MOD/add-back",560,4,35658.18392857143
"DIVCORE/256/128/127/DIV/normalized",866,4,23174.750577367206
"DIVCORE/256/128/127/MOD/normalized",433,4,23129.0415704388
"DIVCORE/256/128/127/DIV/top-clear",854,4,23313.670960187355
"DIVCORE/256/128/127/MOD/top-clear",430,4,23410.948837209304
"DIVCORE/256/128/127/DIV/top-one",836,4,23897.977272727272
"DIVCORE/256/128/127/MOD/top-one",418,4,24024.322966507178
"DIVCORE/256/128/127/DIV/padded",432,4,23177.372685185186
"DIVCORE/256/128/127/MOD/padded",433,4,23165.221709006928
"DIVCORE/512/128/17/DIV/normalized",145,4,69297.703448275861
"DIVCORE/512/128/17/MOD/normalized",145,4,69218.103448275855
"DIVCORE/512/128/17/DIV/top-clear",288,4,69441.986111111109
"DIVCORE/512/128/17/MOD/top-clear",145,4,69477.868965517235
"DIVCORE/512/128/17/DIV/top-one",286,4,70050.262237762232
"DIVCORE/512/128/17/MOD/top-one",143,4,69974.944055944055
"DIVCORE/512/128/17/DIV/padded",145,4,69355.744827586212
"DIVCORE/512/128/17/MOD/padded",144,4,69504.340277777781
"DIVCORE/512/128/17/DIV/add-back",128,4,107067.7109375
"DIVCORE/512/128/17/MOD/add-back",128,4,106968.1015625
"DIVCORE/512/128/127/DIV/normalized",145,4,68972.131034482765
"DIVCORE/512/128/127/MOD/normalized",146,4,68959.760273972599
"DIVCORE/512/128/127/DIV/top-clear",146,4,69070.486301369863
"DIVCORE/512/128/127/MOD/top-clear",145,4,68947.696551724133
"DIVCORE/512/128/127/DIV/top-one",141,4,71216.014184397165
"DIVCORE/512/128/127/MOD/top-one",141,4,71860.219858156022
"DIVCORE/512/128/127/DIV/padded",145,4,69273.565517241383
"DIVCORE/512/128/127/MOD/padded",145,4,69162.068965517246
"DIVCORE/1152/128/17/DIV/normalized",54,4,185422.05555555556
"DIVCORE/1152/128/17/MOD/normalized",54,4,185734.57407407407
"DIVCORE/1152/128/17/DIV/top-clear",55,4,185036.36363636365
"DIVCORE/1152/128/17/MOD/top-clear",108,4,185462.96296296295
"DIVCORE/1152/128/17/DIV/top-one",106,4,185792.45283018867
"DIVCORE/1152/128/17/MOD/top-one",54,4,186226.07407407407
"DIVCORE/1152/128/17/DIV/padded",54,4,185927.46296296295
"DIVCORE/1152/128/17/MOD/padded",54,4,187478.38888888888
"DIVCORE/1152/128/17/DIV/add-back",35,4,286058.3142857143
"DIVCORE/1152/128/17/MOD/add-back",36,4,287052.08333333331
"DIVCORE/1152/128/127/DIV/normalized",55,4,185403.01818181819
"DIVCORE/1152/128/127/MOD/normalized",108,4,184288.96296296295
"DIVCORE/1152/128/127/DIV/top-clear",55,4,183574.23636363636
"DIVCORE/1152/128/127/MOD/top-clear",55,4,183402.27272727274
"DIVCORE/1152/128/127/DIV/top-one",53,4,189661.94339622642
"DIVCORE/1152/128/127/MOD/top-one",53,4,189312.09433962265
"DIVCORE/1152/128/127/DIV/padded",55,4,184734.09090909091
"DIVCORE/1152/128/127/MOD/padded",55,4,184544.69090909092
"DIVCORE/255/256/17/DIV/normalized",948,4,5.6698312236286919
"DIVCORE/255/256/17/MOD/normalized",948,4,5.5822784810126587
"DIVCORE/255/256/17/DIV/top-clear",948,4,5.537974683544304
"DIVCORE/255/256/17/MOD/top-clear",948,4,5.4936708860759493
"DIVCORE/255/256/17/DIV/top-one",948,4,5.537974683544304
"DIVCORE/255/256/17/MOD/top-one",948,4,5.4504219409282699
"DIVCORE/255/256/17/DIV/padded",948,4,5.5822784810126587
"DIVCORE/255/256/17/MOD/padded",948,4,5.8449367088607591
"DIVCORE/255/256/127/DIV/normalized",948,4,5.6255274261603372
"DIVCORE/255/256/127/MOD/normalized",948,4,5.8892405063291138
"DIVCORE/255/256/127/DIV/top-clear",948,4,5.7130801687763713
"DIVCORE/255/256/127/MOD/top-clear",948,4,5.4504219409282699
"DIVCORE/255/256/127/DIV/top-one",948,4,5.5822784810126587
"DIVCORE/255/256/127/MOD/top-one",948,4,5.4061181434599153
"DIVCORE/255/256/127/DIV/padded",948,4,5.4936708860759493
"DIVCORE/255/256/127/MOD/padded",948,4,5.5822784810126587
"DIVCORE/256/256/17/DIV/normalized",946,4,359.67230443974631
"DIVCORE/256/256/17/MOD/normalized",946,4,345.71035940803381
"DIVCORE/256/256/17/DIV/top-clear",946,4,613.90063424947141
"DIVCORE/256/256/17/MOD/top-clear",946,4,712.69344608879487
"DIVCORE/256/256/17/DIV/top-one",946,4,619.67019027484139
"DIVCORE/256/256/17/MOD/top-one",946,4,724.85095137420717
"DIVCORE/256/256/17/DIV/padded",946,4,359.49577167019027
"DIVCORE/256/256/17/MOD/padded",946,4,345.66596194503171
"DIVCORE/256/256/127/DIV/normalized",946,4,359.05602536997884
"DIVCORE/256/256/127/MOD/normalized",946,4,345.40169133192387
"DIVCORE/256/256/127/DIV/top-clear",946,4,616.76321353065543
"DIVCORE/256/256/127/MOD/top-clear",946,4,718.77167019027479
"DIVCORE/256/256/127/DIV/top-one",946,4,616.01479915433401
"DIVCORE/256/256/127/MOD/top-one",946,4,715.77695560253699
"DIVCORE/256/256/127/DIV/padded",946,4,359.18816067653279
"DIVCORE/256/256/127/MOD/padded",946,4,345.49048625792813
"DIVCORE/257/256/17/DIV/normalized",945,4,693.78306878306876
"DIVCORE/257/256/17/MOD/normalized",945,4,680.02645502645498
"DIVCORE/257/256/17/DIV/top-clear",945,4,941.40211640211635
"DIVCORE/257/256/17/MOD/top-clear",945,4,1050.9703703703703
"DIVCORE/257/256/17/DIV/top-one",945,4,946.82539682539687
"DIVCORE/257/256/17/MOD/top-one",945,4,1057.0994708994708
"DIVCORE/257/256/17/DIV/padded",945,4,693.87089947089942
"DIVCORE/257/256/17/MOD/padded",945,4,680.4232804232804
"DIVCORE/257/256/17/DIV/add-back",945,4,597.75132275132273
"DIVCORE/257/256/17/MOD/add-back",945,4,585.71428571428567
"DIVCORE/257/256/127/DIV/normalized",945,4,696.38412698412696
"DIVCORE/257/256/127/MOD/normalized",945,4,676.93968253968251
"DIVCORE/257/256/127/DIV/top-clear",945,4,941.26984126984132
"DIVCORE/257/256/127/MOD/top-clear",945,4,1047.2666666666667
"DIVCORE/257/256/127/DIV/top-one",945,4,945.194708994709
"DIVCORE/257/256/127/MOD/top-one",945,4,1096.0761904761905
"DIVCORE/257/256/127/DIV/padded",945,4,703.08571428571429
"DIVCORE/257/256/127/MOD/padded",945,4,677.11640211640213
"DIVCORE/288/256/17/DIV/normalized",892,4,10846.88004484305
"DIVCORE/288/256/17/MOD/normalized",892,4,10820.90807174888
"DIVCORE/288/256/17/DIV/top-clear",892,4,11377.569506726457
"DIVCORE/288/256/17/MOD/top-clear",892,4,11436.238789237668
"DIVCORE/288/256/17/DIV/top-one",892,4,11460.902466367714
"DIVCORE/288/256/17/MOD/top-one",892,4,11539.143497757848
"DIVCORE/288/256/17/DIV/padded",892,4,10864.957399103139
"DIVCORE/288/256/17/MOD/padded",892,4,10811.986547085202
"DIVCORE/288/256/17/DIV/add-back",892,4,17854.2600896861
"DIVCORE/288/256/17/MOD/add-back",892,4,17848.934977578476
"DIVCORE/288/256/127/DIV/normalized",892,4,11143.45067264574
"DIVCORE/288/256/127/MOD/normalized",892,4,11119.580717488789
"DIVCORE/288/256/127/DIV/top-clear",892,4,11239.209641255606
"DIVCORE/288/256/127/MOD/top-clear",892,4,11319.599775784753
"DIVCORE/288/256/127/DIV/top-one",892,4,11444.226457399103
"DIVCORE/288/256/127/MOD/top-one",892,4,11516.535874439462
"DIVCORE/288/256/127/DIV/padded",892,4,11202.261210762332
"DIVCORE/288/256/127/MOD/padded",892,4,11151.532511210762
"DIVCORE/512/256/17/DIV/normalized",128,4,86664.3828125
"DIVCORE/512/256/17/MOD/normalized",128,4,86644.8515625
"DIVCORE/512/256/17/DIV/top-clear",128,4,86958.3359375
"DIVCORE/512/256/17/MOD/top-clear",128,4,86834.9609375
"DIVCORE/512/256/17/DIV/top-one",128,4,87861.9765625
"DIVCORE/512/256/17/MOD/top-one",128,4,88103.84375
"DIVCORE/512/256/17/DIV/padded",128,4,86802.734375
"DIVCORE/512/256/17/MOD/padded",128,4,86779.296875
"DIVCORE/512/256/17/DIV/add-back",128,4,142620.1171875
"DIVCORE/512/256/17/MOD/add-back",128,4,142707.359375
"DIVCORE/512/256/127/DIV/normalized",128,4,86396.8125
"DIVCORE/512/256/127/MOD/normalized",128,4,86375
"DIVCORE/512/256/127/DIV/top-clear",128,4,85583.0078125
"DIVCORE/512/256/127/MOD/top-clear",128,4,85777.671875
"DIVCORE/512/256/127/DIV/top-one",128,4,87176.109375
"DIVCORE/512/256/127/MOD/top-one",128,4,87530.9296875
"DIVCORE/512/256/127/DIV/padded",128,4,86526.0390625
"DIVCORE/512/256/127/MOD/padded",128,4,86505.53125
"DIVCORE/1024/256/17/DIV/normalized",39,4,259608.97435897434
"DIVCORE/1024/256/17/MOD/normalized",39,4,260112.1794871795
"DIVCORE/1024/256/17/DIV/top-clear",39,4,258082.25641025641
"DIVCORE/1024/256/17/MOD/top-clear",39,4,258175.20512820513
"DIVCORE/1024/256/17/DIV/top-one",39,4,262378.20512820513
"DIVCORE/1024/256/17/MOD/top-one",39,4,262096.15384615384
"DIVCORE/1024/256/17/DIV/padded",39,4,260778.84615384616
"DIVCORE/1024/256/17/MOD/padded",39,4,260644.23076923078
"DIVCORE/1024/256/17/DIV/add-back",24,4,427267.375
"DIVCORE/1024/256/17/MOD/add-back",24,4,428637.16666666669
"DIVCORE/1024/256/127/DIV/normalized",39,4,258731.84615384616
"DIVCORE/1024/256/127/MOD/normalized",39,4,258690.1794871795
"DIVCORE/1024/256/127/DIV/top-clear",40,4,255098.97500000001
"DIVCORE/1024/256/127/MOD/top-clear",40,4,255546.875
"DIVCORE/1024/256/127/DIV/top-one",39,4,259974.35897435897
"DIVCORE/1024/256/127/MOD/top-one",39,4,260061.97435897434
"DIVCORE/1024/256/127/DIV/padded",39,4,259042.71794871794
"DIVCORE/1024/256/127/MOD/padded",39,4,259005.33333333334
"DIVCORE/1280/256/17/DIV/normalized",29,4,347193.96551724139
"DIVCORE/1280/256/17/MOD/normalized",29,4,346422.41379310342
"DIVCORE/1280/256/17/DIV/top-clear",30,4,343597.20000000001
"DIVCORE/1280/256/17/MOD/top-clear",30,4,344933.33333333331
"DIVCORE/1280/256/17/DIV/top-one",29,4,348837.62068965519
"DIVCORE/1280/256/17/MOD/top-one",29,4,349035.89655172412
"DIVCORE/1280/256/17/DIV/padded",29,4,346465.5172413793
"DIVCORE/1280/256/17/MOD/padded",29,4,346985.62068965519
"DIVCORE/1280/256/17/DIV/add-back",18,4,569629.61111111112
"DIVCORE/1280/256/17/MOD/add-back",18,4,569976.83333333337
"DIVCORE/1280/256/127/DIV/normalized",29,4,345653.72413793101
"DIVCORE/1280/256/127/MOD/normalized",29,4,345344.8275862069
"DIVCORE/1280/256/127/DIV/top-clear",30,4,340577.76666666666
"DIVCORE/1280/256/127/MOD/top-clear",30,4,340472.23333333334
"DIVCORE/1280/256/127/DIV/top-one",29,4,346567.5172413793
"DIVCORE/1280/256/127/MOD/top-one",29,4,347943.96551724139
"DIVCORE/1280/256/127/DIV/padded",29,4,345803.1724137931
"DIVCORE/1280/256/127/MOD/padded",29,4,345678.1724137931
"DIVCORE/1023/1024/17/DIV/normalized",484,4,5.5950413223140494
"DIVCORE/1023/1024/17/MOD/normalized",484,4,5.5082644628099171
"DIVCORE/1023/1024/17/DIV/top-clear",484,4,5.4235537190082646
"DIVCORE/1023/1024/17/MOD/top-clear",484,4,5.4214876033057848
"DIVCORE/1023/1024/17/DIV/top-one",484,4,5.5103305785123968
"DIVCORE/1023/1024/17/MOD/top-one",484,4,5.5103305785123968
"DIVCORE/1023/1024/17/DIV/padded",484,4,5.4214876033057848
"DIVCORE/1023/1024/17/MOD/padded",484,4,5.4214876033057848
"DIVCORE/1023/1024/127/DIV/normalized",484,4,5.338842975206612
"DIVCORE/1023/1024/127/MOD/normalized",484,4,5.6818181818181817
"DIVCORE/1023/1024/127/DIV/top-clear",484,4,5.5082644628099171
"DIVCORE/1023/1024/127/MOD/top-clear",484,4,5.4214876033057848
"DIVCORE/1023/1024/127/DIV/top-one",484,4,5.5082644628099171
"DIVCORE/1023/1024/127/MOD/top-one",484,4,5.3367768595041323
"DIVCORE/1023/1024/127/DIV/padded",484,4,5.4235537190082646
"DIVCORE/1023/1024/127/MOD/padded",484,4,5.5950413223140494
"DIVCORE/1024/1024/17/DIV/normalized",242,4,116.21900826446281
"DIVCORE/1024/1024/17/MOD/normalized",242,4,14.462809917355372
"DIVCORE/1024/1024/17/DIV/top-clear",242,4,2504.9917355371899
"DIVCORE/1024/1024/17/MOD/top-clear",242,4,2875.1735537190084
"DIVCORE/1024/1024/17/DIV/top-one",242,4,2390.8388429752067
"DIVCORE/1024/1024/17/MOD/top-one",242,4,2875
"DIVCORE/1024/1024/17/DIV/padded",242,4,116.39256198347107
"DIVCORE/1024/1024/17/MOD/padded",242,4,14.979338842975206
"DIVCORE/1024/1024/127/DIV/normalized",242,4,116.38842975206612
"DIVCORE/1024/1024/127/MOD/normalized",242,4,14.636363636363637
"DIVCORE/1024/1024/127/DIV/top-clear",242,4,2383.7809917355371
"DIVCORE/1024/1024/127/MOD/top-clear",242,4,2877.409090909091
"DIVCORE/1024/1024/127/DIV/top-one",242,4,2377.5826446280994
"DIVCORE/1024/1024/127/MOD/top-one",242,4,2754.1322314049585
"DIVCORE/1024/1024/127/DIV/padded",242,4,117.42148760330579
"DIVCORE/1024/1024/127/MOD/padded",242,4,14.462809917355372
"DIVCORE/1025/1024/17/DIV/normalized",242,4,1430.9586776859503
"DIVCORE/1025/1024/17/MOD/normalized",242,4,1304.2355371900826
"DIVCORE/1025/1024/17/DIV/top-clear",242,4,3762.0537190082646
"DIVCORE/1025/1024/17/MOD/top-clear",242,4,4088.5
"DIVCORE/1025/1024/17/DIV/top-one",242,4,3735.8801652892562
"DIVCORE/1025/1024/17/MOD/top-one",242,4,4140.6694214876034
"DIVCORE/1025/1024/17/DIV/padded",242,4,1465.0495867768595
"DIVCORE/1025/1024/17/MOD/padded",242,4,1351.9256198347107
"DIVCORE/1025/1024/17/DIV/add-back",242,4,2445.590909090909
"DIVCORE/1025/1024/17/MOD/add-back",242,4,2337.4669421487602
"DIVCORE/1025/1024/127/DIV/normalized",242,4,2772.0371900826444
"DIVCORE/1025/1024/127/MOD/normalized",242,4,2675.9669421487602
"DIVCORE/1025/1024/127/DIV/top-clear",242,4,3886.7066115702478
"DIVCORE/1025/1024/127/MOD/top-clear",242,4,4080.9214876033056
"DIVCORE/1025/1024/127/DIV/top-one",242,4,3898.7603305785124
"DIVCORE/1025/1024/127/MOD/top-one",242,4,4168.2148760330574
"DIVCORE/1025/1024/127/DIV/padded",242,4,2748.4504132231405
"DIVCORE/1025/1024/127/MOD/padded",242,4,2640.3223140495866
"DIVCORE/1056/1024/17/DIV/normalized",238,4,41398.983193277309
"DIVCORE/1056/1024/17/MOD/normalized",238,4,41292.542016806721
"DIVCORE/1056/1024/17/DIV/top-clear",238,4,43955.008403361346
"DIVCORE/1056/1024/17/MOD/top-clear",226,4,44282.632743362832
"DIVCORE/1056/1024/17/DIV/top-one",238,4,43624.126050420171
"DIVCORE/1056/1024/17/MOD/top-one",227,4,44058.555066079294
"DIVCORE/1056/1024/17/DIV/padded",238,4,41494.747899159665
"DIVCORE/1056/1024/17/MOD/padded",238,4,41401.088235294119
"DIVCORE/1056/1024/17/DIV/add-back",141,4,71295.51063829787
"DIVCORE/1056/1024/17/MOD/add-back",141,4,71150.709219858152
"DIVCORE/1056/1024/127/DIV/normalized",238,4,41500.348739495799
"DIVCORE/1056/1024/127/MOD/normalized",238,4,41708.159663865546
"DIVCORE/1056/1024/127/DIV/top-clear",238,4,43722.340336134454
"DIVCORE/1056/1024/127/MOD/top-clear",227,4,44098.198237885459
"DIVCORE/1056/1024/127/DIV/top-one",229,4,43746.358078602621
"DIVCORE/1056/1024/127/MOD/top-one",227,4,44144.458149779734
"DIVCORE/1056/1024/127/DIV/padded",238,4,41522.584033613442
"DIVCORE/1056/1024/127/MOD/padded",238,4,41469.537815126052
"DIVCORE/2048/1024/17/DIV/normalized",8,4,1322755.25
"DIVCORE/2048/1024/17/MOD/normalized",8,4,1322390.625
"DIVCORE/2048/1024/17/DIV/top-clear",8,4,1326807.25
"DIVCORE/2048/1024/17/MOD/top-clear",8,4,1326781.25
"DIVCORE/2048/1024/17/DIV/top-one",8,4,1319817.625
"DIVCORE/2048/1024/17/MOD/top-one",8,4,1320562.5
"DIVCORE/2048/1024/17/DIV/padded",8,4,1323114.5
"DIVCORE/2048/1024/17/MOD/padded",8,4,1320208.375
"DIVCORE/2048/1024/17/DIV/add-back",5,4,2298658.3999999999
"DIVCORE/2048/1024/17/MOD/add-back",5,4,2430300
"DIVCORE/2048/1024/127/DIV/normalized",8,4,1370380.25
"DIVCORE/2048/1024/127/MOD/normalized",8,4,1352854.125
"DIVCORE/2048/1024/127/DIV/top-clear",8,4,1326468.75
"DIVCORE/2048/1024/127/MOD/top-clear",8,4,1325369.875
"DIVCORE/2048/1024/127/DIV/top-one",8,4,1324088.5
"DIVCORE/2048/1024/127/MOD/top-one",8,4,1324385.375
"DIVCORE/2048/1024/127/DIV/padded",8,4,1328401.125
"DIVCORE/2048/1024/127/MOD/padded",8,4,1327645.875
"DIVCORE/4096/1024/17/DIV/normalized",3,4,3959875
"DIVCORE/4096/1024/17/MOD/normalized",3,4,3970653
"DIVCORE/4096/1024/17/DIV/top-clear",3,4,3973902.6666666665
"DIVCORE/4096/1024/17/MOD/top-clear",3,4,3997458.3333333335
"DIVCORE/4096/1024/17/DIV/top-one",3,4,3960403
"DIVCORE/4096/1024/17/MOD/top-one",3,4,3957833.3333333335
"DIVCORE/4096/1024/17/DIV/padded",3,4,3969041.6666666665
"DIVCORE/4096/1024/17/MOD/padded",3,4,4151513.6666666665
"DIVCORE/4096/1024/17/DIV/add-back",2,4,9095958.5
"DIVCORE/4096/1024/17/MOD/add-back",2,4,6966437.5
"DIVCORE/4096/1024/127/DIV/normalized",3,4,4012597.3333333335
"DIVCORE/4096/1024/127/MOD/normalized",3,4,3984375
"DIVCORE/4096/1024/127/DIV/top-clear",3,4,3967777.6666666665
"DIVCORE/4096/1024/127/MOD/top-clear",3,4,3969375
"DIVCORE/4096/1024/127/DIV/top-one",3,4,3967791.6666666665
"DIVCORE/4096/1024/127/MOD/top-one",3,4,3971639
"DIVCORE/4096/1024/127/DIV/padded",3,4,3989708.3333333335
"DIVCORE/4096/1024/127/MOD/padded",3,4,3976986
