probe,repetitions,epoch,ns_per_execution
"DIVCORE/1/1/17/DIV/normalized",27777,0,30.494185837203442
"DIVCORE/1/1/17/MOD/normalized",27777,0,29.879936638225871
"DIVCORE/1/1/17/DIV/top-clear",27777,0,30.366382258703243
"DIVCORE/1/1/17/MOD/top-clear",27777,0,30.004032112899161
"DIVCORE/1/1/17/DIV/top-one",27777,0,30.344997659934478
"DIVCORE/1/1/17/MOD/top-one",27777,0,29.399179177016958
"DIVCORE/1/1/17/DIV/padded",27777,0,30.241818770925587
"DIVCORE/1/1/17/MOD/padded",27777,0,29.987039637109838
"DIVCORE/1/1/127/DIV/normalized",27777,0,30.231594484645569
"DIVCORE/1/1/127/MOD/normalized",27777,0,30.011448320552976
"DIVCORE/1/1/127/DIV/top-clear",27777,0,30.320984987579653
"DIVCORE/1/1/127/MOD/top-clear",27777,0,29.961514922417827
"DIVCORE/1/1/127/DIV/top-one",27777,0,30.327537171040788
"DIVCORE/1/1/127/MOD/top-one",27777,0,29.339417503690104
"DIVCORE/1/1/127/DIV/padded",27777,0,30.601432840119525
"DIVCORE/1/1/127/MOD/padded",27777,0,29.874212477949381
"DIVCORE/2/1/17/DIV/normalized",26315,0,76.003800114003425
"DIVCORE/2/1/17/MOD/normalized",26315,0,74.831312939388184
"DIVCORE/2/1/17/DIV/top-clear",26315,0,101.86935208056242
"DIVCORE/2/1/17/MOD/top-clear",26315,0,100.7460003800114
"DIVCORE/2/1/17/DIV/top-one",26315,0,100.70590917727532
"DIVCORE/2/1/17/MOD/top-one",26315,0,99.950826524795744
"DIVCORE/2/1/17/DIV/padded",26315,0,75.104047121413643
"DIVCORE/2/1/17/MOD/padded",26315,0,74.171081132433969
"DIVCORE/2/1/127/DIV/normalized",26315,0,75.353980619418579
"DIVCORE/2/1/127/MOD/normalized",26315,0,73.676458293748809
"DIVCORE/2/1/127/DIV/top-clear",26315,0,100.52753182595478
"DIVCORE/2/1/127/MOD/top-clear",26315,0,99.639407182215464
"DIVCORE/2/1/127/DIV/top-one",26315,0,100.57613528405852
"DIVCORE/2/1/127/MOD/top-one",26315,0,99.812958388751667
"DIVCORE/2/1/127/DIV/padded",26315,0,75.437127113813418
"DIVCORE/2/1/127/MOD/padded",26315,0,74.333726011780357
"DIVCORE/4/1/17/DIV/normalized",23809,0,132.53635179973961
"DIVCORE/4/1/17/MOD/normalized",23809,0,132.44739384266452
"DIVCORE/4/1/17/DIV/top-clear",23809,0,160.04229493048848
"DIVCORE/4/1/17/MOD/top-clear",23809,0,159.15981351589735
"DIVCORE/4/1/17/DIV/top-one",23809,0,160.22987105716325
"DIVCORE/4/1/17/MOD/top-one",23809,0,158.80851778739131
"DIVCORE/4/1/17/DIV/padded",23809,0,133.87273720021841
"DIVCORE/4/1/17/MOD/padded",23809,0,134.01503633079929
"DIVCORE/4/1/127/DIV/normalized",23809,0,132.32928724431937
"DIVCORE/4/1/127/MOD/normalized",23809,0,132.21865681044983
"DIVCORE/4/1/127/DIV/top-clear",23809,0,160.0580452769961
"DIVCORE/4/1/127/MOD/top-clear",23809,0,158.95598303162669
"DIVCORE/4/1/127/DIV/top-one",23809,0,160.17610987441725
"DIVCORE/4/1/127/MOD/top-one",23809,0,158.80721575874668
"DIVCORE/4/1/127/DIV/padded",23809,0,133.6892771640976
"DIVCORE/4/1/127/MOD/padded",23809,0,134.03931286488302
"DIVCORE/33/1/17/DIV/normalized",10000,0,979.91300000000001
"DIVCORE/33/1/17/MOD/normalized",10000,0,986.99760000000003
"DIVCORE/33/1/17/DIV/top-clear",10000,0,1038.5353
"DIVCORE/33/1/17/MOD/top-clear",9653,0,1036.2315342380607
"DIVCORE/33/1/17/DIV/top-one",9639,0,1038.3752463948542
"DIVCORE/33/1/17/MOD/top-one",9656,0,1036.6581400165701
"DIVCORE/33/1/17/DIV/padded",10000,0,1001.3128
"DIVCORE/33/1/17/MOD/padded",9928,0,1008.4940572119259
"DIVCORE/33/1/127/DIV/normalized",10000,0,981.07809999999995
"DIVCORE/33/1/127/MOD/normalized",10000,0,994.44449999999995
"DIVCORE/33/1/127/DIV/top-clear",9556,0,1046.6886772708247
"DIVCORE/33/1/127/MOD/top-clear",10000,0,1038.4345000000001
"DIVCORE/33/1/127/DIV/top-one",10000,0,1046.0129999999999
"DIVCORE/33/1/127/MOD/top-one",10000,0,1037.5011999999999
"DIVCORE/33/1/127/DIV/padded",10000,0,994.80039999999997
"DIVCORE/33/1/127/MOD/padded",9914,0,1011.8905588057293
"DIVCORE/1025/1/17/DIV/normalized",342,0,29335.780701754386
"DIVCORE/1025/1/17/MOD/normalized",479,0,29462.791231732775
"DIVCORE/1025/1/17/DIV/top-clear",322,0,31068.440993788819
"DIVCORE/1025/1/17/MOD/top-clear",479,0,30887.676409185802
"DIVCORE/1025/1/17/DIV/top-one",322,0,31072.990683229815
"DIVCORE/1025/1/17/MOD/top-one",325,0,30846.476923076923
"DIVCORE/1025/1/17/DIV/padded",333,0,30118.114114114112
"DIVCORE/1025/1/17/MOD/padded",479,0,30242.052192066807
"DIVCORE/1025/1/127/DIV/normalized",340,0,29548.282352941176
"DIVCORE/1025/1/127/MOD/normalized",334,0,30068.230538922155
"DIVCORE/1025/1/127/DIV/top-clear",479,0,31062.569937369521
"DIVCORE/1025/1/127/MOD/top-clear",325,0,30873.581538461538
"DIVCORE/1025/1/127/DIV/top-one",322,0,31046.751552795031
"DIVCORE/1025/1/127/MOD/top-one",479,0,30877.628392484341
"DIVCORE/1025/1/127/DIV/padded",479,0,30138.22338204593
"DIVCORE/1025/1/127/MOD/padded",334,0,29917.29640718563
"DIVCORE/65536/1/17/DIV/normalized",6,0,1904110.3333333333
"DIVCORE/65536/1/17/MOD/normalized",6,0,1888161.5
"DIVCORE/65536/1/17/DIV/top-one",6,0,1978115
"DIVCORE/65536/1/17/MOD/top-one",6,0,1976029.5
"DIVCORE/500000/1/17/DIV/normalized",1,0,14542728
"DIVCORE/500000/1/17/MOD/normalized",1,0,14415174
"DIVCORE/500000/1/17/DIV/top-one",1,0,15120871
"DIVCORE/500000/1/17/MOD/top-one",1,0,14961890
"DIVCORE/1/2/17/DIV/normalized",26315,0,18.866615998479954
"DIVCORE/1/2/17/MOD/normalized",26315,0,14.867794033821015
"DIVCORE/1/2/17/DIV/top-clear",26315,0,18.618354550636518
"DIVCORE/1/2/17/MOD/top-clear",26315,0,14.876990309709292
"DIVCORE/1/2/17/DIV/top-one",26315,0,18.856887706631198
"DIVCORE/1/2/17/MOD/top-one",26315,0,14.881170435113054
"DIVCORE/1/2/17/DIV/padded",26315,0,18.601216036481095
"DIVCORE/1/2/17/MOD/padded",26315,0,14.875888276648299
"DIVCORE/1/2/127/DIV/normalized",26315,0,19.08519855595668
"DIVCORE/1/2/127/MOD/normalized",26315,0,14.883678510355312
"DIVCORE/1/2/127/DIV/top-clear",26315,0,18.738096142884288
"DIVCORE/1/2/127/MOD/top-clear",26315,0,14.967129013870416
"DIVCORE/1/2/127/DIV/top-one",26315,0,19.058103743112294
"DIVCORE/1/2/127/MOD/top-one",26315,0,14.975375261257838
"DIVCORE/1/2/127/DIV/padded",26315,0,18.96127683830515
"DIVCORE/1/2/127/MOD/padded",26315,0,14.970701121033631
"DIVCORE/2/2/17/DIV/normalized",25000,0,62.604880000000001
"DIVCORE/2/2/17/MOD/normalized",25000,0,58.168599999999998
"DIVCORE/2/2/17/DIV/top-clear",25000,0,89.253879999999995
"DIVCORE/2/2/17/MOD/top-clear",25000,0,88.285480000000007
"DIVCORE/2/2/17/DIV/top-one",25000,0,89.501199999999997
"DIVCORE/2/2/17/MOD/top-one",25000,0,88.335599999999999
"DIVCORE/2/2/17/DIV/padded",25000,0,62.605960000000003
"DIVCORE/2/2/17/MOD/padded",25000,0,58.951920000000001
"DIVCORE/2/2/127/DIV/normalized",25000,0,54.416879999999999
"DIVCORE/2/2/127/MOD/normalized",25000,0,51.091239999999999
"DIVCORE/2/2/127/DIV/top-clear",25000,0,89.446560000000005
"DIVCORE/2/2/127/MOD/top-clear",25000,0,88.279120000000006
"DIVCORE/2/2/127/DIV/top-one",25000,0,90.876000000000005
"DIVCORE/2/2/127/MOD/top-one",25000,0,89.861080000000001
"DIVCORE/2/2/127/DIV/padded",25000,0,55.006839999999997
"DIVCORE/2/2/127/MOD/padded",25000,0,51.033279999999998
"DIVCORE/3/2/17/DIV/normalized",23809,0,100.8440085681885
"DIVCORE/3/2/17/MOD/normalized",23809,0,100.57570666554665
"DIVCORE/3/2/17/DIV/top-clear",23809,0,128.57936074593641
"DIVCORE/3/2/17/MOD/top-clear",23809,0,131.66012852282751
"DIVCORE/3/2/17/DIV/top-one",23809,0,128.95476500483011
"DIVCORE/3/2/17/MOD/top-one",23809,0,132.03733882145409
"DIVCORE/3/2/17/DIV/padded",23809,0,100.64920828258222
"DIVCORE/3/2/17/MOD/padded",23809,0,101.40606493342854
"DIVCORE/3/2/127/DIV/normalized",23809,0,101.21945482800622
"DIVCORE/3/2/127/MOD/normalized",23809,0,100.46700827418204
"DIVCORE/3/2/127/DIV/top-clear",23809,0,130.85505481120586
"DIVCORE/3/2/127/MOD/top-clear",23809,0,133.88239741274307
"DIVCORE/3/2/127/DIV/top-one",23809,0,128.71535973791424
"DIVCORE/3/2/127/MOD/top-one",23809,0,132.09702213448696
"DIVCORE/3/2/127/DIV/padded",23809,0,101.43122348691671
"DIVCORE/3/2/127/MOD/padded",23809,0,101.33344533579739
"DIVCORE/4/2/17/DIV/normalized",22727,0,134.71236854842257
"DIVCORE/4/2/17/MOD/normalized",22727,0,133.49355392264707
"DIVCORE/4/2/17/DIV/top-clear",22727,0,171.3346680160162
"DIVCORE/4/2/17/MOD/top-clear",22727,0,175.46094953139436
"DIVCORE/4/2/17/DIV/top-one",22727,0,170.91925903110837
"DIVCORE/4/2/17/MOD/top-one",22727,0,173.2944515334184
"DIVCORE/4/2/17/DIV/padded",22727,0,135.35015620187443
"DIVCORE/4/2/17/MOD/padded",22727,0,134.82883794605536
"DIVCORE/4/2/127/DIV/normalized",22727,0,141.12214546574558
"DIVCORE/4/2/127/MOD/normalized",22727,0,140.50855810269724
"DIVCORE/4/2/127/DIV/top-clear",22727,0,172.11739340872091
"DIVCORE/4/2/127/MOD/top-clear",22727,0,175.63303559642716
"DIVCORE/4/2/127/DIV/top-one",22727,0,169.39164869978438
"DIVCORE/4/2/127/MOD/top-one",22727,0,172.09842918115018
"DIVCORE/4/2/127/DIV/padded",22727,0,141.66150393804725
"DIVCORE/4/2/127/MOD/padded",22727,0,141.54353852246226
"DIVCORE/8/2/17/DIV/normalized",19230,0,294.96469058762352
"DIVCORE/8/2/17/MOD/normalized",19230,0,292.58185127405096
"DIVCORE/8/2/17/DIV/top-clear",19230,0,339.89204368174728
"DIVCORE/8/2/17/MOD/top-clear",19230,0,345.49667186687469
"DIVCORE/8/2/17/DIV/top-one",19230,0,340.54399375975038
"DIVCORE/8/2/17/MOD/top-one",19230,0,345.9316172646906
"DIVCORE/8/2/17/DIV/padded",19230,0,296.56001040041599
"DIVCORE/8/2/17/MOD/padded",19230,0,296.96755070202806
"DIVCORE/8/2/127/DIV/normalized",19230,0,301.10369214768593
"DIVCORE/8/2/127/MOD/normalized",19230,0,299.83343733749348
"DIVCORE/8/2/127/DIV/top-clear",19230,0,338.3056682267291
"DIVCORE/8/2/127/MOD/top-clear",19230,0,342.09942797711909
"DIVCORE/8/2/127/DIV/top-one",19230,0,333.35309412376495
"DIVCORE/8/2/127/MOD/top-one",19230,0,337.29703588143525
"DIVCORE/8/2/127/DIV/padded",19230,0,304.32480499219969
"DIVCORE/8/2/127/MOD/padded",19230,0,304.1501300052002
"DIVCORE/34/2/17/DIV/normalized",8192,0,1373.1297607421875
"DIVCORE/34/2/17/MOD/normalized",8192,0,1377.477783203125
"DIVCORE/34/2/17/DIV/top-clear",8192,0,1455.2838134765625
"DIVCORE/34/2/17/MOD/top-clear",8192,0,1472.3955078125
"DIVCORE/34/2/17/DIV/top-one",8192,0,1413.9249267578125
"DIVCORE/34/2/17/MOD/top-one",8192,0,1425.046875
"DIVCORE/34/2/17/DIV/padded",8192,0,1399.75634765625
"DIVCORE/34/2/17/MOD/padded",8192,0,1402.12353515625
"DIVCORE/34/2/127/DIV/normalized",8192,0,1382.9832763671875
"DIVCORE/34/2/127/MOD/normalized",8192,0,1381.804443359375
"DIVCORE/34/2/127/DIV/top-clear",8192,0,1491.1549072265625
"DIVCORE/34/2/127/MOD/top-clear",8192,0,1493.90869140625
"DIVCORE/34/2/127/DIV/top-one",8192,0,1454.725341796875
"DIVCORE/34/2/127/MOD/top-one",8192,0,1465.1302490234375
"DIVCORE/34/2/127/DIV/padded",8192,0,1403.119873046875
"DIVCORE/34/2/127/MOD/padded",8192,0,1403.9293212890625
"DIVCORE/1026/2/17/DIV/normalized",227,0,44295.290748898675
"DIVCORE/1026/2/17/MOD/normalized",227,0,44287.3436123348
"DIVCORE/1026/2/17/DIV/top-clear",219,0,45656.872146118723
"DIVCORE/1026/2/17/MOD/top-clear",219,0,45746.333333333336
"DIVCORE/1026/2/17/DIV/top-one",239,0,41898.895397489541
"DIVCORE/1026/2/17/MOD/top-one",239,0,41941.050209205023
"DIVCORE/1026/2/17/DIV/padded",224,0,44758.107142857145
"DIVCORE/1026/2/17/MOD/padded",224,0,44737.700892857145
"DIVCORE/1026/2/127/DIV/normalized",232,0,43324.659482758623
"DIVCORE/1026/2/127/MOD/normalized",231,0,43379.956709956707
"DIVCORE/1026/2/127/DIV/top-clear",221,0,45311.755656108595
"DIVCORE/1026/2/127/MOD/top-clear",221,0,45295.113122171948
"DIVCORE/1026/2/127/DIV/top-one",225,0,44619.05777777778
"DIVCORE/1026/2/127/MOD/top-one",224,0,44679.089285714283
"DIVCORE/1026/2/127/DIV/padded",456,0,44081.491228070176
"DIVCORE/1026/2/127/MOD/padded",229,0,43749.510917030566
"DIVCORE/65536/2/17/DIV/normalized",4,0,2858003
"DIVCORE/65536/2/17/MOD/normalized",4,0,2857937.5
"DIVCORE/65536/2/17/DIV/top-one",4,0,2694316.5
"DIVCORE/65536/2/17/MOD/top-one",4,0,2693831.25
"DIVCORE/500000/2/17/DIV/normalized",1,0,21836248
"DIVCORE/500000/2/17/MOD/normalized",1,0,21834608
"DIVCORE/500000/2/17/DIV/top-one",1,0,20464852
"DIVCORE/500000/2/17/MOD/top-one",1,0,20545933
"DIVCORE/2/3/17/DIV/normalized",23809,0,18.972111386450504
"DIVCORE/2/3/17/MOD/normalized",23809,0,14.99873997227939
"DIVCORE/2/3/17/DIV/top-clear",23809,0,18.592045024990551
"DIVCORE/2/3/17/MOD/top-clear",23809,0,14.994161871561174
"DIVCORE/2/3/17/DIV/top-one",23809,0,18.869083119828638
"DIVCORE/2/3/17/MOD/top-one",23809,0,14.884665462640179
"DIVCORE/2/3/17/DIV/padded",23809,0,18.974799445587802
"DIVCORE/2/3/17/MOD/padded",23809,0,14.90915200134403
"DIVCORE/2/3/127/DIV/normalized",23809,0,18.865555042210929
"DIVCORE/2/3/127/MOD/normalized",23809,0,15.004830106262338
"DIVCORE/2/3/127/DIV/top-clear",23809,0,18.96152715359738
"DIVCORE/2/3/127/MOD/top-clear",23809,0,14.885379478348524
"DIVCORE/2/3/127/DIV/top-one",23809,0,19.133562938384646
"DIVCORE/2/3/127/MOD/top-one",23809,0,14.898651770338947
"DIVCORE/2/3/127/DIV/padded",23809,0,19.045991011802261
"DIVCORE/2/3/127/MOD/padded",23809,0,14.879457348061658
"DIVCORE/3/3/17/DIV/normalized",22727,0,64.769173230078763
"DIVCORE/3/3/17/MOD/normalized",22727,0,61.306243674924097
"DIVCORE/3/3/17/DIV/top-clear",22727,0,94.343512122145469
"DIVCORE/3/3/17/MOD/top-clear",22727,0,94.519470233642807
"DIVCORE/3/3/17/DIV/top-one",22727,0,94.414352972235662
"DIVCORE/3/3/17/MOD/top-one",22727,0,94.987767853214237
"DIVCORE/3/3/17/DIV/padded",22727,0,65.537950455405465
"DIVCORE/3/3/17/MOD/padded",22727,0,60.529502354028246
"DIVCORE/3/3/127/DIV/normalized",22727,0,54.121837462049541
"DIVCORE/3/3/127/MOD/normalized",22727,0,51.066220794649539
"DIVCORE/3/3/127/DIV/top-clear",22727,0,93.593743124917495
"DIVCORE/3/3/127/MOD/top-clear",22727,0,94.470937651251816
"DIVCORE/3/3/127/DIV/top-one",22727,0,93.658863906366875
"DIVCORE/3/3/127/MOD/top-one",22727,0,94.824261891142697
"DIVCORE/3/3/127/DIV/padded",22727,0,54.173318079816958
"DIVCORE/3/3/127/MOD/padded",22727,0,51.274695296343559
"DIVCORE/4/3/17/DIV/normalized",21739,0,99.168315009890065
"DIVCORE/4/3/17/MOD/normalized",21739,0,97.462486774920649
"DIVCORE/4/3/17/DIV/top-clear",21739,0,136.49588297529786
"DIVCORE/4/3/17/MOD/top-clear",21739,0,141.00510603063617
"DIVCORE/4/3/17/DIV/top-one",21739,0,138.13082478494871
"DIVCORE/4/3/17/MOD/top-one",21739,0,142.12774276645661
"DIVCORE/4/3/17/DIV/padded",21739,0,98.797092782556689
"DIVCORE/4/3/17/MOD/padded",21739,0,97.994755968535813
"DIVCORE/4/3/17/DIV/add-back",21739,0,78.099728598371584
"DIVCORE/4/3/17/MOD/add-back",21739,0,78.255991535949221
"DIVCORE/4/3/127/DIV/normalized",21739,0,106.38148028888173
"DIVCORE/4/3/127/MOD/normalized",21739,0,105.82749896499379
"DIVCORE/4/3/127/DIV/top-clear",21739,0,137.37499424996551
"DIVCORE/4/3/127/MOD/top-clear",21739,0,140.50158700952207
"DIVCORE/4/3/127/DIV/top-one",21739,0,136.64851189107134
"DIVCORE/4/3/127/MOD/top-one",21739,0,141.25921155526933
"DIVCORE/4/3/127/DIV/padded",21739,0,105.72478034868209
"DIVCORE/4/3/127/MOD/padded",21739,0,105.64552187313124
"DIVCORE/6/3/17/DIV/normalized",20000,0,180.36859999999999
"DIVCORE/6/3/17/MOD/normalized",20000,0,179.97595000000001
"DIVCORE/6/3/17/DIV/top-clear",20000,0,222.8006
"DIVCORE/6/3/17/MOD/top-clear",20000,0,226.47425000000001
"DIVCORE/6/3/17/DIV/top-one",20000,0,225.62334999999999
"DIVCORE/6/3/17/MOD/top-one",20000,0,230.92740000000001
"DIVCORE/6/3/17/DIV/padded",20000,0,181.95425
"DIVCORE/6/3/17/MOD/padded",20000,0,181.3982
"DIVCORE/6/3/17/DIV/add-back",20000,0,119.21805000000001
"DIVCORE/6/3/17/MOD/add-back",20000,0,119.08280000000001
"DIVCORE/6/3/127/DIV/normalized",20000,0,180.98675
"DIVCORE/6/3/127/MOD/normalized",20000,0,180.40244999999999
"DIVCORE/6/3/127/DIV/top-clear",20000,0,221.10300000000001
"DIVCORE/6/3/127/MOD/top-clear",20000,0,226.02549999999999
"DIVCORE/6/3/127/DIV/top-one",20000,0,221.60335000000001
"DIVCORE/6/3/127/MOD/top-one",20000,0,225.69454999999999
"DIVCORE/6/3/127/DIV/padded",20000,0,182.84485000000001
"DIVCORE/6/3/127/MOD/padded",20000,0,182.57814999999999
"DIVCORE/12/3/17/DIV/normalized",16129,0,435.94295988591978
"DIVCORE/12/3/17/MOD/normalized",16129,0,435.27348254696511
"DIVCORE/12/3/17/DIV/top-clear",16129,0,493.47231694463392
"DIVCORE/12/3/17/MOD/top-clear",16129,0,498.16535433070868
"DIVCORE/12/3/17/DIV/top-one",16129,0,489.48924297848595
"DIVCORE/12/3/17/MOD/top-one",16129,0,493.19356438712879
"DIVCORE/12/3/17/DIV/padded",16129,0,440.29598859197716
"DIVCORE/12/3/17/MOD/padded",16129,0,438.99640399280798
"DIVCORE/12/3/17/DIV/add-back",16129,0,257.87773575547152
"DIVCORE/12/3/17/MOD/add-back",16129,0,255.95759191518383
"DIVCORE/12/3/127/DIV/normalized",16129,0,442.57399714799431
"DIVCORE/12/3/127/MOD/normalized",16129,0,442.48223696447394
"DIVCORE/12/3/127/DIV/top-clear",16129,0,492.86694773389547
"DIVCORE/12/3/127/MOD/top-clear",16129,0,497.07458614917232
"DIVCORE/12/3/127/DIV/top-one",16129,0,486.11370822741645
"DIVCORE/12/3/127/MOD/top-one",16129,0,490.53003906007814
"DIVCORE/12/3/127/DIV/padded",16129,0,447.85473370946744
"DIVCORE/12/3/127/MOD/padded",16129,0,448.1692603385207
"DIVCORE/35/3/17/DIV/normalized",8192,0,1498.766845703125
"DIVCORE/35/3/17/MOD/normalized",8192,0,1499.8165283203125
"DIVCORE/35/3/17/DIV/top-clear",8192,0,1593.7947998046875
"DIVCORE/35/3/17/MOD/top-clear",8192,0,1598.424072265625
"DIVCORE/35/3/17/DIV/top-one",8192,0,1587.4302978515625
"DIVCORE/35/3/17/MOD/top-one",8192,0,1594.128173828125
"DIVCORE/35/3/17/DIV/padded",8192,0,1508.955078125
"DIVCORE/35/3/17/MOD/padded",8192,0,1510.9122314453125
"DIVCORE/35/3/17/DIV/add-back",9259,0,732.9165136623825
"DIVCORE/35/3/17/MOD/add-back",9259,0,730.37876660546499
"DIVCORE/35/3/127/DIV/normalized",8192,0,1505.86328125
"DIVCORE/35/3/127/MOD/normalized",8192,0,1507.056396484375
"DIVCORE/35/3/127/DIV/top-clear",8192,0,1531.8958740234375
"DIVCORE/35/3/127/MOD/top-clear",8192,0,1538.023681640625
"DIVCORE/35/3/127/DIV/top-one",8192,0,1582.400634765625
"DIVCORE/35/3/127/MOD/top-one",8192,0,1587.377197265625
"DIVCORE/35/3/127/DIV/padded",8192,0,1523.2540283203125
"DIVCORE/35/3/127/MOD/padded",8192,0,1522.0994873046875
"DIVCORE/1027/3/17/DIV/normalized",224,0,44791.803571428572
"DIVCORE/1027/3/17/MOD/normalized",224,0,44849.294642857145
"DIVCORE/1027/3/17/DIV/top-clear",212,0,47355.858490566039
"DIVCORE/1027/3/17/MOD/top-clear",211,0,47462.303317535545
"DIVCORE/1027/3/17/DIV/top-one",214,0,46957.766355140186
"DIVCORE/1027/3/17/MOD/top-one",213,0,46996.873239436616
"DIVCORE/1027/3/17/DIV/padded",222,0,45311.103603603602
"DIVCORE/1027/3/17/MOD/padded",221,0,45305.248868778282
"DIVCORE/1027/3/17/DIV/add-back",469,0,21375.230277185499
"DIVCORE/1027/3/17/MOD/add-back",468,0,21418.457264957266
"DIVCORE/1027/3/127/DIV/normalized",218,0,45935.266055045875
"DIVCORE/1027/3/127/MOD/normalized",218,0,45999.839449541287
"DIVCORE/1027/3/127/DIV/top-clear",222,0,45228.995495495496
"DIVCORE/1027/3/127/MOD/top-clear",221,0,45238.221719457011
"DIVCORE/1027/3/127/DIV/top-one",211,0,47584.582938388623
"DIVCORE/1027/3/127/MOD/top-one",210,0,47673.661904761902
"DIVCORE/1027/3/127/DIV/padded",216,0,46389.212962962964
"DIVCORE/1027/3/127/MOD/padded",216,0,46438.925925925927
"DIVCORE/3/4/17/DIV/normalized",21739,0,18.922259533557202
"DIVCORE/3/4/17/MOD/normalized",21739,0,15.17052302313814
"DIVCORE/3/4/17/DIV/top-clear",21739,0,19.137356824140944
"DIVCORE/3/4/17/MOD/top-clear",21739,0,15.070702424214545
"DIVCORE/3/4/17/DIV/top-one",21739,0,18.98918993513961
"DIVCORE/3/4/17/MOD/top-one",21739,0,15.161598969593818
"DIVCORE/3/4/17/DIV/padded",21739,0,19.145912875477254
"DIVCORE/3/4/17/MOD/padded",21739,0,15.057362344174065
"DIVCORE/3/4/127/DIV/normalized",21739,0,18.989833939003635
"DIVCORE/3/4/127/MOD/normalized",21739,0,15.063848383090299
"DIVCORE/3/4/127/DIV/top-clear",21739,0,19.176825060950367
"DIVCORE/3/4/127/MOD/top-clear",21739,0,15.199687198123188
"DIVCORE/3/4/127/DIV/top-one",21739,0,19.122406734440407
"DIVCORE/3/4/127/MOD/top-one",21739,0,15.179033074198445
"DIVCORE/3/4/127/DIV/padded",21739,0,18.919499516997103
"DIVCORE/3/4/127/MOD/padded",21739,0,15.074290445742674
"DIVCORE/4/4/17/DIV/normalized",20833,0,54.159026544424712
"DIVCORE/4/4/17/MOD/normalized",20833,0,51.229779676474827
"DIVCORE/4/4/17/DIV/top-clear",20833,0,97.98372773964384
"DIVCORE/4/4/17/MOD/top-clear",20833,0,98.947823165170647
"DIVCORE/4/4/17/DIV/top-one",20833,0,97.298420774732392
"DIVCORE/4/4/17/MOD/top-one",20833,0,99.922190755052085
"DIVCORE/4/4/17/DIV/padded",20833,0,54.961407382518118
"DIVCORE/4/4/17/MOD/padded",20833,0,51.114241827869243
"DIVCORE/4/4/127/DIV/normalized",20833,0,66.676378822061153
"DIVCORE/4/4/127/MOD/normalized",20833,0,63.120961935390966
"DIVCORE/4/4/127/DIV/top-clear",20833,0,97.514328229251674
"DIVCORE/4/4/127/MOD/top-clear",20833,0,98.929102865645845
"DIVCORE/4/4/127/DIV/top-one",20833,0,97.576873229971682
"DIVCORE/4/4/127/MOD/top-one",20833,0,99.22603561656986
"DIVCORE/4/4/127/DIV/padded",20833,0,66.640714251428022
"DIVCORE/4/4/127/MOD/padded",20833,0,62.586905390486251
"DIVCORE/5/4/17/DIV/normalized",20000,0,110.97295
"DIVCORE/5/4/17/MOD/normalized",20000,0,110.82445
"DIVCORE/5/4/17/DIV/top-clear",20000,0,140.56120000000001
"DIVCORE/5/4/17/MOD/top-clear",20000,0,145.15905000000001
"DIVCORE/5/4/17/DIV/top-one",20000,0,141.54650000000001
"DIVCORE/5/4/17/MOD/top-one",20000,0,146.20595
"DIVCORE/5/4/17/DIV/padded",20000,0,111.88339999999999
"DIVCORE/5/4/17/MOD/padded",20000,0,111.48325
"DIVCORE/5/4/17/DIV/add-back",20000,0,82.273200000000003
"DIVCORE/5/4/17/MOD/add-back",20000,0,80.752949999999998
"DIVCORE/5/4/127/DIV/normalized",20000,0,109.43170000000001
"DIVCORE/5/4/127/MOD/normalized",20000,0,108.95945
"DIVCORE/5/4/127/DIV/top-clear",20000,0,142.2244
"DIVCORE/5/4/127/MOD/top-clear",20000,0,147.58580000000001
"DIVCORE/5/4/127/DIV/top-one",20000,0,140.54955000000001
"DIVCORE/5/4/127/MOD/top-one",20000,0,146.1327
"DIVCORE/5/4/127/DIV/padded",20000,0,110.1891
"DIVCORE/5/4/127/MOD/padded",20000,0,109.96080000000001
"DIVCORE/8/4/17/DIV/normalized",17857,0,242.46385171081369
"DIVCORE/8/4/17/MOD/normalized",17857,0,241.46161169289354
"DIVCORE/8/4/17/DIV/top-clear",17857,0,279.0996247969984
"DIVCORE/8/4/17/MOD/top-clear",17857,0,284.63638909111273
"DIVCORE/8/4/17/DIV/top-one",17857,0,275.52209217673743
"DIVCORE/8/4/17/MOD/top-one",17857,0,283.59192473539787
"DIVCORE/8/4/17/DIV/padded",17857,0,244.39670717365738
"DIVCORE/8/4/17/MOD/padded",17857,0,244.18480147841183
"DIVCORE/8/4/17/DIV/add-back",17857,0,152.73377387019096
"DIVCORE/8/4/17/MOD/add-back",17857,0,152.5873886991096
"DIVCORE/8/4/127/DIV/normalized",17857,0,242.5063000504004
"DIVCORE/8/4/127/MOD/normalized",17857,0,241.62625301002407
"DIVCORE/8/4/127/DIV/top-clear",17857,0,277.37318698549586
"DIVCORE/8/4/127/MOD/top-clear",17857,0,282.0426723413787
"DIVCORE/8/4/127/DIV/top-one",17857,0,274.61326090608725
"DIVCORE/8/4/127/MOD/top-one",17857,0,281.01836814694519
"DIVCORE/8/4/127/DIV/padded",17857,0,244.63711709693678
"DIVCORE/8/4/127/MOD/padded",17857,0,244.54818838550707
"DIVCORE/16/4/17/DIV/normalized",13888,0,611.83042914746545
"DIVCORE/16/4/17/MOD/normalized",13888,0,609.63068836405535
"DIVCORE/16/4/17/DIV/top-clear",13888,0,665.00453629032256
"DIVCORE/16/4/17/MOD/top-clear",13888,0,668.43137960829495
"DIVCORE/16/4/17/DIV/top-one",13888,0,649.93202764976957
"DIVCORE/16/4/17/MOD/top-one",13888,0,658.95794930875581
"DIVCORE/16/4/17/DIV/padded",13888,0,617.54781105990787
"DIVCORE/16/4/17/MOD/padded",13888,0,615.74200748847932
"DIVCORE/16/4/17/DIV/add-back",13888,0,354.79133064516128
"DIVCORE/16/4/17/MOD/add-back",13888,0,353.72659850230417
"DIVCORE/16/4/127/DIV/normalized",13888,0,597.79485887096769
"DIVCORE/16/4/127/MOD/normalized",13888,0,595.49985599078343
"DIVCORE/16/4/127/DIV/top-clear",13888,0,652.04817108294935
"DIVCORE/16/4/127/MOD/top-clear",13888,0,657.17309907834101
"DIVCORE/16/4/127/DIV/top-one",13888,0,652.35419066820282
"DIVCORE/16/4/127/MOD/top-one",13888,0,653.08726958525347
"DIVCORE/16/4/127/DIV/padded",13888,0,601.41863479262668
"DIVCORE/16/4/127/MOD/padded",13888,0,601.00792050691246
"DIVCORE/36/4/17/DIV/normalized",8192,0,1598.359619140625
"DIVCORE/36/4/17/MOD/normalized",8192,0,1601.1201171875
"DIVCORE/36/4/17/DIV/top-clear",8192,0,1640.6590576171875
"DIVCORE/36/4/17/MOD/top-clear",8192,0,1647.656005859375
"DIVCORE/36/4/17/DIV/top-one",8192,0,1612.709228515625
"DIVCORE/36/4/17/MOD/top-one",8192,0,1626.4471435546875
"DIVCORE/36/4/17/DIV/padded",8192,0,1609.9178466796875
"DIVCORE/36/4/17/MOD/padded",8192,0,1604.8416748046875
"DIVCORE/36/4/17/DIV/add-back",8928,0,829.90882616487454
"DIVCORE/36/4/17/MOD/add-back",8928,0,829.43951612903231
"DIVCORE/36/4/127/DIV/normalized",8192,0,1587.8759765625
"DIVCORE/36/4/127/MOD/normalized",8192,0,1581.6470947265625
"DIVCORE/36/4/127/DIV/top-clear",8192,0,1672.6922607421875
"DIVCORE/36/4/127/MOD/top-clear",8192,0,1678.7413330078125
"DIVCORE/36/4/127/DIV/top-one",8192,0,1582.2552490234375
"DIVCORE/36/4/127/MOD/top-one",8192,0,1591.0030517578125
"DIVCORE/36/4/127/DIV/padded",8192,0,1608.360595703125
"DIVCORE/36/4/127/MOD/padded",8192,0,1609.822509765625
"DIVCORE/1028/4/17/DIV/normalized",205,0,48890.50731707317
"DIVCORE/1028/4/17/MOD/normalized",205,0,48966.941463414631
"DIVCORE/1028/4/17/DIV/top-clear",204,0,49071.544117647056
"DIVCORE/1028/4/17/MOD/top-clear",204,0,49100.740196078434
"DIVCORE/1028/4/17/DIV/top-one",205,0,48891.448780487808
"DIVCORE/1028/4/17/MOD/top-one",205,0,48935.2243902439
"DIVCORE/1028/4/17/DIV/padded",203,0,49343.551724137928
"DIVCORE/1028/4/17/MOD/padded",203,0,49351.339901477833
"DIVCORE/1028/4/17/DIV/add-back",408,0,24522.789215686276
"DIVCORE/1028/4/17/MOD/add-back",477,0,24556.587002096436
"DIVCORE/1028/4/127/DIV/normalized",204,0,49074.897058823532
"DIVCORE/1028/4/127/MOD/normalized",204,0,49100.656862745098
"DIVCORE/1028/4/127/DIV/top-clear",203,0,49447.34975369458
"DIVCORE/1028/4/127/MOD/top-clear",203,0,49419.95566502463
"DIVCORE/1028/4/127/DIV/top-one",211,0,47475.436018957349
"DIVCORE/1028/4/127/MOD/top-one",211,0,47514.061611374411
"DIVCORE/1028/4/127/DIV/padded",202,0,49556.346534653465
"DIVCORE/1028/4/127/MOD/padded",202,0,49591.227722772281
"DIVCORE/7/8/17/DIV/normalized",16129,0,19.248248496496991
"DIVCORE/7/8/17/MOD/normalized",16129,0,15.214644429288859
"DIVCORE/7/8/17/DIV/top-clear",16129,0,18.944695889391777
"DIVCORE/7/8/17/MOD/top-clear",16129,0,14.959141918283837
"DIVCORE/7/8/17/DIV/top-one",16129,0,19.108004216008432
"DIVCORE/7/8/17/MOD/top-one",16129,0,14.972533945067891
"DIVCORE/7/8/17/DIV/padded",16129,0,18.877053754107507
"DIVCORE/7/8/17/MOD/padded",16129,0,15.203236406472813
"DIVCORE/7/8/127/DIV/normalized",16129,0,18.9494698989398
"DIVCORE/7/8/127/MOD/normalized",16129,0,14.939363878727757
"DIVCORE/7/8/127/DIV/top-clear",16129,0,18.944571889143777
"DIVCORE/7/8/127/MOD/top-clear",16129,0,15.381610763221527
"DIVCORE/7/8/127/DIV/top-one",16129,0,19.081220162440324
"DIVCORE/7/8/127/MOD/top-one",16129,0,15.234670469340939
"DIVCORE/7/8/127/DIV/padded",16129,0,19.09021018042036
"DIVCORE/7/8/127/MOD/padded",16129,0,15.388492776985554
"DIVCORE/8/8/17/DIV/normalized",15625,0,55.189439999999998
"DIVCORE/8/8/17/MOD/normalized",15625,0,52.426367999999997
"DIVCORE/8/8/17/DIV/top-clear",15625,0,114.931648
"DIVCORE/8/8/17/MOD/top-clear",15625,0,120.75686399999999
"DIVCORE/8/8/17/DIV/top-one",15625,0,114.62124799999999
"DIVCORE/8/8/17/MOD/top-one",15625,0,120.55219200000001
"DIVCORE/8/8/17/DIV/padded",15625,0,55.444223999999998
"DIVCORE/8/8/17/MOD/padded",15625,0,51.187455999999997
"DIVCORE/8/8/127/DIV/normalized",15625,0,54.961984000000001
"DIVCORE/8/8/127/MOD/normalized",15625,0,51.441664000000003
"DIVCORE/8/8/127/DIV/top-clear",15625,0,115.03014400000001
"DIVCORE/8/8/127/MOD/top-clear",15625,0,120.837824
"DIVCORE/8/8/127/DIV/top-one",15625,0,114.437952
"DIVCORE/8/8/127/MOD/top-one",15625,0,120.490944
"DIVCORE/8/8/127/DIV/padded",15625,0,55.042816000000002
"DIVCORE/8/8/127/MOD/padded",15625,0,51.191808000000002
"DIVCORE/9/8/17/DIV/normalized",15151,0,107.3302752293578
"DIVCORE/9/8/17/MOD/normalized",15151,0,107.24011616394958
"DIVCORE/9/8/17/DIV/top-clear",15151,0,168.25668272721273
"DIVCORE/9/8/17/MOD/top-clear",15151,0,179.33265131014454
"DIVCORE/9/8/17/DIV/top-one",15151,0,168.08725496666887
"DIVCORE/9/8/17/MOD/top-one",15151,0,179.55336281433569
"DIVCORE/9/8/17/DIV/padded",15151,0,107.80007920269288
"DIVCORE/9/8/17/MOD/padded",15151,0,107.48340043561481
"DIVCORE/9/8/17/DIV/add-back",15151,0,93.785954722460559
"DIVCORE/9/8/17/MOD/add-back",15151,0,92.467427892548343
"DIVCORE/9/8/127/DIV/normalized",15151,0,107.61098277341429
"DIVCORE/9/8/127/MOD/normalized",15151,0,106.85994323807009
"DIVCORE/9/8/127/DIV/top-clear",15151,0,168.83110025740876
"DIVCORE/9/8/127/MOD/top-clear",15151,0,178.69711570193385
"DIVCORE/9/8/127/DIV/top-one",15151,0,167.12923239390139
"DIVCORE/9/8/127/MOD/top-one",15151,0,177.67520295690053
"DIVCORE/9/8/127/DIV/padded",15151,0,108.03735727014718
"DIVCORE/9/8/127/MOD/padded",15151,0,107.5057091941126
"DIVCORE/16/8/17/DIV/normalized",12500,0,482.5428
"DIVCORE/16/8/17/MOD/normalized",12500,0,481.22584000000001
"DIVCORE/16/8/17/DIV/top-clear",12500,0,560.13664000000006
"DIVCORE/16/8/17/MOD/top-clear",12500,0,569.85040000000004
"DIVCORE/16/8/17/DIV/top-one",12500,0,550.92528000000004
"DIVCORE/16/8/17/MOD/top-one",12500,0,558.63423999999998
"DIVCORE/16/8/17/DIV/padded",12500,0,486.11727999999999
"DIVCORE/16/8/17/MOD/padded",12500,0,484.98975999999999
"DIVCORE/16/8/17/DIV/add-back",12500,0,353.33992000000001
"DIVCORE/16/8/17/MOD/add-back",12500,0,352.44824
"DIVCORE/16/8/127/DIV/normalized",12500,0,482.05504000000002
"DIVCORE/16/8/127/MOD/normalized",12500,0,480.74808000000002
"DIVCORE/16/8/127/DIV/top-clear",12500,0,563.65840000000003
"DIVCORE/16/8/127/MOD/top-clear",12500,0,573.60047999999995
"DIVCORE/16/8/127/DIV/top-one",12500,0,558.65664000000004
"DIVCORE/16/8/127/MOD/top-one",12500,0,570.73767999999995
"DIVCORE/16/8/127/DIV/padded",12500,0,485.89120000000003
"DIVCORE/16/8/127/MOD/padded",12500,0,484.69400000000002
"DIVCORE/32/8/17/DIV/normalized",8192,0,1342.7171630859375
"DIVCORE/32/8/17/MOD/normalized",8192,0,1335.782470703125
"DIVCORE/32/8/17/DIV/top-clear",8192,0,1521.00244140625
"DIVCORE/32/8/17/MOD/top-clear",8192,0,1534.6044921875
"DIVCORE/32/8/17/DIV/top-one",8192,0,1462.030029296875
"DIVCORE/32/8/17/MOD/top-one",8192,0,1462.2371826171875
"DIVCORE/32/8/17/DIV/padded",8192,0,1349.29150390625
"DIVCORE/32/8/17/MOD/padded",8192,0,1347.9652099609375
"DIVCORE/32/8/17/DIV/add-back",8928,0,922.13597670250897
"DIVCORE/32/8/17/MOD/add-back",8928,0,921.05241935483866
"DIVCORE/32/8/127/DIV/normalized",8192,0,1404.592529296875
"DIVCORE/32/8/127/MOD/normalized",8192,0,1408.201904296875
"DIVCORE/32/8/127/DIV/top-clear",8192,0,1549.333251953125
"DIVCORE/32/8/127/MOD/top-clear",8192,0,1556.5750732421875
"DIVCORE/32/8/127/DIV/top-one",8192,0,1419.502685546875
"DIVCORE/32/8/127/MOD/top-one",8192,0,1483.2462158203125
"DIVCORE/32/8/127/DIV/padded",8192,0,1420.559814453125
"DIVCORE/32/8/127/MOD/padded",8192,0,1416.379638671875
"DIVCORE/40/8/17/DIV/normalized",7812,0,1782.3019713261649
"DIVCORE/40/8/17/MOD/normalized",7812,0,1780.4875832053251
"DIVCORE/40/8/17/DIV/top-clear",7812,0,1979.3367895545314
"DIVCORE/40/8/17/MOD/top-clear",7812,0,1992.1406810035842
"DIVCORE/40/8/17/DIV/top-one",7812,0,1903.781746031746
"DIVCORE/40/8/17/MOD/top-one",7812,0,1917.6546338965693
"DIVCORE/40/8/17/DIV/padded",7812,0,1806.2194060419868
"DIVCORE/40/8/17/MOD/padded",7812,0,1807.2105734767026
"DIVCORE/40/8/17/DIV/add-back",7812,0,1205.9979518689197
"DIVCORE/40/8/17/MOD/add-back",7812,0,1204.9758064516129
"DIVCORE/40/8/127/DIV/normalized",7812,0,1812.5640040962621
"DIVCORE/40/8/127/MOD/normalized",7812,0,1814.5232974910393
"DIVCORE/40/8/127/DIV/top-clear",7812,0,1990.2542242703532
"DIVCORE/40/8/127/MOD/top-clear",7812,0,1986.6769073220687
"DIVCORE/40/8/127/DIV/top-one",7812,0,1886.7245263696877
"DIVCORE/40/8/127/MOD/top-one",7812,0,1901.1893241167434
"DIVCORE/40/8/127/DIV/padded",7812,0,1834.14452124936
"DIVCORE/40/8/127/MOD/padded",7812,0,1836.2115975422428
"DIVCORE/1032/8/17/DIV/normalized",181,0,55605.917127071822
"DIVCORE/1032/8/17/MOD/normalized",180,0,55669.605555555558
"DIVCORE/1032/8/17/DIV/top-clear",171,0,58726.824561403511
"DIVCORE/1032/8/17/MOD/top-clear",171,0,58810.333333333336
"DIVCORE/1032/8/17/DIV/top-one",179,0,55989.888268156421
"DIVCORE/1032/8/17/MOD/top-one",179,0,56019.156424581008
"DIVCORE/1032/8/17/DIV/padded",179,0,56117.798882681564
"DIVCORE/1032/8/17/MOD/padded",179,0,56143.849162011174
"DIVCORE/1032/8/17/DIV/add-back",473,0,36666.298097251587
"DIVCORE/1032/8/17/MOD/add-back",273,0,36660.139194139192
"DIVCORE/1032/8/127/DIV/normalized",177,0,56648.570621468927
"DIVCORE/1032/8/127/MOD/normalized",177,0,56652.802259887008
"DIVCORE/1032/8/127/DIV/top-clear",169,0,59330.313609467456
"DIVCORE/1032/8/127/MOD/top-clear",169,0,59395.958579881655
"DIVCORE/1032/8/127/DIV/top-one",181,0,55279.696132596684
"DIVCORE/1032/8/127/MOD/top-one",181,0,55181.082872928178
"DIVCORE/1032/8/127/DIV/padded",350,0,57187.054285714286
"DIVCORE/1032/8/127/MOD/padded",350,0,57300.768571428569
"DIVCORE/15/16/17/DIV/normalized",10638,0,19.675784921977815
"DIVCORE/15/16/17/MOD/normalized",10638,0,15.705207745816884
"DIVCORE/15/16/17/DIV/top-clear",10638,0,19.858714043993231
"DIVCORE/15/16/17/MOD/top-clear",10638,0,16.485241586764431
"DIVCORE/15/16/17/DIV/top-one",10638,0,19.447452528670802
"DIVCORE/15/16/17/MOD/top-one",10638,0,15.678510998307953
"DIVCORE/15/16/17/DIV/padded",10638,0,19.246474901297237
"DIVCORE/15/16/17/MOD/padded",10638,0,16.202293664222598
"DIVCORE/15/16/127/DIV/normalized",10638,0,19.188851287836059
"DIVCORE/15/16/127/MOD/normalized",10638,0,16.199379582628314
"DIVCORE/15/16/127/DIV/top-clear",10638,0,19.315378830607258
"DIVCORE/15/16/127/MOD/top-clear",10638,0,15.900545215266028
"DIVCORE/15/16/127/DIV/top-one",10638,0,19.882026696747509
"DIVCORE/15/16/127/MOD/top-one",10638,0,15.675502914081594
"DIVCORE/15/16/127/DIV/padded",10638,0,19.658488437676255
"DIVCORE/15/16/127/MOD/padded",10638,0,15.641943974431284
"DIVCORE/16/16/17/DIV/normalized",10416,0,56.668778801843317
"DIVCORE/16/16/17/MOD/normalized",10416,0,52.439324116743471
"DIVCORE/16/16/17/DIV/top-clear",10416,0,153.91820276497697
"DIVCORE/16/16/17/MOD/top-clear",10416,0,167.89890552995391
"DIVCORE/16/16/17/DIV/top-one",10416,0,155.84543010752688
"DIVCORE/16/16/17/MOD/top-one",10416,0,170.14928955453149
"DIVCORE/16/16/17/DIV/padded",10416,0,56.932219662058372
"DIVCORE/16/16/17/MOD/padded",10416,0,51.850806451612904
"DIVCORE/16/16/127/DIV/normalized",10416,0,95.156201996927805
"DIVCORE/16/16/127/MOD/normalized",10416,0,90.14823348694317
"DIVCORE/16/16/127/DIV/top-clear",10416,0,154.47868663594471
"DIVCORE/16/16/127/MOD/top-clear",10416,0,167.67818740399386
"DIVCORE/16/16/127/DIV/top-one",10416,0,155.33419738863287
"DIVCORE/16/16/127/MOD/top-one",10416,0,169.35013440860214
"DIVCORE/16/16/127/DIV/padded",10416,0,94.981758832565291
"DIVCORE/16/16/127/MOD/padded",10416,0,90.584101382488484
"DIVCORE/17/16/17/DIV/normalized",10204,0,163.6125049000392
"DIVCORE/17/16/17/MOD/normalized",10204,0,162.43531948255585
"DIVCORE/17/16/17/DIV/top-clear",10204,0,222.9077812622501
"DIVCORE/17/16/17/MOD/top-clear",10204,0,240.19002352018816
"DIVCORE/17/16/17/DIV/top-one",10204,0,224.40405723245786
"DIVCORE/17/16/17/MOD/top-one",10204,0,242.83065464523716
"DIVCORE/17/16/17/DIV/padded",10204,0,163.74088592708742
"DIVCORE/17/16/17/MOD/padded",10204,0,163.23000784006271
"DIVCORE/17/16/17/DIV/add-back",10204,0,118.97883183065464
"DIVCORE/17/16/17/MOD/add-back",10204,0,117.83878871030969
"DIVCORE/17/16/127/DIV/normalized",10204,0,163.02665621324971
"DIVCORE/17/16/127/MOD/normalized",10204,0,162.2390239121913
"DIVCORE/17/16/127/DIV/top-clear",10204,0,232.06321050568405
"DIVCORE/17/16/127/MOD/top-clear",10204,0,249.75744805958448
"DIVCORE/17/16/127/DIV/top-one",10204,0,234.32457859662878
"DIVCORE/17/16/127/MOD/top-one",10204,0,252.37426499411995
"DIVCORE/17/16/127/DIV/padded",10204,0,164.46030968247746
"DIVCORE/17/16/127/MOD/padded",10204,0,162.89082712661701
"DIVCORE/32/16/17/DIV/normalized",7812,0,1181.4383000512032
"DIVCORE/32/16/17/MOD/normalized",7812,0,1178.1245519713261
"DIVCORE/32/16/17/DIV/top-clear",7812,0,1308.5584997439837
"DIVCORE/32/16/17/MOD/top-clear",7812,0,1328.3008192524321
"DIVCORE/32/16/17/DIV/top-one",7812,0,1358.8321812596007
"DIVCORE/32/16/17/MOD/top-one",7812,0,1376.0235535074244
"DIVCORE/32/16/17/DIV/padded",7812,0,1188.2697132616488
"DIVCORE/32/16/17/MOD/padded",7812,0,1186.5481310803891
"DIVCORE/32/16/17/DIV/add-back",7812,0,1020.2267025089606
"DIVCORE/32/16/17/MOD/add-back",7812,0,1019.4221710189452
"DIVCORE/32/16/127/DIV/normalized",7812,0,1263.7812339989759
"DIVCORE/32/16/127/MOD/normalized",7812,0,1260.9540450588838
"DIVCORE/32/16/127/DIV/top-clear",7812,0,1342.129160266257
"DIVCORE/32/16/127/MOD/top-clear",7812,0,1358.955069124424
"DIVCORE/32/16/127/DIV/top-one",7812,0,1351.865463389657
"DIVCORE/32/16/127/MOD/top-one",7812,0,1365.7373271889401
"DIVCORE/32/16/127/DIV/padded",7812,0,1275.1209677419354
"DIVCORE/32/16/127/MOD/padded",7812,0,1274.2558883768561
"DIVCORE/48/16/17/DIV/normalized",6250,0,2332.3894399999999
"DIVCORE/48/16/17/MOD/normalized",6250,0,2332.556
"DIVCORE/48/16/17/DIV/top-clear",6250,0,2514.2827200000002
"DIVCORE/48/16/17/MOD/top-clear",3961,0,2527.0020196919968
"DIVCORE/48/16/17/DIV/top-one",3872,0,2592.9047004132231
"DIVCORE/48/16/17/MOD/top-one",3844,0,2612.8772112382935
"DIVCORE/48/16/17/DIV/padded",6250,0,2349.0462400000001
"DIVCORE/48/16/17/MOD/padded",6250,0,2349.04592
"DIVCORE/48/16/17/DIV/add-back",6250,0,2023.1731199999999
"DIVCORE/48/16/17/MOD/add-back",6250,0,2017.69472
"DIVCORE/48/16/127/DIV/normalized",6250,0,2446.3905599999998
"DIVCORE/48/16/127/MOD/normalized",6250,0,2449.2556800000002
"DIVCORE/48/16/127/DIV/top-clear",6250,0,2557.2955200000001
"DIVCORE/48/16/127/MOD/top-clear",6250,0,2578.1649600000001
"DIVCORE/48/16/127/DIV/top-one",6250,0,2613.6945599999999
"DIVCORE/48/16/127/MOD/top-one",6250,0,2635.3356800000001
"DIVCORE/48/16/127/DIV/padded",4048,0,2466.708003952569
"DIVCORE/48/16/127/MOD/padded",6250,0,2472.0926399999998
"DIVCORE/64/16/17/DIV/normalized",5208,0,3460.8671274961598
"DIVCORE/64/16/17/MOD/normalized",5208,0,3453.3479262672813
"DIVCORE/64/16/17/DIV/top-clear",5208,0,3634.3619431643624
"DIVCORE/64/16/17/MOD/top-clear",2744,0,3650.8611516034985
"DIVCORE/64/16/17/DIV/top-one",5208,0,3745.4020737327187
"DIVCORE/64/16/17/MOD/top-one",2655,0,3771.510734463277
"DIVCORE/64/16/17/DIV/padded",2865,0,3492.3270506108202
"DIVCORE/64/16/17/MOD/padded",2870,0,3494.3508710801393
"DIVCORE/64/16/17/DIV/add-back",3368,0,2981.934976247031
"DIVCORE/64/16/17/MOD/add-back",5208,0,2982.7235023041476
"DIVCORE/64/16/127/DIV/normalized",5208,0,3604.2217741935483
"DIVCORE/64/16/127/MOD/normalized",2776,0,3605.531340057637
"DIVCORE/64/16/127/DIV/top-clear",5208,0,3759.5142089093702
"DIVCORE/64/16/127/MOD/top-clear",5208,0,3773.0147849462364
"DIVCORE/64/16/127/DIV/top-one",2645,0,3783.182986767486
"DIVCORE/64/16/127/MOD/top-one",5208,0,3805.6889400921659
"DIVCORE/64/16/127/DIV/padded",2757,0,3628.4512150888645
"DIVCORE/64/16/127/MOD/padded",5208,0,3643.6975806451615
"DIVCORE/1040/16/17/DIV/normalized",141,0,71150.992907801425
"DIVCORE/1040/16/17/MOD/normalized",141,0,71233.51063829787
"DIVCORE/1040/16/17/DIV/top-clear",138,0,72784.275362318847
"DIVCORE/1040/16/17/MOD/top-clear",138,0,72741.05072463768
"DIVCORE/1040/16/17/DIV/top-one",132,0,75846.727272727279
"DIVCORE/1040/16/17/MOD/top-one",132,0,75907.757575757569
"DIVCORE/1040/16/17/DIV/padded",140,0,71693.921428571426
"DIVCORE/1040/16/17/MOD/padded",140,0,71771.428571428565
"DIVCORE/1040/16/17/DIV/add-back",164,0,60991.329268292684
"DIVCORE/1040/16/17/MOD/add-back",164,0,61208.463414634149
"DIVCORE/1040/16/127/DIV/normalized",135,0,74277.844444444447
"DIVCORE/1040/16/127/MOD/normalized",135,0,74214.72592592593
"DIVCORE/1040/16/127/DIV/top-clear",131,0,76478.977099236639
"DIVCORE/1040/16/127/MOD/top-clear",131,0,76756.442748091606
"DIVCORE/1040/16/127/DIV/top-one",130,0,77321.538461538468
"DIVCORE/1040/16/127/MOD/top-one",130,0,77238.823076923072
"DIVCORE/1040/16/127/DIV/padded",134,0,74628.925373134334
"DIVCORE/1040/16/127/MOD/padded",134,0,74659.440298507456
"DIVCORE/31/32/17/DIV/normalized",6329,0,20.533575604360877
"DIVCORE/31/32/17/MOD/normalized",6329,0,17.455838205087691
"DIVCORE/31/32/17/DIV/top-clear",6329,0,20.878179807236531
"DIVCORE/31/32/17/MOD/top-clear",6329,0,17.315689682414284
"DIVCORE/31/32/17/DIV/top-one",6329,0,20.48222468004424
"DIVCORE/31/32/17/MOD/top-one",6329,0,17.432769789856216
"DIVCORE/31/32/17/DIV/padded",6329,0,20.508927160688891
"DIVCORE/31/32/17/MOD/padded",6329,0,17.314425659661875
"DIVCORE/31/32/127/DIV/normalized",6329,0,20.500711012798231
"DIVCORE/31/32/127/MOD/normalized",6329,0,17.306999525991468
"DIVCORE/31/32/127/DIV/top-clear",6329,0,20.519197345552222
"DIVCORE/31/32/127/MOD/top-clear",6329,0,17.326749881497868
"DIVCORE/31/32/127/DIV/top-one",6329,0,21.370832674988151
"DIVCORE/31/32/127/MOD/top-one",6329,0,17.538789698214568
"DIVCORE/31/32/127/DIV/padded",6329,0,20.499446990045822
"DIVCORE/31/32/127/MOD/padded",6329,0,17.433085795544319
"DIVCORE/32/32/17/DIV/normalized",6250,0,129.01248000000001
"DIVCORE/32/32/17/MOD/normalized",6250,0,123.64688
"DIVCORE/32/32/17/DIV/top-clear",6250,0,222.36752000000001
"DIVCORE/32/32/17/MOD/top-clear",6250,0,266.90992
"DIVCORE/32/32/17/DIV/top-one",6250,0,222.32447999999999
"DIVCORE/32/32/17/MOD/top-one",6250,0,254.15360000000001
"DIVCORE/32/32/17/DIV/padded",6250,0,129.04944
"DIVCORE/32/32/17/MOD/padded",6250,0,123.80464000000001
"DIVCORE/32/32/127/DIV/normalized",6250,0,129.18368000000001
"DIVCORE/32/32/127/MOD/normalized",6250,0,123.23472
"DIVCORE/32/32/127/DIV/top-clear",6250,0,222.47984
"DIVCORE/32/32/127/MOD/top-clear",6250,0,253.76864
"DIVCORE/32/32/127/DIV/top-one",6250,0,222.78416000000001
"DIVCORE/32/32/127/MOD/top-one",6250,0,254.08431999999999
"DIVCORE/32/32/127/DIV/padded",6250,0,128.36928
"DIVCORE/32/32/127/MOD/padded",6250,0,123.50543999999999
"DIVCORE/33/32/17/DIV/normalized",6172,0,161.78483473752431
"DIVCORE/33/32/17/MOD/normalized",6172,0,160.46856772521062
"DIVCORE/33/32/17/DIV/top-clear",6172,0,343.35369410239792
"DIVCORE/33/32/17/MOD/top-clear",6172,0,384.55751782242385
"DIVCORE/33/32/17/DIV/top-one",6172,0,338.350291639663
"DIVCORE/33/32/17/MOD/top-one",6172,0,372.15829552819184
"DIVCORE/33/32/17/DIV/padded",6172,0,162.25437459494492
"DIVCORE/33/32/17/MOD/padded",6172,0,160.94620868438108
"DIVCORE/33/32/17/DIV/add-back",6172,0,166.82177576150357
"DIVCORE/33/32/17/MOD/add-back",6172,0,164.82939079714842
"DIVCORE/33/32/127/DIV/normalized",6172,0,243.79779650032404
"DIVCORE/33/32/127/MOD/normalized",6172,0,244.5753402462735
"DIVCORE/33/32/127/DIV/top-clear",6172,0,346.00243033052493
"DIVCORE/33/32/127/MOD/top-clear",6172,0,384.11098509397277
"DIVCORE/33/32/127/DIV/top-one",6172,0,344.26928062216462
"DIVCORE/33/32/127/MOD/top-one",6172,0,382.93988982501622
"DIVCORE/33/32/127/DIV/padded",6172,0,243.95852235904084
"DIVCORE/33/32/127/MOD/padded",6172,0,242.91542449773169
"DIVCORE/64/32/17/DIV/normalized",2826,0,3542.9950460014156
"DIVCORE/64/32/17/MOD/normalized",2827,0,3541.2087018040324
"DIVCORE/64/32/17/DIV/top-clear",2679,0,3736.5767077267637
"DIVCORE/64/32/17/MOD/top-clear",4464,0,3766.0931899641578
"DIVCORE/64/32/17/DIV/top-one",4464,0,3695.1220878136201
"DIVCORE/64/32/17/MOD/top-one",4464,0,3734.3687275985662
"DIVCORE/64/32/17/DIV/padded",4464,0,3558.9175627240143
"DIVCORE/64/32/17/MOD/padded",2812,0,3554.880867709815
"DIVCORE/64/32/17/DIV/add-back",4464,0,3554.0300179211467
"DIVCORE/64/32/17/MOD/add-back",4464,0,3552.6933243727599
"DIVCORE/64/32/127/DIV/normalized",4464,0,3573.8926971326164
"DIVCORE/64/32/127/MOD/normalized",4464,0,3580.5593637992833
"DIVCORE/64/32/127/DIV/top-clear",4464,0,3745.9952956989246
"DIVCORE/64/32/127/MOD/top-clear",4464,0,3783.5143369175626
"DIVCORE/64/32/127/DIV/top-one",4464,0,3796.2457437275984
"DIVCORE/64/32/127/MOD/top-one",4464,0,3835.8098118279568
"DIVCORE/64/32/127/DIV/padded",4464,0,3606.9545250896058
"DIVCORE/64/32/127/MOD/padded",2780,0,3600.7776978417264
"DIVCORE/128/32/17/DIV/normalized",1024,0,10233.5009765625
"DIVCORE/128/32/17/MOD/normalized",1024,0,10234.23046875
"DIVCORE/128/32/17/DIV/top-clear",1024,0,10535.1728515625
"DIVCORE/128/32/17/MOD/top-clear",1024,0,10570.55859375
"DIVCORE/128/32/17/DIV/top-one",1024,0,10422.2626953125
"DIVCORE/128/32/17/MOD/top-one",1024,0,10469.6767578125
"DIVCORE/128/32/17/DIV/padded",1024,0,10293.744140625
"DIVCORE/128/32/17/MOD/padded",1024,0,10290.6162109375
"DIVCORE/128/32/17/DIV/add-back",1024,0,10431.6455078125
"DIVCORE/128/32/17/MOD/add-back",1024,0,10422.587890625
"DIVCORE/128/32/127/DIV/normalized",1024,0,10322.6513671875
"DIVCORE/128/32/127/MOD/normalized",1024,0,10311.53515625
"DIVCORE/128/32/127/DIV/top-clear",1024,0,10706.8408203125
"DIVCORE/128/32/127/MOD/top-clear",1024,0,10751.328125
"DIVCORE/128/32/127/DIV/top-one",1024,0,10802.6796875
"DIVCORE/128/32/127/MOD/top-one",1024,0,10840.435546875
"DIVCORE/128/32/127/DIV/padded",1024,0,10378.4814453125
"DIVCORE/128/32/127/MOD/padded",1024,0,10368.662109375
"DIVCORE/1056/32/17/DIV/normalized",128,0,106953.78125
"DIVCORE/1056/32/17/MOD/normalized",128,0,106967.5
"DIVCORE/1056/32/17/DIV/top-clear",128,0,109795.78125
"DIVCORE/1056/32/17/MOD/top-clear",128,0,109879.5078125
"DIVCORE/1056/32/17/DIV/top-one",128,0,108675.6875
"DIVCORE/1056/32/17/MOD/top-one",128,0,108750.796875
"DIVCORE/1056/32/17/DIV/padded",128,0,107414.4375
"DIVCORE/1056/32/17/MOD/padded",128,0,107387.703125
"DIVCORE/1056/32/17/DIV/add-back",128,0,110051.4375
"DIVCORE/1056/32/17/MOD/add-back",128,0,110159.046875
"DIVCORE/1056/32/127/DIV/normalized",128,0,108342.25
"DIVCORE/1056/32/127/MOD/normalized",128,0,108395.2578125
"DIVCORE/1056/32/127/DIV/top-clear",128,0,111418.421875
"DIVCORE/1056/32/127/MOD/top-clear",128,0,111507.078125
"DIVCORE/1056/32/127/DIV/top-one",128,0,112321.8046875
"DIVCORE/1056/32/127/MOD/top-one",128,0,112869.921875
"DIVCORE/1056/32/127/DIV/padded",128,0,108815.9375
"DIVCORE/1056/32/127/MOD/padded",128,0,108856.8984375
"DIVCORE/63/64/17/DIV/normalized",3496,0,22.15646453089245
"DIVCORE/63/64/17/MOD/normalized",3496,0,18.548054919908466
"DIVCORE/63/64/17/DIV/top-clear",3496,0,21.560068649885583
"DIVCORE/63/64/17/MOD/top-clear",3496,0,18.275171624713959
"DIVCORE/63/64/17/DIV/top-one",3496,0,22.109267734553775
"DIVCORE/63/64/17/MOD/top-one",3496,0,18.236842105263158
"DIVCORE/63/64/17/DIV/padded",3496,0,21.588386727688786
"DIVCORE/63/64/17/MOD/padded",3496,0,18.573798627002287
"DIVCORE/63/64/127/DIV/normalized",3496,0,21.545194508009153
"DIVCORE/63/64/127/MOD/normalized",3496,0,18.26029748283753
"DIVCORE/63/64/127/DIV/top-clear",3496,0,22.08867276887872
"DIVCORE/63/64/127/MOD/top-clear",3496,0,18.552345537757436
"DIVCORE/63/64/127/DIV/top-one",3496,0,22.078947368421051
"DIVCORE/63/64/127/MOD/top-one",3496,0,18.517448512585812
"DIVCORE/63/64/127/DIV/padded",3496,0,22.126144164759726
"DIVCORE/63/64/127/MOD/padded",3496,0,18.310354691075514
"DIVCORE/64/64/17/DIV/normalized",3472,0,59.256912442396313
"DIVCORE/64/64/17/MOD/normalized",3472,0,52.846198156682028
"DIVCORE/64/64/17/DIV/top-clear",3472,0,377.63104838709677
"DIVCORE/64/64/17/MOD/top-clear",3472,0,439.81970046082949
"DIVCORE/64/64/17/DIV/top-one",3472,0,377.65524193548384
"DIVCORE/64/64/17/MOD/top-one",3472,0,440.71687788018431
"DIVCORE/64/64/17/DIV/padded",3472,0,59.750576036866363
"DIVCORE/64/64/17/MOD/padded",3472,0,53.046082949308754
"DIVCORE/64/64/127/DIV/normalized",3472,0,210.7684331797235
"DIVCORE/64/64/127/MOD/normalized",3472,0,200.17828341013825
"DIVCORE/64/64/127/DIV/top-clear",3472,0,378.13306451612902
"DIVCORE/64/64/127/MOD/top-clear",3472,0,440.6690668202765
"DIVCORE/64/64/127/DIV/top-one",3472,0,379.2940668202765
"DIVCORE/64/64/127/MOD/top-one",3472,0,439.81105990783408
"DIVCORE/64/64/127/DIV/padded",3472,0,211.0440668202765
"DIVCORE/64/64/127/MOD/padded",3472,0,200.17079493087559
"DIVCORE/65/64/17/DIV/normalized",3448,0,400.00087006960558
"DIVCORE/65/64/17/MOD/normalized",3448,0,394.5977378190255
"DIVCORE/65/64/17/DIV/top-clear",3448,0,569.22766821345704
"DIVCORE/65/64/17/MOD/top-clear",3448,0,633.53132250580052
"DIVCORE/65/64/17/DIV/top-one",3448,0,566.02842227378187
"DIVCORE/65/64/17/MOD/top-one",3448,0,632.19518561484915
"DIVCORE/65/64/17/DIV/padded",3448,0,400.02668213457076
"DIVCORE/65/64/17/MOD/padded",3448,0,394.56641531322504
"DIVCORE/65/64/17/DIV/add-back",3448,0,285.7340487238979
"DIVCORE/65/64/17/MOD/add-back",3448,0,276.90400232018561
"DIVCORE/65/64/127/DIV/normalized",3448,0,398.03596287703016
"DIVCORE/65/64/127/MOD/normalized",3448,0,394.2433294663573
"DIVCORE/65/64/127/DIV/top-clear",3448,0,573.03306264501157
"DIVCORE/65/64/127/MOD/top-clear",3448,0,640.27204176334112
"DIVCORE/65/64/127/DIV/top-one",3448,0,573.53132250580052
"DIVCORE/65/64/127/MOD/top-one",3448,0,640.17401392111367
"DIVCORE/65/64/127/DIV/padded",3448,0,399.77639211136892
"DIVCORE/65/64/127/MOD/padded",3448,0,398.95417633410671
"DIVCORE/96/64/17/DIV/normalized",1668,0,6001.0287769784172
"DIVCORE/96/64/17/MOD/normalized",1671,0,5993.4823459006584
"DIVCORE/96/64/17/DIV/top-clear",1584,0,6314.7619949494947
"DIVCORE/96/64/17/MOD/top-clear",2840,0,6378.8492957746475
"DIVCORE/96/64/17/DIV/top-one",2840,0,6275.9855633802817
"DIVCORE/96/64/17/MOD/top-one",1576,0,6351.9314720812181
"DIVCORE/96/64/17/DIV/padded",2840,0,6020.5933098591549
"DIVCORE/96/64/17/MOD/padded",1664,0,6009.6772836538457
"DIVCORE/96/64/17/DIV/add-back",2812,0,7103.149004267425
"DIVCORE/96/64/17/MOD/add-back",2820,0,7076.8872340425532
"DIVCORE/96/64/127/DIV/normalized",1685,0,5936.1620178041539
"DIVCORE/96/64/127/MOD/normalized",2840,0,5932.8151408450703
"DIVCORE/96/64/127/DIV/top-clear",1575,0,6345.16126984127
"DIVCORE/96/64/127/MOD/top-clear",1557,0,6418.5883108542066
"DIVCORE/96/64/127/DIV/top-one",1597,0,6256.2974326862868
"DIVCORE/96/64/127/MOD/top-one",2840,0,6333.8690140845074
"DIVCORE/96/64/127/DIV/padded",1678,0,5964.4123957091779
"DIVCORE/96/64/127/MOD/padded",2840,0,5963.0806338028169
"DIVCORE/128/64/17/DIV/normalized",1024,0,11894.5927734375
"DIVCORE/128/64/17/MOD/normalized",1024,0,11889.51171875
"DIVCORE/128/64/17/DIV/top-clear",1024,0,12115.6416015625
"DIVCORE/128/64/17/MOD/top-clear",1024,0,12180.76953125
"DIVCORE/128/64/17/DIV/top-one",1024,0,12104.529296875
"DIVCORE/128/64/17/MOD/top-one",1024,0,12174.265625
"DIVCORE/128/64/17/DIV/padded",1024,0,11930.7861328125
"DIVCORE/128/64/17/MOD/padded",1024,0,11926.32421875
"DIVCORE/128/64/17/DIV/add-back",1024,0,14048.2119140625
"DIVCORE/128/64/17/MOD/add-back",1024,0,14008.92578125
"DIVCORE/128/64/127/DIV/normalized",1024,0,11729.55859375
"DIVCORE/128/64/127/MOD/normalized",1024,0,11730.828125
"DIVCORE/128/64/127/DIV/top-clear",1024,0,12283.3896484375
"DIVCORE/128/64/127/MOD/top-clear",1024,0,12361.982421875
"DIVCORE/128/64/127/DIV/top-one",1024,0,12118.8994140625
"DIVCORE/128/64/127/MOD/top-one",1024,0,12209.7578125
"DIVCORE/128/64/127/DIV/padded",1024,0,11767.6044921875
"DIVCORE/128/64/127/MOD/padded",1024,0,11765.4140625
"DIVCORE/256/64/17/DIV/normalized",284,0,35296.647887323947
"DIVCORE/256/64/17/MOD/normalized",284,0,35298.528169014084
"DIVCORE/256/64/17/DIV/top-clear",283,0,35426.579505300353
"DIVCORE/256/64/17/MOD/top-clear",282,0,35464.379432624111
"DIVCORE/256/64/17/DIV/top-one",282,0,35501.716312056735
"DIVCORE/256/64/17/MOD/top-one",282,0,35571.563829787236
"DIVCORE/256/64/17/DIV/padded",283,0,35374.742049469962
"DIVCORE/256/64/17/MOD/padded",283,0,35361.975265017667
"DIVCORE/256/64/17/DIV/add-back",482,0,41885.831950207466
"DIVCORE/256/64/17/MOD/add-back",239,0,41486.251046025107
"DIVCORE/256/64/127/DIV/normalized",287,0,34967.292682926833
"DIVCORE/256/64/127/MOD/normalized",286,0,34962.21328671329
"DIVCORE/256/64/127/DIV/top-clear",279,0,35899.967741935485
"DIVCORE/256/64/127/MOD/top-clear",278,0,35919.089928057554
"DIVCORE/256/64/127/DIV/top-one",283,0,35357.328621908127
"DIVCORE/256/64/127/MOD/top-one",283,0,35433.070671378089
"DIVCORE/256/64/127/DIV/padded",570,0,35073.242105263154
"DIVCORE/256/64/127/MOD/padded",570,0,35065.929824561405
"DIVCORE/1088/64/17/DIV/normalized",54,0,187428.8148148148
"DIVCORE/1088/64/17/MOD/normalized",54,0,187460.59259259258
"DIVCORE/1088/64/17/DIV/top-clear",54,0,186750.37037037036
"DIVCORE/1088/64/17/MOD/top-clear",54,0,186862.11111111112
"DIVCORE/1088/64/17/DIV/top-one",54,0,186732.77777777778
"DIVCORE/1088/64/17/MOD/top-one",54,0,186816.35185185185
"DIVCORE/1088/64/17/DIV/padded",54,0,187938.77777777778
"DIVCORE/1088/64/17/MOD/padded",54,0,187917.03703703705
"DIVCORE/1088/64/17/DIV/add-back",45,0,222969.88888888888
"DIVCORE/1088/64/17/MOD/add-back",45,0,222865.75555555554
"DIVCORE/1088/64/127/DIV/normalized",108,0,185149.02777777778
"DIVCORE/1088/64/127/MOD/normalized",108,0,185283.83333333334
"DIVCORE/1088/64/127/DIV/top-clear",53,0,189290.01886792452
"DIVCORE/1088/64/127/MOD/top-clear",53,0,189552.33962264151
"DIVCORE/1088/64/127/DIV/top-one",54,0,186557.12962962964
"DIVCORE/1088/64/127/MOD/top-one",54,0,186645.92592592593
"DIVCORE/1088/64/127/DIV/padded",54,0,185669.16666666666
"DIVCORE/1088/64/127/MOD/padded",54,0,185645.90740740742
"DIVCORE/65536/64/17/DIV/normalized",1,0,12012388
"DIVCORE/65536/64/17/MOD/normalized",1,0,12010448
"DIVCORE/65536/64/17/DIV/top-one",1,0,11945223
"DIVCORE/65536/64/17/MOD/top-one",1,0,11942388
"DIVCORE/65536/64/17/DIV/add-back",1,0,14286042
"DIVCORE/65536/64/17/MOD/add-back",1,0,14264537
"DIVCORE/500000/64/17/DIV/normalized",1,0,91861683
"DIVCORE/500000/64/17/MOD/normalized",1,0,91863280
"DIVCORE/500000/64/17/DIV/top-one",1,0,91269864
"DIVCORE/500000/64/17/MOD/top-one",1,0,91301844
"DIVCORE/500000/64/17/DIV/add-back",1,0,108960171
"DIVCORE/500000/64/17/MOD/add-back",1,0,108916908
"DIVCORE/127/128/17/DIV/normalized",1845,0,22.866124661246612
"DIVCORE/127/128/17/MOD/normalized",1845,0,19.375067750677506
"DIVCORE/127/128/17/DIV/top-clear",1845,0,23.944173441734417
"DIVCORE/127/128/17/MOD/top-clear",1845,0,19.365853658536587
"DIVCORE/127/128/17/DIV/top-one",1845,0,24.052032520325202
"DIVCORE/127/128/17/MOD/top-one",1845,0,19.371815718157183
"DIVCORE/127/128/17/DIV/padded",1845,0,24.005420054200542
"DIVCORE/127/128/17/MOD/padded",1845,0,20.80921409214092
"DIVCORE/127/128/127/DIV/normalized",1845,0,23.996205962059619
"DIVCORE/127/128/127/MOD/normalized",1845,0,19.303523035230352
"DIVCORE/127/128/127/DIV/top-clear",1845,0,24.028184281842819
"DIVCORE/127/128/127/MOD/top-clear",1845,0,19.282926829268291
"DIVCORE/127/128/127/DIV/top-one",1845,0,25.62439024390244
"DIVCORE/127/128/127/MOD/top-one",1845,0,19.268834688346882
"DIVCORE/127/128/127/DIV/padded",1845,0,24.159891598915991
"DIVCORE/127/128/127/MOD/padded",1845,0,19.287804878048782
"DIVCORE/128/128/17/DIV/normalized",1838,0,73.711643090315562
"DIVCORE/128/128/17/MOD/normalized",1838,0,57.33188248095756
"DIVCORE/128/128/17/DIV/top-clear",1838,0,680.14254624591945
"DIVCORE/128/128/17/MOD/top-clear",1838,0,819.09902067464634
"DIVCORE/128/128/17/DIV/top-one",1838,0,680.53427638737753
"DIVCORE/128/128/17/MOD/top-one",1838,0,821.37976060935796
"DIVCORE/128/128/17/DIV/padded",1838,0,73.676822633297064
"DIVCORE/128/128/17/MOD/padded",1838,0,57.381392818280737
"DIVCORE/128/128/127/DIV/normalized",1838,0,353.96681175190423
"DIVCORE/128/128/127/MOD/normalized",1838,0,341.86887921653971
"DIVCORE/128/128/127/DIV/top-clear",1838,0,681.10174102285089
"DIVCORE/128/128/127/MOD/top-clear",1838,0,820.28890097932538
"DIVCORE/128/128/127/DIV/top-one",1838,0,680.02013057671377
"DIVCORE/128/128/127/MOD/top-one",1838,0,821.98803046789988
"DIVCORE/128/128/127/DIV/padded",1838,0,353.27203482045701
"DIVCORE/128/128/127/MOD/padded",1838,0,339.25843307943416
"DIVCORE/129/128/17/DIV/normalized",1831,0,678.75587110868378
"DIVCORE/129/128/17/MOD/normalized",1831,0,670.92736209721465
"DIVCORE/129/128/17/DIV/top-clear",1831,0,1003.5062807209175
"DIVCORE/129/128/17/MOD/top-clear",1831,0,1152.1736755871109
"DIVCORE/129/128/17/DIV/top-one",1831,0,1014.9781540141998
"DIVCORE/129/128/17/MOD/top-one",1831,0,1152.412342981977
"DIVCORE/129/128/17/DIV/padded",1831,0,681.50737302020752
"DIVCORE/129/128/17/MOD/padded",1831,0,677.98252321135988
"DIVCORE/129/128/17/DIV/add-back",1831,0,485.84926269797927
"DIVCORE/129/128/17/MOD/add-back",1831,0,474.80666302566902
"DIVCORE/129/128/127/DIV/normalized",1831,0,683.52102676133256
"DIVCORE/129/128/127/MOD/normalized",1831,0,669.73184052430361
"DIVCORE/129/128/127/DIV/top-clear",1831,0,1006.3495357728018
"DIVCORE/129/128/127/MOD/top-clear",1831,0,1146.9677771709448
"DIVCORE/129/128/127/DIV/top-one",1831,0,1008.7646095030038
"DIVCORE/129/128/127/MOD/top-one",1831,0,1148.2490442381213
"DIVCORE/129/128/127/DIV/padded",1831,0,689.6930638995085
"DIVCORE/129/128/127/MOD/padded",1831,0,674.0660841070453
"DIVCORE/160/128/17/DIV/normalized",1024,0,10351.8037109375
"DIVCORE/160/128/17/MOD/normalized",1024,0,10342.7880859375
"DIVCORE/160/128/17/DIV/top-clear",1024,0,10937.38671875
"DIVCORE/160/128/17/MOD/top-clear",1024,0,11088.86328125
"DIVCORE/160/128/17/DIV/top-one",1024,0,11025.775390625
"DIVCORE/160/128/17/MOD/top-one",1024,0,11175.8759765625
"DIVCORE/160/128/17/DIV/padded",1024,0,10376.7177734375
"DIVCORE/160/128/17/MOD/padded",1024,0,10371.6416015625
"DIVCORE/160/128/17/DIV/add-back",1024,0,13221.658203125
"DIVCORE/160/128/17/MOD/add-back",1024,0,13226.6298828125
"DIVCORE/160/128/127/DIV/normalized",1024,0,10359.546875
"DIVCORE/160/128/127/MOD/normalized",1024,0,10364.046875
"DIVCORE/160/128/127/DIV/top-clear",1024,0,10937.7685546875
"DIVCORE/160/128/127/MOD/top-clear",1024,0,11075.7294921875
"DIVCORE/160/128/127/DIV/top-one",1024,0,11069.1083984375
"DIVCORE/160/128/127/MOD/top-one",1024,0,11223.150390625
"DIVCORE/160/128/127/DIV/padded",1024,0,10394.32421875
"DIVCORE/160/128/127/MOD/padded",1024,0,10387.9013671875
"DIVCORE/256/128/17/DIV/normalized",244,0,41116.233606557376
"DIVCORE/256/128/17/MOD/normalized",244,0,41027.565573770495
"DIVCORE/256/128/17/DIV/top-clear",241,0,41514.788381742736
"DIVCORE/256/128/17/MOD/top-clear",241,0,41659.767634854768
"DIVCORE/256/128/17/DIV/top-one",239,0,42014.489539748953
"DIVCORE/256/128/17/MOD/top-one",474,0,42162.607594936708
"DIVCORE/256/128/17/DIV/padded",244,0,41120.659836065577
"DIVCORE/256/128/17/MOD/padded",244,0,41134.364754098358
"DIVCORE/256/128/17/DIV/add-back",191,0,52447.523560209425
"DIVCORE/256/128/17/MOD/add-back",191,0,52442.753926701567
"DIVCORE/256/128/127/DIV/normalized",242,0,41378.334710743802
"DIVCORE/256/128/127/MOD/normalized",242,0,41350.735537190085
"DIVCORE/256/128/127/DIV/top-clear",242,0,41441.404958677689
"DIVCORE/256/128/127/MOD/top-clear",241,0,41593.448132780082
"DIVCORE/256/128/127/DIV/top-one",238,0,42109.802521008402
"DIVCORE/256/128/127/MOD/top-one",237,0,42271.177215189877
"DIVCORE/256/128/127/DIV/padded",242,0,41443.082644628099
"DIVCORE/256/128/127/MOD/padded",242,0,41430.504132231406
"DIVCORE/512/128/17/DIV/normalized",128,0,122689.5
"DIVCORE/512/128/17/MOD/normalized",128,0,122753.7109375
"DIVCORE/512/128/17/DIV/top-clear",128,0,123056.390625
"DIVCORE/512/128/17/MOD/top-clear",128,0,123158.46875
"DIVCORE/512/128/17/DIV/top-one",128,0,124584.921875
"DIVCORE/512/128/17/MOD/top-one",128,0,124836.5859375
"DIVCORE/512/128/17/DIV/padded",128,0,122940.203125
"DIVCORE/512/128/17/MOD/padded",128,0,122913.859375
"DIVCORE/512/128/17/DIV/add-back",64,0,157075.78125
"DIVCORE/512/128/17/MOD/add-back",64,0,157064.078125
"DIVCORE/512/128/127/DIV/normalized",128,0,123292.765625
"DIVCORE/512/128/127/MOD/normalized",128,0,123316.3515625
"DIVCORE/512/128/127/DIV/top-clear",128,0,122857.265625
"DIVCORE/512/128/127/MOD/top-clear",128,0,123023.3046875
"DIVCORE/512/128/127/DIV/top-one",128,0,124646.1171875
"DIVCORE/512/128/127/MOD/top-one",128,0,124799.015625
"DIVCORE/512/128/127/DIV/padded",128,0,123471.1640625
"DIVCORE/512/128/127/MOD/padded",128,0,123466.828125
"DIVCORE/1152/128/17/DIV/normalized",31,0,327046.51612903224
"DIVCORE/1152/128/17/MOD/normalized",31,0,327124.93548387097
"DIVCORE/1152/128/17/DIV/top-clear",31,0,326996.67741935485
"DIVCORE/1152/128/17/MOD/top-clear",31,0,327059.29032258067
"DIVCORE/1152/128/17/DIV/top-one",31,0,330881.29032258067
"DIVCORE/1152/128/17/MOD/top-one",31,0,331022.45161290321
"DIVCORE/1152/128/17/DIV/padded",31,0,327518.80645161291
"DIVCORE/1152/128/17/MOD/padded",31,0,327637.6451612903
"DIVCORE/1152/128/17/DIV/add-back",24,0,418388.25
"DIVCORE/1152/128/17/MOD/add-back",24,0,418370.08333333331
"DIVCORE/1152/128/127/DIV/normalized",31,0,328243.61290322582
"DIVCORE/1152/128/127/MOD/normalized",31,0,328421.83870967739
"DIVCORE/1152/128/127/DIV/top-clear",31,0,326303.03225806454
"DIVCORE/1152/128/127/MOD/top-clear",31,0,326470.80645161291
"DIVCORE/1152/128/127/DIV/top-one",31,0,331078.45161290321
"DIVCORE/1152/128/127/MOD/top-one",31,0,331437.51612903224
"DIVCORE/1152/128/127/DIV/padded",31,0,328819.25806451612
"DIVCORE/1152/128/127/MOD/padded",31,0,328800.03225806454
"DIVCORE/255/256/17/DIV/normalized",948,0,24.075949367088608
"DIVCORE/255/256/17/MOD/normalized",948,0,20.513713080168777
"DIVCORE/255/256/17/DIV/top-clear",948,0,23.731012658227847
"DIVCORE/255/256/17/MOD/top-clear",948,0,22.203586497890296
"DIVCORE/255/256/17/DIV/top-one",948,0,24.002109704641349
"DIVCORE/255/256/17/MOD/top-one",948,0,22.093881856540083
"DIVCORE/255/256/17/DIV/padded",948,0,23.950421940928269
"DIVCORE/255/256/17/MOD/padded",948,0,20.669831223628691
"DIVCORE/255/256/127/DIV/normalized",948,0,23.899789029535864
"DIVCORE/255/256/127/MOD/normalized",948,0,22.075949367088608
"DIVCORE/255/256/127/DIV/top-clear",948,0,23.906118143459917
"DIVCORE/255/256/127/MOD/top-clear",948,0,22.169831223628691
"DIVCORE/255/256/127/DIV/top-one",948,0,24.032700421940927
"DIVCORE/255/256/127/MOD/top-one",948,0,22.324894514767934
"DIVCORE/255/256/127/DIV/padded",948,0,23.925105485232066
"DIVCORE/255/256/127/MOD/padded",948,0,22.14240506329114
"DIVCORE/256/256/17/DIV/normalized",946,0,640.4947145877378
"DIVCORE/256/256/17/MOD/normalized",946,0,623.1067653276956
"DIVCORE/256/256/17/DIV/top-clear",946,0,1257.7505285412262
"DIVCORE/256/256/17/MOD/top-clear",946,0,1532.4291754756871
"DIVCORE/256/256/17/DIV/top-one",946,0,1261.6871035940803
"DIVCORE/256/256/17/MOD/top-one",946,0,1534.1543340380549
"DIVCORE/256/256/17/DIV/padded",946,0,636.43551797040175
"DIVCORE/256/256/17/MOD/padded",946,0,619.12050739957715
"DIVCORE/256/256/127/DIV/normalized",946,0,639.96617336152224
"DIVCORE/256/256/127/MOD/normalized",946,0,619.96828752642705
"DIVCORE/256/256/127/DIV/top-clear",946,0,1258.5338266384779
"DIVCORE/256/256/127/MOD/top-clear",946,0,1530.9439746300211
"DIVCORE/256/256/127/DIV/top-one",946,0,1263.3520084566596
"DIVCORE/256/256/127/MOD/top-one",946,0,1532.855179704017
"DIVCORE/256/256/127/DIV/padded",946,0,637.42071881606762
"DIVCORE/256/256/127/MOD/padded",946,0,619.71881606765328
"DIVCORE/257/256/17/DIV/normalized",945,0,1240.5978835978835
"DIVCORE/257/256/17/MOD/normalized",945,0,1222.1132275132275
"DIVCORE/257/256/17/DIV/top-clear",945,0,1905.0063492063491
"DIVCORE/257/256/17/MOD/top-clear",945,0,2140.0243386243387
"DIVCORE/257/256/17/DIV/top-one",945,0,1914.2719576719576
"DIVCORE/257/256/17/MOD/top-one",945,0,2143.7195767195767
"DIVCORE/257/256/17/DIV/padded",945,0,1246.1619047619047
"DIVCORE/257/256/17/MOD/padded",945,0,1230.5068783068782
"DIVCORE/257/256/17/DIV/add-back",945,0,874.07195767195765
"DIVCORE/257/256/17/MOD/add-back",945,0,857.51111111111106
"DIVCORE/257/256/127/DIV/normalized",945,0,1243.5269841269842
"DIVCORE/257/256/127/MOD/normalized",945,0,1221.1862433862434
"DIVCORE/257/256/127/DIV/top-clear",945,0,1905.8825396825396
"DIVCORE/257/256/127/MOD/top-clear",945,0,2142.4708994708994
"DIVCORE/257/256/127/DIV/top-one",945,0,1915.4306878306879
"DIVCORE/257/256/127/MOD/top-one",945,0,2144.152380952381
"DIVCORE/257/256/127/DIV/padded",945,0,1238.5936507936508
"DIVCORE/257/256/127/MOD/padded",945,0,1225.8878306878307
"DIVCORE/288/256/17/DIV/normalized",892,0,19061.106502242154
"DIVCORE/288/256/17/MOD/normalized",892,0,19045.939461883409
"DIVCORE/288/256/17/DIV/top-clear",892,0,20307.826233183856
"DIVCORE/288/256/17/MOD/top-clear",486,0,20591.779835390946
"DIVCORE/288/256/17/DIV/top-one",892,0,20404.216367713005
"DIVCORE/288/256/17/MOD/top-one",484,0,20662.39876033058
"DIVCORE/288/256/17/DIV/padded",892,0,19086.892376681615
"DIVCORE/288/256/17/MOD/padded",892,0,19068.877802690582
"DIVCORE/288/256/17/DIV/add-back",393,0,25494.033078880406
"DIVCORE/288/256/17/MOD/add-back",393,0,25477.765903307889
"DIVCORE/288/256/127/DIV/normalized",511,0,19619.438356164384
"DIVCORE/288/256/127/MOD/normalized",511,0,19601.350293542073
"DIVCORE/288/256/127/DIV/top-clear",892,0,20296.153587443947
"DIVCORE/288/256/127/MOD/top-clear",487,0,20585.597535934292
"DIVCORE/288/256/127/DIV/top-one",892,0,20382.378923766817
"DIVCORE/288/256/127/MOD/top-one",485,0,20653.288659793816
"DIVCORE/288/256/127/DIV/padded",892,0,19650.319506726457
"DIVCORE/288/256/127/MOD/padded",510,0,19621.739215686273
"DIVCORE/512/256/17/DIV/normalized",128,0,151441.3828125
"DIVCORE/512/256/17/MOD/normalized",128,0,151419.3828125
"DIVCORE/512/256/17/DIV/top-clear",128,0,153234.0859375
"DIVCORE/512/256/17/MOD/top-clear",128,0,153553.3515625
"DIVCORE/512/256/17/DIV/top-one",128,0,153966.5703125
"DIVCORE/512/256/17/MOD/top-one",128,0,154136.59375
"DIVCORE/512/256/17/DIV/padded",128,0,151557.4375
"DIVCORE/512/256/17/MOD/padded",128,0,151509.921875
"DIVCORE/512/256/17/DIV/add-back",50,0,202556.42000000001
"DIVCORE/512/256/17/MOD/add-back",50,0,202599.29999999999
"DIVCORE/512/256/127/DIV/normalized",128,0,151436.5078125
"DIVCORE/512/256/127/MOD/normalized",128,0,151364.09375
"DIVCORE/512/256/127/DIV/top-clear",128,0,153010.5859375
"DIVCORE/512/256/127/MOD/top-clear",128,0,153333.515625
"DIVCORE/512/256/127/DIV/top-one",128,0,153930.71875
"DIVCORE/512/256/127/MOD/top-one",128,0,154100.1640625
"DIVCORE/512/256/127/DIV/padded",128,0,151548.5625
"DIVCORE/512/256/127/MOD/padded",128,0,151520.1328125
"DIVCORE/1024/256/17/DIV/normalized",23,0,454090.52173913043
"DIVCORE/1024/256/17/MOD/normalized",23,0,454148.13043478259
"DIVCORE/1024/256/17/DIV/top-clear",22,0,456734.31818181818
"DIVCORE/1024/256/17/MOD/top-clear",22,0,457033.68181818182
"DIVCORE/1024/256/17/DIV/top-one",22,0,459082.45454545453
"DIVCORE/1024/256/17/MOD/top-one",22,0,459181.68181818182
"DIVCORE/1024/256/17/DIV/padded",22,0,454684.18181818182
"DIVCORE/1024/256/17/MOD/padded",23,0,454371.13043478259
"DIVCORE/1024/256/17/DIV/add-back",17,0,607481.17647058819
"DIVCORE/1024/256/17/MOD/add-back",17,0,607349
"DIVCORE/1024/256/127/DIV/normalized",23,0,453938
"DIVCORE/1024/256/127/MOD/normalized",44,0,454092.54545454547
"DIVCORE/1024/256/127/DIV/top-clear",22,0,456592.22727272729
"DIVCORE/1024/256/127/MOD/top-clear",22,0,456820.13636363635
"DIVCORE/1024/256/127/DIV/top-one",22,0,458947.77272727271
"DIVCORE/1024/256/127/MOD/top-one",22,0,459402.40909090912
"DIVCORE/1024/256/127/DIV/padded",23,0,454240
"DIVCORE/1024/256/127/MOD/padded",23,0,454358.04347826086
"DIVCORE/1280/256/17/DIV/normalized",17,0,605317.1176470588
"DIVCORE/1280/256/17/MOD/normalized",17,0,605255.8823529412
"DIVCORE/1280/256/17/DIV/top-clear",17,0,608418
"DIVCORE/1280/256/17/MOD/top-clear",17,0,608986.17647058819
"DIVCORE/1280/256/17/DIV/top-one",17,0,611541.82352941181
"DIVCORE/1280/256/17/MOD/top-one",17,0,612157.5294117647
"DIVCORE/1280/256/17/DIV/padded",17,0,605761.5294117647
"DIVCORE/1280/256/17/MOD/padded",17,0,606174.70588235289
"DIVCORE/1280/256/17/DIV/add-back",16,0,810558.5625
"DIVCORE/1280/256/17/MOD/add-back",16,0,810377.5625
"DIVCORE/1280/256/127/DIV/normalized",17,0,606260.5294117647
"DIVCORE/1280/256/127/MOD/normalized",17,0,607336.23529411759
"DIVCORE/1280/256/127/DIV/top-clear",17,0,608199.6470588235
"DIVCORE/1280/256/127/MOD/top-clear",17,0,608643.6470588235
"DIVCORE/1280/256/127/DIV/top-one",17,0,611687.1176470588
"DIVCORE/1280/256/127/MOD/top-one",17,0,612221.29411764711
"DIVCORE/1280/256/127/DIV/padded",17,0,606265.5294117647
"DIVCORE/1280/256/127/MOD/padded",17,0,606233.3529411765
"DIVCORE/1023/1024/17/DIV/normalized",242,0,26.491735537190081
"DIVCORE/1023/1024/17/MOD/normalized",242,0,20.289256198347108
"DIVCORE/1023/1024/17/DIV/top-clear",242,0,23.946280991735538
"DIVCORE/1023/1024/17/MOD/top-clear",242,0,21.016528925619834
"DIVCORE/1023/1024/17/DIV/top-one",242,0,23.793388429752067
"DIVCORE/1023/1024/17/MOD/top-one",242,0,21.15702479338843
"DIVCORE/1023/1024/17/DIV/padded",242,0,24.09090909090909
"DIVCORE/1023/1024/17/MOD/padded",242,0,21.078512396694215
"DIVCORE/1023/1024/127/DIV/normalized",242,0,24.297520661157026
"DIVCORE/1023/1024/127/MOD/normalized",242,0,21.198347107438018
"DIVCORE/1023/1024/127/DIV/top-clear",242,0,24.404958677685951
"DIVCORE/1023/1024/127/MOD/top-clear",242,0,21.359504132231404
"DIVCORE/1023/1024/127/DIV/top-one",242,0,24.037190082644628
"DIVCORE/1023/1024/127/MOD/top-one",242,0,20.785123966942148
"DIVCORE/1023/1024/127/DIV/padded",242,0,25.607438016528924
"DIVCORE/1023/1024/127/MOD/padded",242,0,21.115702479338843
"DIVCORE/1024/1024/17/DIV/normalized",242,0,236.69834710743802
"DIVCORE/1024/1024/17/MOD/normalized",242,0,57.02479338842975
"DIVCORE/1024/1024/17/DIV/top-clear",242,0,4942.6198347107438
"DIVCORE/1024/1024/17/MOD/top-clear",242,0,5919.9214876033056
"DIVCORE/1024/1024/17/DIV/top-one",242,0,4836.3677685950415
"DIVCORE/1024/1024/17/MOD/top-one",242,0,5911.9917355371899
"DIVCORE/1024/1024/17/DIV/padded",242,0,236.50413223140495
"DIVCORE/1024/1024/17/MOD/padded",242,0,55.991735537190081
"DIVCORE/1024/1024/127/DIV/normalized",242,0,236.67768595041323
"DIVCORE/1024/1024/127/MOD/normalized",242,0,56.111570247933884
"DIVCORE/1024/1024/127/DIV/top-clear",242,0,4932.1157024793392
"DIVCORE/1024/1024/127/MOD/top-clear",242,0,5849.4586776859505
"DIVCORE/1024/1024/127/DIV/top-one",242,0,4930.5371900826449
"DIVCORE/1024/1024/127/MOD/top-one",242,0,5910.5123966942147
"DIVCORE/1024/1024/127/DIV/padded",242,0,236.8388429752066
"DIVCORE/1024/1024/127/MOD/padded",242,0,57.884297520661157
"DIVCORE/1025/1024/17/DIV/normalized",242,0,2593.4710743801652
"DIVCORE/1025/1024/17/MOD/normalized",242,0,2460.9297520661157
"DIVCORE/1025/1024/17/DIV/top-clear",242,0,7200.045454545455
"DIVCORE/1025/1024/17/MOD/top-clear",242,0,8297.2892561983463
"DIVCORE/1025/1024/17/DIV/top-one",242,0,7267.363636363636
"DIVCORE/1025/1024/17/MOD/top-one",242,0,8197.5495867768586
"DIVCORE/1025/1024/17/DIV/padded",242,0,2627.4876033057853
"DIVCORE/1025/1024/17/MOD/padded",242,0,2466.2107438016528
"DIVCORE/1025/1024/17/DIV/add-back",242,0,3538.1859504132231
"DIVCORE/1025/1024/17/MOD/add-back",242,0,3402.0165289256197
"DIVCORE/1025/1024/127/DIV/normalized",242,0,4969.3595041322315
"DIVCORE/1025/1024/127/MOD/normalized",242,0,4809.909090909091
"DIVCORE/1025/1024/127/DIV/top-clear",242,0,7272.9586776859505
"DIVCORE/1025/1024/127/MOD/top-clear",242,0,8136.5082644628101
"DIVCORE/1025/1024/127/DIV/top-one",242,0,7252.4834710743798
"DIVCORE/1025/1024/127/MOD/top-one",242,0,8245.6115702479347
"DIVCORE/1025/1024/127/DIV/padded",242,0,4977.4834710743798
"DIVCORE/1025/1024/127/MOD/padded",242,0,4812.4917355371899
"DIVCORE/1056/1024/17/DIV/normalized",134,0,72626.044776119408
"DIVCORE/1056/1024/17/MOD/normalized",139,0,74324.223021582729
"DIVCORE/1056/1024/17/DIV/top-clear",238,0,77327.521008403361
"DIVCORE/1056/1024/17/MOD/top-clear",238,0,78279.936974789918
"DIVCORE/1056/1024/17/DIV/top-one",128,0,81311.3828125
"DIVCORE/1056/1024/17/MOD/top-one",128,0,81197.625
"DIVCORE/1056/1024/17/DIV/padded",238,0,74388.327731092431
"DIVCORE/1056/1024/17/MOD/padded",238,0,74378
"DIVCORE/1056/1024/17/DIV/add-back",128,0,101334.625
"DIVCORE/1056/1024/17/MOD/add-back",128,0,100633.296875
"DIVCORE/1056/1024/127/DIV/normalized",137,0,73284.437956204376
"DIVCORE/1056/1024/127/MOD/normalized",137,0,74254.554744525551
"DIVCORE/1056/1024/127/DIV/top-clear",129,0,80569.100775193801
"DIVCORE/1056/1024/127/MOD/top-clear",128,0,81248.0546875
"DIVCORE/1056/1024/127/DIV/top-one",128,0,78887.0625
"DIVCORE/1056/1024/127/MOD/top-one",128,0,81671.1484375
"DIVCORE/1056/1024/127/DIV/padded",133,0,74657.323308270672
"DIVCORE/1056/1024/127/MOD/padded",136,0,74127.51470588235
"DIVCORE/2048/1024/17/DIV/normalized",5,0,2343805.6000000001
"DIVCORE/2048/1024/17/MOD/normalized",5,0,2332285.3999999999
"DIVCORE/2048/1024/17/DIV/top-clear",5,0,2377311.3999999999
"DIVCORE/2048/1024/17/MOD/top-clear",5,0,2363725.2000000002
"DIVCORE/2048/1024/17/DIV/top-one",5,0,2345192.7999999998
"DIVCORE/2048/1024/17/MOD/top-one",5,0,2373684.3999999999
"DIVCORE/2048/1024/17/DIV/padded",5,0,2310898.2000000002
"DIVCORE/2048/1024/17/MOD/padded",5,0,2309911.3999999999
"DIVCORE/2048/1024/17/DIV/add-back",4,0,3179620.75
"DIVCORE/2048/1024/17/MOD/add-back",4,0,3163052.5
"DIVCORE/2048/1024/127/DIV/normalized",5,0,2320862
"DIVCORE/2048/1024/127/MOD/normalized",5,0,2321097.2000000002
"DIVCORE/2048/1024/127/DIV/top-clear",5,0,2351322
"DIVCORE/2048/1024/127/MOD/top-clear",5,0,2355221.6000000001
"DIVCORE/2048/1024/127/DIV/top-one",5,0,2352218.2000000002
"DIVCORE/2048/1024/127/MOD/top-one",5,0,2400043
"DIVCORE/2048/1024/127/DIV/padded",5,0,2321210.2000000002
"DIVCORE/2048/1024/127/MOD/padded",5,0,2323668.3999999999
"DIVCORE/4096/1024/17/DIV/normalized",2,0,6947696.5
"DIVCORE/4096/1024/17/MOD/normalized",2,0,7063965
"DIVCORE/4096/1024/17/DIV/top-clear",2,0,6949645.5
"DIVCORE/4096/1024/17/MOD/top-clear",2,0,7004733
"DIVCORE/4096/1024/17/DIV/top-one",2,0,6964616.5
"DIVCORE/4096/1024/17/MOD/top-one",2,0,6924404.5
"DIVCORE/4096/1024/17/DIV/padded",2,0,6959504
"DIVCORE/4096/1024/17/MOD/padded",2,0,7004515.5
"DIVCORE/4096/1024/17/DIV/add-back",2,0,9473216
"DIVCORE/4096/1024/17/MOD/add-back",2,0,9591855.5
"DIVCORE/4096/1024/127/DIV/normalized",2,0,7095473.5
"DIVCORE/4096/1024/127/MOD/normalized",2,0,7081472.5
"DIVCORE/4096/1024/127/DIV/top-clear",2,0,7170808
"DIVCORE/4096/1024/127/MOD/top-clear",2,0,7110091.5
"DIVCORE/4096/1024/127/DIV/top-one",2,0,7130036.5
"DIVCORE/4096/1024/127/MOD/top-one",2,0,7182494.5
"DIVCORE/4096/1024/127/DIV/padded",2,0,7056575.5
"DIVCORE/4096/1024/127/MOD/padded",2,0,7111262
"DIVCORE/1/1/17/DIV/normalized",27777,1,32.25308708643842
"DIVCORE/1/1/17/MOD/normalized",27777,1,29.229578428195989
"DIVCORE/1/1/17/DIV/top-clear",27777,1,29.293048205349749
"DIVCORE/1/1/17/MOD/top-clear",27777,1,29.362998163948589
"DIVCORE/1/1/17/DIV/top-one",27777,1,29.783597940742339
"DIVCORE/1/1/17/MOD/top-one",27777,1,28.494581848291752
"DIVCORE/1/1/17/DIV/padded",27777,1,29.77081758289232
"DIVCORE/1/1/17/MOD/padded",27777,1,29.201317636893833
"DIVCORE/1/1/127/DIV/normalized",27777,1,29.765129423623861
"DIVCORE/1/1/127/MOD/normalized",27777,1,29.304100514814415
"DIVCORE/1/1/127/DIV/top-clear",27777,1,29.782877920581775
"DIVCORE/1/1/127/MOD/top-clear",27777,1,29.287864060193684
"DIVCORE/1/1/127/DIV/top-one",27777,1,29.672606832991324
"DIVCORE/1/1/127/MOD/top-one",27777,1,28.486121611405121
"DIVCORE/1/1/127/DIV/padded",27777,1,29.783057925621918
"DIVCORE/1/1/127/MOD/padded",27777,1,29.240774741692768
"DIVCORE/2/1/17/DIV/normalized",26315,1,75.850769523085688
"DIVCORE/2/1/17/MOD/normalized",26315,1,73.907391221736646
"DIVCORE/2/1/17/DIV/top-clear",26315,1,100.35557666730001
"DIVCORE/2/1/17/MOD/top-clear",26315,1,99.688124643739314
"DIVCORE/2/1/17/DIV/top-one",26315,1,100.13577807334219
"DIVCORE/2/1/17/MOD/top-one",26315,1,99.763708911267344
"DIVCORE/2/1/17/DIV/padded",26315,1,75.430476914307434
"DIVCORE/2/1/17/MOD/padded",26315,1,74.603762112863393
"DIVCORE/2/1/127/DIV/normalized",26315,1,75.710887326619797
"DIVCORE/2/1/127/MOD/normalized",26315,1,74.697472924187721
"DIVCORE/2/1/127/DIV/top-clear",26315,1,100.9753372601178
"DIVCORE/2/1/127/MOD/top-clear",26315,1,99.868212046361393
"DIVCORE/2/1/127/DIV/top-one",26315,1,100.31290138704161
"DIVCORE/2/1/127/MOD/top-one",26315,1,99.888238647159412
"DIVCORE/2/1/127/DIV/padded",26315,1,75.792665779973404
"DIVCORE/2/1/127/MOD/padded",26315,1,74.871556146684398
"DIVCORE/4/1/17/DIV/normalized",23809,1,133.03843084547859
"DIVCORE/4/1/17/MOD/normalized",23809,1,132.82674618841614
"DIVCORE/4/1/17/DIV/top-clear",23809,1,160.22940904699902
"DIVCORE/4/1/17/MOD/top-clear",23809,1,159.32832122306689
"DIVCORE/4/1/17/DIV/top-one",23809,1,159.32718719811837
"DIVCORE/4/1/17/MOD/top-one",23809,1,159.18530807677769
"DIVCORE/4/1/17/DIV/padded",23809,1,134.84547860052922
"DIVCORE/4/1/17/MOD/padded",23809,1,133.99479188542148
"DIVCORE/4/1/127/DIV/normalized",23809,1,132.7886513503297
"DIVCORE/4/1/127/MOD/normalized",23809,1,132.83632239909278
"DIVCORE/4/1/127/DIV/top-clear",23809,1,159.96064513419296
"DIVCORE/4/1/127/MOD/top-clear",23809,1,159.2832962325171
"DIVCORE/4/1/127/DIV/top-one",23809,1,159.79028938636651
"DIVCORE/4/1/127/MOD/top-one",23809,1,158.29606451341928
"DIVCORE/4/1/127/DIV/padded",23809,1,133.64576420681254
"DIVCORE/4/1/127/MOD/padded",23809,1,133.01369230123063
"DIVCORE/33/1/17/DIV/normalized",10000,1,978.53639999999996
"DIVCORE/33/1/17/MOD/normalized",10000,1,990.56420000000003
"DIVCORE/33/1/17/DIV/top-clear",10000,1,1041.4006999999999
"DIVCORE/33/1/17/MOD/top-clear",9653,1,1033.5355847922926
"DIVCORE/33/1/17/DIV/top-one",9639,1,1040.0862122626829
"DIVCORE/33/1/17/MOD/top-one",9656,1,1034.3050952775477
"DIVCORE/33/1/17/DIV/padded",10000,1,1003.5393
"DIVCORE/33/1/17/MOD/padded",9928,1,1011.5368654311039
"DIVCORE/33/1/127/DIV/normalized",10000,1,980.85640000000001
"DIVCORE/33/1/127/MOD/normalized",10000,1,989.9615
"DIVCORE/33/1/127/DIV/top-clear",9556,1,1040.3045207199666
"DIVCORE/33/1/127/MOD/top-clear",10000,1,1034.0451
"DIVCORE/33/1/127/DIV/top-one",10000,1,1041.7750000000001
"DIVCORE/33/1/127/MOD/top-one",10000,1,1035.3517999999999
"DIVCORE/33/1/127/DIV/padded",10000,1,1001.5903
"DIVCORE/33/1/127/MOD/padded",9914,1,1010.7113173290296
"DIVCORE/1025/1/17/DIV/normalized",342,1,29523.865497076022
"DIVCORE/1025/1/17/MOD/normalized",479,1,29975.40292275574
"DIVCORE/1025/1/17/DIV/top-clear",322,1,30851.335403726709
"DIVCORE/1025/1/17/MOD/top-clear",479,1,30733.885177453027
"DIVCORE/1025/1/17/DIV/top-one",322,1,30847.248447204969
"DIVCORE/1025/1/17/MOD/top-one",325,1,30727.406153846154
"DIVCORE/1025/1/17/DIV/padded",333,1,30107.837837837837
"DIVCORE/1025/1/17/MOD/padded",479,1,30526.114822546973
"DIVCORE/1025/1/127/DIV/normalized",340,1,29520.441176470587
"DIVCORE/1025/1/127/MOD/normalized",334,1,29918.062874251496
"DIVCORE/1025/1/127/DIV/top-clear",479,1,30727.498956158663
"DIVCORE/1025/1/127/MOD/top-clear",325,1,30776.172307692308
"DIVCORE/1025/1/127/DIV/top-one",322,1,30852.624223602485
"DIVCORE/1025/1/127/MOD/top-one",479,1,30722.202505219208
"DIVCORE/1025/1/127/DIV/padded",479,1,30207.724425887263
"DIVCORE/1025/1/127/MOD/padded",334,1,30550.79640718563
"DIVCORE/65536/1/17/DIV/normalized",6,1,1876627.5
"DIVCORE/65536/1/17/MOD/normalized",6,1,1873171.3333333333
"DIVCORE/65536/1/17/DIV/top-one",6,1,1957454
"DIVCORE/65536/1/17/MOD/top-one",6,1,1951427.3333333333
"DIVCORE/500000/1/17/DIV/normalized",1,1,14371332
"DIVCORE/500000/1/17/MOD/normalized",1,1,14319302
"DIVCORE/500000/1/17/DIV/top-one",1,1,14995788
"DIVCORE/500000/1/17/MOD/top-one",1,1,14882828
"DIVCORE/1/2/17/DIV/normalized",26315,1,20.135740072202164
"DIVCORE/1/2/17/MOD/normalized",26315,1,15.097890936728103
"DIVCORE/1/2/17/DIV/top-clear",26315,1,19.260155804674142
"DIVCORE/1/2/17/MOD/top-clear",26315,1,15.081170435113053
"DIVCORE/1/2/17/DIV/top-one",26315,1,19.157286718601558
"DIVCORE/1/2/17/MOD/top-one",26315,1,15.18597757932738
"DIVCORE/1/2/17/DIV/padded",26315,1,19.264107923237699
"DIVCORE/1/2/17/MOD/padded",26315,1,15.085236557096714
"DIVCORE/1/2/127/DIV/normalized",26315,1,19.201330039901197
"DIVCORE/1/2/127/MOD/normalized",26315,1,15.205814174425234
"DIVCORE/1/2/127/DIV/top-clear",26315,1,19.179821394641838
"DIVCORE/1/2/127/MOD/top-clear",26315,1,15.08485654569637
"DIVCORE/1/2/127/DIV/top-one",26315,1,19.209538286148586
"DIVCORE/1/2/127/MOD/top-one",26315,1,15.213452403572107
"DIVCORE/1/2/127/DIV/padded",26315,1,19.097662929887896
"DIVCORE/1/2/127/MOD/padded",26315,1,15.074254227626829
"DIVCORE/2/2/17/DIV/normalized",25000,1,63.223680000000002
"DIVCORE/2/2/17/MOD/normalized",25000,1,59.144039999999997
"DIVCORE/2/2/17/DIV/top-clear",25000,1,89.750720000000001
"DIVCORE/2/2/17/MOD/top-clear",25000,1,88.459639999999993
"DIVCORE/2/2/17/DIV/top-one",25000,1,89.656000000000006
"DIVCORE/2/2/17/MOD/top-one",25000,1,88.288359999999997
"DIVCORE/2/2/17/DIV/padded",25000,1,63.139479999999999
"DIVCORE/2/2/17/MOD/padded",25000,1,58.630040000000001
"DIVCORE/2/2/127/DIV/normalized",25000,1,54.607680000000002
"DIVCORE/2/2/127/MOD/normalized",25000,1,51.481119999999997
"DIVCORE/2/2/127/DIV/top-clear",25000,1,89.589119999999994
"DIVCORE/2/2/127/MOD/top-clear",25000,1,88.037599999999998
"DIVCORE/2/2/127/DIV/top-one",25000,1,91.579679999999996
"DIVCORE/2/2/127/MOD/top-one",25000,1,90.255600000000001
"DIVCORE/2/2/127/DIV/padded",25000,1,54.989719999999998
"DIVCORE/2/2/127/MOD/padded",25000,1,51.337600000000002
"DIVCORE/3/2/17/DIV/normalized",23809,1,101.04515099332185
"DIVCORE/3/2/17/MOD/normalized",23809,1,100.51854340795498
"DIVCORE/3/2/17/DIV/top-clear",23809,1,128.16380360367927
"DIVCORE/3/2/17/MOD/top-clear",23809,1,131.90898399764794
"DIVCORE/3/2/17/DIV/top-one",23809,1,128.23549918098198
"DIVCORE/3/2/17/MOD/top-one",23809,1,132.3717081775799
"DIVCORE/3/2/17/DIV/padded",23809,1,101.27061195346297
"DIVCORE/3/2/17/MOD/padded",23809,1,101.87235919190222
"DIVCORE/3/2/127/DIV/normalized",23809,1,100.44722583896846
"DIVCORE/3/2/127/MOD/normalized",23809,1,100.57444663782603
"DIVCORE/3/2/127/DIV/top-clear",23809,1,130.91923222310891
"DIVCORE/3/2/127/MOD/top-clear",23809,1,132.47377042294931
"DIVCORE/3/2/127/DIV/top-one",23809,1,128.0646814229913
"DIVCORE/3/2/127/MOD/top-one",23809,1,132.36318199000377
"DIVCORE/3/2/127/DIV/padded",23809,1,101.50531311688857
"DIVCORE/3/2/127/MOD/padded",23809,1,101.33667940694696
"DIVCORE/4/2/17/DIV/normalized",22727,1,134.38469661635941
"DIVCORE/4/2/17/MOD/normalized",22727,1,133.39666475997711
"DIVCORE/4/2/17/DIV/top-clear",22727,1,170.91323095877149
"DIVCORE/4/2/17/MOD/top-clear",22727,1,173.44541734500814
"DIVCORE/4/2/17/DIV/top-one",22727,1,169.07018084217012
"DIVCORE/4/2/17/MOD/top-one",22727,1,173.28587143045718
"DIVCORE/4/2/17/DIV/padded",22727,1,135.70502046024552
"DIVCORE/4/2/17/MOD/padded",22727,1,135.0617767413209
"DIVCORE/4/2/127/DIV/normalized",22727,1,139.83314999779998
"DIVCORE/4/2/127/MOD/normalized",22727,1,139.42332907994896
"DIVCORE/4/2/127/DIV/top-clear",22727,1,173.14594975139701
"DIVCORE/4/2/127/MOD/top-clear",22727,1,175.39596075152903
"DIVCORE/4/2/127/DIV/top-one",22727,1,169.16341796101554
"DIVCORE/4/2/127/MOD/top-one",22727,1,172.66740000880012
"DIVCORE/4/2/127/DIV/padded",22727,1,141.09891318695824
"DIVCORE/4/2/127/MOD/padded",22727,1,141.118053416641
"DIVCORE/8/2/17/DIV/normalized",19230,1,293.44971398855955
"DIVCORE/8/2/17/MOD/normalized",19230,1,292.08029121164844
"DIVCORE/8/2/17/DIV/top-clear",19230,1,341.34243369734787
"DIVCORE/8/2/17/MOD/top-clear",19230,1,343.37243889755592
"DIVCORE/8/2/17/DIV/top-one",19230,1,338.01357254290173
"DIVCORE/8/2/17/MOD/top-one",19230,1,343.86193447737912
"DIVCORE/8/2/17/DIV/padded",19230,1,297.10083203328134
"DIVCORE/8/2/17/MOD/padded",19230,1,295.04784191367656
"DIVCORE/8/2/127/DIV/normalized",19230,1,298.88283931357256
"DIVCORE/8/2/127/MOD/normalized",19230,1,298.46365054602182
"DIVCORE/8/2/127/DIV/top-clear",19230,1,339.16963078523139
"DIVCORE/8/2/127/MOD/top-clear",19230,1,341.12475299011959
"DIVCORE/8/2/127/DIV/top-one",19230,1,332.46989079563184
"DIVCORE/8/2/127/MOD/top-one",19230,1,335.34050962038481
"DIVCORE/8/2/127/DIV/padded",19230,1,302.20442017680705
"DIVCORE/8/2/127/MOD/padded",19230,1,302.13650546021842
"DIVCORE/34/2/17/DIV/normalized",8192,1,1366.3729248046875
"DIVCORE/34/2/17/MOD/normalized",8192,1,1369.6094970703125
"DIVCORE/34/2/17/DIV/top-clear",8192,1,1456.475830078125
"DIVCORE/34/2/17/MOD/top-clear",8192,1,1462.8409423828125
"DIVCORE/34/2/17/DIV/top-one",8192,1,1398.4825439453125
"DIVCORE/34/2/17/MOD/top-one",8192,1,1401.9373779296875
"DIVCORE/34/2/17/DIV/padded",8192,1,1390.232177734375
"DIVCORE/34/2/17/MOD/padded",8192,1,1391.4925537109375
"DIVCORE/34/2/127/DIV/normalized",8192,1,1373.245361328125
"DIVCORE/34/2/127/MOD/normalized",8192,1,1371.58056640625
"DIVCORE/34/2/127/DIV/top-clear",8192,1,1491.5440673828125
"DIVCORE/34/2/127/MOD/top-clear",8192,1,1494.41796875
"DIVCORE/34/2/127/DIV/top-one",8192,1,1447.1959228515625
"DIVCORE/34/2/127/MOD/top-one",8192,1,1456.6165771484375
"DIVCORE/34/2/127/DIV/padded",8192,1,1391.646484375
"DIVCORE/34/2/127/MOD/padded",8192,1,1389.44873046875
"DIVCORE/1026/2/17/DIV/normalized",227,1,43950.004405286345
"DIVCORE/1026/2/17/MOD/normalized",227,1,43975.409691629953
"DIVCORE/1026/2/17/DIV/top-clear",219,1,45585.461187214612
"DIVCORE/1026/2/17/MOD/top-clear",219,1,45532.716894977166
"DIVCORE/1026/2/17/DIV/top-one",239,1,41627.924686192469
"DIVCORE/1026/2/17/MOD/top-one",239,1,41563.338912133891
"DIVCORE/1026/2/17/DIV/padded",224,1,44513.544642857145
"DIVCORE/1026/2/17/MOD/padded",224,1,44525.214285714283
"DIVCORE/1026/2/127/DIV/normalized",232,1,42945.306034482761
"DIVCORE/1026/2/127/MOD/normalized",231,1,42929.978354978353
"DIVCORE/1026/2/127/DIV/top-clear",221,1,45499.361990950223
"DIVCORE/1026/2/127/MOD/top-clear",221,1,45117.280542986424
"DIVCORE/1026/2/127/DIV/top-one",225,1,44383.844444444447
"DIVCORE/1026/2/127/MOD/top-one",224,1,44354.116071428572
"DIVCORE/1026/2/127/DIV/padded",456,1,43716.182017543862
"DIVCORE/1026/2/127/MOD/padded",229,1,43446.27074235808
"DIVCORE/65536/2/17/DIV/normalized",4,1,2840977
"DIVCORE/65536/2/17/MOD/normalized",4,1,2833747.25
"DIVCORE/65536/2/17/DIV/top-one",4,1,2660758
"DIVCORE/65536/2/17/MOD/top-one",4,1,2656865.25
"DIVCORE/500000/2/17/DIV/normalized",1,1,21709604
"DIVCORE/500000/2/17/MOD/normalized",1,1,21666476
"DIVCORE/500000/2/17/DIV/top-one",1,1,20443880
"DIVCORE/500000/2/17/MOD/top-one",1,1,20232480
"DIVCORE/2/3/17/DIV/normalized",23809,1,19.77222898903776
"DIVCORE/2/3/17/MOD/normalized",23809,1,15.121676676886892
"DIVCORE/2/3/17/DIV/top-clear",23809,1,19.216010752236549
"DIVCORE/2/3/17/MOD/top-clear",23809,1,15.127976815489941
"DIVCORE/2/3/17/DIV/top-one",23809,1,19.425553362173968
"DIVCORE/2/3/17/MOD/top-one",23809,1,15.123902725859969
"DIVCORE/2/3/17/DIV/padded",23809,1,19.120962661178545
"DIVCORE/2/3/17/MOD/padded",23809,1,15.229955059011298
"DIVCORE/2/3/127/DIV/normalized",23809,1,19.114620521651478
"DIVCORE/2/3/127/MOD/normalized",23809,1,15.237137217018775
"DIVCORE/2/3/127/DIV/top-clear",23809,1,19.105842328531228
"DIVCORE/2/3/127/MOD/top-clear",23809,1,15.128186820110042
"DIVCORE/2/3/127/DIV/top-one",23809,1,19.22512495274896
"DIVCORE/2/3/127/MOD/top-one",23809,1,15.100298206560545
"DIVCORE/2/3/127/DIV/padded",23809,1,19.364862026964595
"DIVCORE/2/3/127/MOD/padded",23809,1,15.111470452349952
"DIVCORE/3/3/17/DIV/normalized",22727,1,65.136577638931669
"DIVCORE/3/3/17/MOD/normalized",22727,1,60.781757381088575
"DIVCORE/3/3/17/DIV/top-clear",22727,1,94.499845998151983
"DIVCORE/3/3/17/MOD/top-clear",22727,1,94.958683504202057
"DIVCORE/3/3/17/DIV/top-one",22727,1,94.238570862850352
"DIVCORE/3/3/17/MOD/top-one",22727,1,95.11941743300919
"DIVCORE/3/3/17/DIV/padded",22727,1,65.218550622607466
"DIVCORE/3/3/17/MOD/padded",22727,1,60.616271395256746
"DIVCORE/3/3/127/DIV/normalized",22727,1,54.379108549302593
"DIVCORE/3/3/127/MOD/normalized",22727,1,51.531790381484576
"DIVCORE/3/3/127/DIV/top-clear",22727,1,94.219122629471556
"DIVCORE/3/3/127/MOD/top-clear",22727,1,94.961279535354421
"DIVCORE/3/3/127/DIV/top-one",22727,1,94.317991815901792
"DIVCORE/3/3/127/MOD/top-one",22727,1,94.842082104985266
"DIVCORE/3/3/127/DIV/padded",22727,1,54.229902758833106
"DIVCORE/3/3/127/MOD/padded",22727,1,51.734544814537777
"DIVCORE/4/3/17/DIV/normalized",21739,1,98.415014490086946
"DIVCORE/4/3/17/MOD/normalized",21739,1,97.75780854685128
"DIVCORE/4/3/17/DIV/top-clear",21739,1,136.0999125994756
"DIVCORE/4/3/17/MOD/top-clear",21739,1,140.15865495192972
"DIVCORE/4/3/17/DIV/top-one",21739,1,138.17061502369015
"DIVCORE/4/3/17/MOD/top-one",21739,1,142.59450756704541
"DIVCORE/4/3/17/DIV/padded",21739,1,98.806660839965033
"DIVCORE/4/3/17/MOD/padded",21739,1,97.937807626845768
"DIVCORE/4/3/17/DIV/add-back",21739,1,79.176963061778366
"DIVCORE/4/3/17/MOD/add-back",21739,1,78.139426836561015
"DIVCORE/4/3/127/DIV/normalized",21739,1,105.36919821518929
"DIVCORE/4/3/127/MOD/normalized",21739,1,105.94571967431804
"DIVCORE/4/3/127/DIV/top-clear",21739,1,136.23984543907264
"DIVCORE/4/3/127/MOD/top-clear",21739,1,140.2168453010718
"DIVCORE/4/3/127/DIV/top-one",21739,1,137.00754404526427
"DIVCORE/4/3/127/MOD/top-one",21739,1,141.4413266479599
"DIVCORE/4/3/127/DIV/padded",21739,1,105.95560973365841
"DIVCORE/4/3/127/MOD/padded",21739,1,105.42380054280326
"DIVCORE/6/3/17/DIV/normalized",20000,1,180.15445
"DIVCORE/6/3/17/MOD/normalized",20000,1,179.23544999999999
"DIVCORE/6/3/17/DIV/top-clear",20000,1,221.96719999999999
"DIVCORE/6/3/17/MOD/top-clear",20000,1,226.3777
"DIVCORE/6/3/17/DIV/top-one",20000,1,225.68045000000001
"DIVCORE/6/3/17/MOD/top-one",20000,1,230.2268
"DIVCORE/6/3/17/DIV/padded",20000,1,181.36365000000001
"DIVCORE/6/3/17/MOD/padded",20000,1,181.1524
"DIVCORE/6/3/17/DIV/add-back",20000,1,120.8494
"DIVCORE/6/3/17/MOD/add-back",20000,1,119.5076
"DIVCORE/6/3/127/DIV/normalized",20000,1,180.67965000000001
"DIVCORE/6/3/127/MOD/normalized",20000,1,180.26325
"DIVCORE/6/3/127/DIV/top-clear",20000,1,220.85040000000001
"DIVCORE/6/3/127/MOD/top-clear",20000,1,224.50919999999999
"DIVCORE/6/3/127/DIV/top-one",20000,1,220.62954999999999
"DIVCORE/6/3/127/MOD/top-one",20000,1,225.12795
"DIVCORE/6/3/127/DIV/padded",20000,1,182.4151
"DIVCORE/6/3/127/MOD/padded",20000,1,181.96719999999999
"DIVCORE/12/3/17/DIV/normalized",16129,1,433.86242172484344
"DIVCORE/12/3/17/MOD/normalized",16129,1,432.82261764523531
"DIVCORE/12/3/17/DIV/top-clear",16129,1,492.56556513113026
"DIVCORE/12/3/17/MOD/top-clear",16129,1,495.98722797445595
"DIVCORE/12/3/17/DIV/top-one",16129,1,486.33132866265731
"DIVCORE/12/3/17/MOD/top-one",16129,1,489.83923367846734
"DIVCORE/12/3/17/DIV/padded",16129,1,438.50840101680205
"DIVCORE/12/3/17/MOD/padded",16129,1,437.5235290470581
"DIVCORE/12/3/17/DIV/add-back",16129,1,256.64182528365058
"DIVCORE/12/3/17/MOD/add-back",16129,1,255.80060760121521
"DIVCORE/12/3/127/DIV/normalized",16129,1,439.65645731291465
"DIVCORE/12/3/127/MOD/normalized",16129,1,439.70729741459485
"DIVCORE/12/3/127/DIV/top-clear",16129,1,489.28774257548514
"DIVCORE/12/3/127/MOD/top-clear",16129,1,493.24260648521295
"DIVCORE/12/3/127/DIV/top-one",16129,1,484.66110732221466
"DIVCORE/12/3/127/MOD/top-one",16129,1,488.60865521731046
"DIVCORE/12/3/127/DIV/padded",16129,1,445.23392646785294
"DIVCORE/12/3/127/MOD/padded",16129,1,445.45210490420982
"DIVCORE/35/3/17/DIV/normalized",8192,1,1499.2974853515625
"DIVCORE/35/3/17/MOD/normalized",8192,1,1498.537353515625
"DIVCORE/35/3/17/DIV/top-clear",8192,1,1586.595947265625
"DIVCORE/35/3/17/MOD/top-clear",8192,1,1592.3677978515625
"DIVCORE/35/3/17/DIV/top-one",8192,1,1582.6981201171875
"DIVCORE/35/3/17/MOD/top-one",8192,1,1588.3409423828125
"DIVCORE/35/3/17/DIV/padded",8192,1,1502.493408203125
"DIVCORE/35/3/17/MOD/padded",8192,1,1502.774169921875
"DIVCORE/35/3/17/DIV/add-back",9259,1,732.85559995679876
"DIVCORE/35/3/17/MOD/add-back",9259,1,732.010152284264
"DIVCORE/35/3/127/DIV/normalized",8192,1,1501.167724609375
"DIVCORE/35/3/127/MOD/normalized",8192,1,1500.43359375
"DIVCORE/35/3/127/DIV/top-clear",8192,1,1517.5994873046875
"DIVCORE/35/3/127/MOD/top-clear",8192,1,1524.1170654296875
"DIVCORE/35/3/127/DIV/top-one",8192,1,1570.2562255859375
"DIVCORE/35/3/127/MOD/top-one",8192,1,1578.7701416015625
"DIVCORE/35/3/127/DIV/padded",8192,1,1518.3021240234375
"DIVCORE/35/3/127/MOD/padded",8192,1,1515.7254638671875
"DIVCORE/1027/3/17/DIV/normalized",224,1,44460.84375
"DIVCORE/1027/3/17/MOD/normalized",224,1,44489.241071428572
"DIVCORE/1027/3/17/DIV/top-clear",212,1,47228.089622641506
"DIVCORE/1027/3/17/MOD/top-clear",211,1,47244.848341232224
"DIVCORE/1027/3/17/DIV/top-one",214,1,46546.990654205605
"DIVCORE/1027/3/17/MOD/top-one",213,1,46659.427230046946
"DIVCORE/1027/3/17/DIV/padded",222,1,44919.099099099098
"DIVCORE/1027/3/17/MOD/padded",221,1,44938.090497737554
"DIVCORE/1027/3/17/DIV/add-back",469,1,21398.690831556502
"DIVCORE/1027/3/17/MOD/add-back",468,1,21432.363247863246
"DIVCORE/1027/3/127/DIV/normalized",218,1,45614.64220183486
"DIVCORE/1027/3/127/MOD/normalized",218,1,45660.853211009176
"DIVCORE/1027/3/127/DIV/top-clear",222,1,44794.148648648646
"DIVCORE/1027/3/127/MOD/top-clear",221,1,44813.642533936654
"DIVCORE/1027/3/127/DIV/top-one",211,1,47346.710900473932
"DIVCORE/1027/3/127/MOD/top-one",210,1,47411.833333333336
"DIVCORE/1027/3/127/DIV/padded",216,1,46121.828703703701
"DIVCORE/1027/3/127/MOD/padded",216,1,46271.740740740737
"DIVCORE/3/4/17/DIV/normalized",21739,1,19.148120888725334
"DIVCORE/3/4/17/MOD/normalized",21739,1,15.304383826302958
"DIVCORE/3/4/17/DIV/top-clear",21739,1,19.263995583973504
"DIVCORE/3/4/17/MOD/top-clear",21739,1,15.383274299645798
"DIVCORE/3/4/17/DIV/top-one",21739,1,19.313583881503288
"DIVCORE/3/4/17/MOD/top-one",21739,1,15.219927319563917
"DIVCORE/3/4/17/DIV/padded",21739,1,19.325865955195731
"DIVCORE/3/4/17/MOD/padded",21739,1,15.243617461704771
"DIVCORE/3/4/127/DIV/normalized",21739,1,19.272091632549795
"DIVCORE/3/4/127/MOD/normalized",21739,1,15.054326325957955
"DIVCORE/3/4/127/DIV/top-clear",21739,1,19.112654675928056
"DIVCORE/3/4/127/MOD/top-clear",21739,1,15.073830442982658
"DIVCORE/3/4/127/DIV/top-one",21739,1,19.16744100464603
"DIVCORE/3/4/127/MOD/top-one",21739,1,15.103592621555729
"DIVCORE/3/4/127/DIV/padded",21739,1,19.118220709324255
"DIVCORE/3/4/127/MOD/padded",21739,1,15.227747366484198
"DIVCORE/4/4/17/DIV/normalized",20833,1,55.072337157394522
"DIVCORE/4/4/17/MOD/normalized",20833,1,51.470119521912352
"DIVCORE/4/4/17/DIV/top-clear",20833,1,97.840925454807277
"DIVCORE/4/4/17/MOD/top-clear",20833,1,99.689051024816393
"DIVCORE/4/4/17/DIV/top-one",20833,1,97.514808236931785
"DIVCORE/4/4/17/MOD/top-one",20833,1,99.637402198435169
"DIVCORE/4/4/17/DIV/padded",20833,1,54.578793260692173
"DIVCORE/4/4/17/MOD/padded",20833,1,51.690011040176643
"DIVCORE/4/4/127/DIV/normalized",20833,1,67.173906782508524
"DIVCORE/4/4/127/MOD/normalized",20833,1,62.898142370277924
"DIVCORE/4/4/127/DIV/top-clear",20833,1,97.984639754236071
"DIVCORE/4/4/127/MOD/top-clear",20833,1,98.936110977775641
"DIVCORE/4/4/127/DIV/top-one",20833,1,98.171506744107901
"DIVCORE/4/4/127/MOD/top-one",20833,1,99.603369653914456
"DIVCORE/4/4/127/DIV/padded",20833,1,66.911150578409249
"DIVCORE/4/4/127/MOD/padded",20833,1,62.909902558440933
"DIVCORE/5/4/17/DIV/normalized",20000,1,111.211
"DIVCORE/5/4/17/MOD/normalized",20000,1,110.43004999999999
"DIVCORE/5/4/17/DIV/top-clear",20000,1,140.33975000000001
"DIVCORE/5/4/17/MOD/top-clear",20000,1,145.22110000000001
"DIVCORE/5/4/17/DIV/top-one",20000,1,140.95715000000001
"DIVCORE/5/4/17/MOD/top-one",20000,1,146.48185000000001
"DIVCORE/5/4/17/DIV/padded",20000,1,111.7724
"DIVCORE/5/4/17/MOD/padded",20000,1,111.7529
"DIVCORE/5/4/17/DIV/add-back",20000,1,82.246650000000002
"DIVCORE/5/4/17/MOD/add-back",20000,1,81.243849999999995
"DIVCORE/5/4/127/DIV/normalized",20000,1,109.77095
"DIVCORE/5/4/127/MOD/normalized",20000,1,109.18644999999999
"DIVCORE/5/4/127/DIV/top-clear",20000,1,142.58619999999999
"DIVCORE/5/4/127/MOD/top-clear",20000,1,147.40450000000001
"DIVCORE/5/4/127/DIV/top-one",20000,1,140.55070000000001
"DIVCORE/5/4/127/MOD/top-one",20000,1,146.74930000000001
"DIVCORE/5/4/127/DIV/padded",20000,1,109.11839999999999
"DIVCORE/5/4/127/MOD/padded",20000,1,110.01855
"DIVCORE/8/4/17/DIV/normalized",17857,1,241.18306546452371
"DIVCORE/8/4/17/MOD/normalized",17857,1,241.48524388195105
"DIVCORE/8/4/17/DIV/top-clear",17857,1,277.92518340146722
"DIVCORE/8/4/17/MOD/top-clear",17857,1,283.58542868342948
"DIVCORE/8/4/17/DIV/top-one",17857,1,275.16626533012266
"DIVCORE/8/4/17/MOD/top-one",17857,1,282.60245281962256
"DIVCORE/8/4/17/DIV/padded",17857,1,243.5141401131209
"DIVCORE/8/4/17/MOD/padded",17857,1,244.08243265946129
"DIVCORE/8/4/17/DIV/add-back",17857,1,153.44923559388477
"DIVCORE/8/4/17/MOD/add-back",17857,1,152.69748557988464
"DIVCORE/8/4/127/DIV/normalized",17857,1,241.39883519068152
"DIVCORE/8/4/127/MOD/normalized",17857,1,240.7985663885311
"DIVCORE/8/4/127/DIV/top-clear",17857,1,276.56364450915606
"DIVCORE/8/4/127/MOD/top-clear",17857,1,281.76423811390492
"DIVCORE/8/4/127/DIV/top-one",17857,1,274.63202105616847
"DIVCORE/8/4/127/MOD/top-one",17857,1,280.09856078848628
"DIVCORE/8/4/127/DIV/padded",17857,1,243.8969591756734
"DIVCORE/8/4/127/MOD/padded",17857,1,243.67122136977096
"DIVCORE/16/4/17/DIV/normalized",13888,1,608.46889400921657
"DIVCORE/16/4/17/MOD/normalized",13888,1,608.30724366359448
"DIVCORE/16/4/17/DIV/top-clear",13888,1,666.41100230414747
"DIVCORE/16/4/17/MOD/top-clear",13888,1,665.33770161290317
"DIVCORE/16/4/17/DIV/top-one",13888,1,647.39602534562209
"DIVCORE/16/4/17/MOD/top-one",13888,1,651.90927419354841
"DIVCORE/16/4/17/DIV/padded",13888,1,615.11355126728108
"DIVCORE/16/4/17/MOD/padded",13888,1,614.79212269585253
"DIVCORE/16/4/17/DIV/add-back",13888,1,355.72731854838707
"DIVCORE/16/4/17/MOD/add-back",13888,1,354.33496543778801
"DIVCORE/16/4/127/DIV/normalized",13888,1,597.99510368663596
"DIVCORE/16/4/127/MOD/normalized",13888,1,598.57517281105993
"DIVCORE/16/4/127/DIV/top-clear",13888,1,651.65884216589859
"DIVCORE/16/4/127/MOD/top-clear",13888,1,655.87384792626733
"DIVCORE/16/4/127/DIV/top-one",13888,1,650.8944412442396
"DIVCORE/16/4/127/MOD/top-one",13888,1,651.24683179723502
"DIVCORE/16/4/127/DIV/padded",13888,1,599.43577188940094
"DIVCORE/16/4/127/MOD/padded",13888,1,600.41337845622115
"DIVCORE/36/4/17/DIV/normalized",8192,1,1590.6396484375
"DIVCORE/36/4/17/MOD/normalized",8192,1,1597.6915283203125
"DIVCORE/36/4/17/DIV/top-clear",8192,1,1633.9771728515625
"DIVCORE/36/4/17/MOD/top-clear",8192,1,1642.6883544921875
"DIVCORE/36/4/17/DIV/top-one",8192,1,1608.0191650390625
"DIVCORE/36/4/17/MOD/top-one",8192,1,1620.113037109375
"DIVCORE/36/4/17/DIV/padded",8192,1,1601.5687255859375
"DIVCORE/36/4/17/MOD/padded",8192,1,1605.5234375
"DIVCORE/36/4/17/DIV/add-back",8928,1,831.24652777777783
"DIVCORE/36/4/17/MOD/add-back",8928,1,829.69175627240145
"DIVCORE/36/4/127/DIV/normalized",8192,1,1579.983642578125
"DIVCORE/36/4/127/MOD/normalized",8192,1,1581.0145263671875
"DIVCORE/36/4/127/DIV/top-clear",8192,1,1669.5435791015625
"DIVCORE/36/4/127/MOD/top-clear",8192,1,1676.42626953125
"DIVCORE/36/4/127/DIV/top-one",8192,1,1578.5340576171875
"DIVCORE/36/4/127/MOD/top-one",8192,1,1584.946533203125
"DIVCORE/36/4/127/DIV/padded",8192,1,1602.935546875
"DIVCORE/36/4/127/MOD/padded",8192,1,1603.8701171875
"DIVCORE/1028/4/17/DIV/normalized",205,1,48742.800000000003
"DIVCORE/1028/4/17/MOD/normalized",205,1,48736.248780487804
"DIVCORE/1028/4/17/DIV/top-clear",204,1,48875.034313725489
"DIVCORE/1028/4/17/MOD/top-clear",204,1,48902.181372549021
"DIVCORE/1028/4/17/DIV/top-one",205,1,48749.50731707317
"DIVCORE/1028/4/17/MOD/top-one",205,1,48745.287804878048
"DIVCORE/1028/4/17/DIV/padded",203,1,49223.532019704435
"DIVCORE/1028/4/17/MOD/padded",203,1,49184.536945812804
"DIVCORE/1028/4/17/DIV/add-back",408,1,24540.470588235294
"DIVCORE/1028/4/17/MOD/add-back",477,1,24565.842767295599
"DIVCORE/1028/4/127/DIV/normalized",204,1,48874.058823529413
"DIVCORE/1028/4/127/MOD/normalized",204,1,48944.887254901958
"DIVCORE/1028/4/127/DIV/top-clear",203,1,49195.950738916254
"DIVCORE/1028/4/127/MOD/top-clear",203,1,49584.014778325123
"DIVCORE/1028/4/127/DIV/top-one",211,1,47284.990521327018
"DIVCORE/1028/4/127/MOD/top-one",211,1,47327.616113744072
"DIVCORE/1028/4/127/DIV/padded",202,1,49514.653465346535
"DIVCORE/1028/4/127/MOD/padded",202,1,49493.915841584159
"DIVCORE/7/8/17/DIV/normalized",16129,1,19.420112840225681
"DIVCORE/7/8/17/MOD/normalized",16129,1,15.121892243784487
"DIVCORE/7/8/17/DIV/top-clear",16129,1,19.288920577841157
"DIVCORE/7/8/17/MOD/top-clear",16129,1,15.55235910471821
"DIVCORE/7/8/17/DIV/top-one",16129,1,19.245520491040981
"DIVCORE/7/8/17/MOD/top-one",16129,1,15.401016802033604
"DIVCORE/7/8/17/DIV/padded",16129,1,19.746295492590985
"DIVCORE/7/8/17/MOD/padded",16129,1,15.147374294748589
"DIVCORE/7/8/127/DIV/normalized",16129,1,19.197036394072789
"DIVCORE/7/8/127/MOD/normalized",16129,1,15.574059148118296
"DIVCORE/7/8/127/DIV/top-clear",16129,1,19.191208382416765
"DIVCORE/7/8/127/MOD/top-clear",16129,1,15.096534193068386
"DIVCORE/7/8/127/DIV/top-one",16129,1,19.486080972161943
"DIVCORE/7/8/127/MOD/top-one",16129,1,15.154752309504619
"DIVCORE/7/8/127/DIV/padded",16129,1,19.19734639469279
"DIVCORE/7/8/127/MOD/padded",16129,1,15.578647157294315
"DIVCORE/8/8/17/DIV/normalized",15625,1,54.68544
"DIVCORE/8/8/17/MOD/normalized",15625,1,51.484544
"DIVCORE/8/8/17/DIV/top-clear",15625,1,114.952896
"DIVCORE/8/8/17/MOD/top-clear",15625,1,120.622208
"DIVCORE/8/8/17/DIV/top-one",15625,1,114.826752
"DIVCORE/8/8/17/MOD/top-one",15625,1,120.38816
"DIVCORE/8/8/17/DIV/padded",15625,1,55.680832000000002
"DIVCORE/8/8/17/MOD/padded",15625,1,51.429119999999998
"DIVCORE/8/8/127/DIV/normalized",15625,1,55.588223999999997
"DIVCORE/8/8/127/MOD/normalized",15625,1,51.694592
"DIVCORE/8/8/127/DIV/top-clear",15625,1,115.654528
"DIVCORE/8/8/127/MOD/top-clear",15625,1,121.160192
"DIVCORE/8/8/127/DIV/top-one",15625,1,115.136512
"DIVCORE/8/8/127/MOD/top-one",15625,1,120.98643199999999
"DIVCORE/8/8/127/DIV/padded",15625,1,55.885632000000001
"DIVCORE/8/8/127/MOD/padded",15625,1,51.437440000000002
"DIVCORE/9/8/17/DIV/normalized",15151,1,106.97604118540031
"DIVCORE/9/8/17/MOD/normalized",15151,1,107.06389017226586
"DIVCORE/9/8/17/DIV/top-clear",15151,1,168.71599234373969
"DIVCORE/9/8/17/MOD/top-clear",15151,1,179.10507557256946
"DIVCORE/9/8/17/DIV/top-one",15151,1,169.02323278991486
"DIVCORE/9/8/17/MOD/top-one",15151,1,178.88792818955844
"DIVCORE/9/8/17/DIV/padded",15151,1,108.75394363408356
"DIVCORE/9/8/17/MOD/padded",15151,1,107.41376806811432
"DIVCORE/9/8/17/DIV/add-back",15151,1,93.854795063032142
"DIVCORE/9/8/17/MOD/add-back",15151,1,92.611840802587281
"DIVCORE/9/8/127/DIV/normalized",15151,1,108.0186786350736
"DIVCORE/9/8/127/MOD/normalized",15151,1,106.88198798759157
"DIVCORE/9/8/127/DIV/top-clear",15151,1,168.57963170747806
"DIVCORE/9/8/127/MOD/top-clear",15151,1,178.99610586759951
"DIVCORE/9/8/127/DIV/top-one",15151,1,167.57270147185005
"DIVCORE/9/8/127/MOD/top-one",15151,1,176.87631179460101
"DIVCORE/9/8/127/DIV/padded",15151,1,107.89122830176225
"DIVCORE/9/8/127/MOD/padded",15151,1,107.51831562273118
"DIVCORE/16/8/17/DIV/normalized",12500,1,482.31975999999997
"DIVCORE/16/8/17/MOD/normalized",12500,1,480.90679999999998
"DIVCORE/16/8/17/DIV/top-clear",12500,1,558.11375999999996
"DIVCORE/16/8/17/MOD/top-clear",12500,1,567.42935999999997
"DIVCORE/16/8/17/DIV/top-one",12500,1,547.84903999999995
"DIVCORE/16/8/17/MOD/top-one",12500,1,558.00887999999998
"DIVCORE/16/8/17/DIV/padded",12500,1,485.8852
"DIVCORE/16/8/17/MOD/padded",12500,1,485.27368000000001
"DIVCORE/16/8/17/DIV/add-back",12500,1,353.08512000000002
"DIVCORE/16/8/17/MOD/add-back",12500,1,352.75648000000001
"DIVCORE/16/8/127/DIV/normalized",12500,1,481.21552000000003
"DIVCORE/16/8/127/MOD/normalized",12500,1,479.25704000000002
"DIVCORE/16/8/127/DIV/top-clear",12500,1,562.55999999999995
"DIVCORE/16/8/127/MOD/top-clear",12500,1,571.74072000000001
"DIVCORE/16/8/127/DIV/top-one",12500,1,557.67071999999996
"DIVCORE/16/8/127/MOD/top-one",12500,1,569.44712000000004
"DIVCORE/16/8/127/DIV/padded",12500,1,485.08271999999999
"DIVCORE/16/8/127/MOD/padded",12500,1,484.37952000000001
"DIVCORE/32/8/17/DIV/normalized",8192,1,1340.5250244140625
"DIVCORE/32/8/17/MOD/normalized",8192,1,1339.089599609375
"DIVCORE/32/8/17/DIV/top-clear",8192,1,1512.8587646484375
"DIVCORE/32/8/17/MOD/top-clear",8192,1,1532.480712890625
"DIVCORE/32/8/17/DIV/top-one",8192,1,1457.1805419921875
"DIVCORE/32/8/17/MOD/top-one",8192,1,1463.418701171875
"DIVCORE/32/8/17/DIV/padded",8192,1,1353.9442138671875
"DIVCORE/32/8/17/MOD/padded",8192,1,1352.14990234375
"DIVCORE/32/8/17/DIV/add-back",8928,1,924.75056003584234
"DIVCORE/32/8/17/MOD/add-back",8928,1,921.38048835125448
"DIVCORE/32/8/127/DIV/normalized",8192,1,1402.0667724609375
"DIVCORE/32/8/127/MOD/normalized",8192,1,1398.994873046875
"DIVCORE/32/8/127/DIV/top-clear",8192,1,1540.2939453125
"DIVCORE/32/8/127/MOD/top-clear",8192,1,1546.5096435546875
"DIVCORE/32/8/127/DIV/top-one",8192,1,1409.5126953125
"DIVCORE/32/8/127/MOD/top-one",8192,1,1471.9400634765625
"DIVCORE/32/8/127/DIV/padded",8192,1,1419.6455078125
"DIVCORE/32/8/127/MOD/padded",8192,1,1425.7572021484375
"DIVCORE/40/8/17/DIV/normalized",7812,1,1786.0885816692269
"DIVCORE/40/8/17/MOD/normalized",7812,1,1785.6324884792627
"DIVCORE/40/8/17/DIV/top-clear",7812,1,1972.3338453661033
"DIVCORE/40/8/17/MOD/top-clear",7812,1,1986.9745263696877
"DIVCORE/40/8/17/DIV/top-one",7812,1,1898.260496671787
"DIVCORE/40/8/17/MOD/top-one",7812,1,1910.4806707629289
"DIVCORE/40/8/17/DIV/padded",7812,1,1804.8822324628777
"DIVCORE/40/8/17/MOD/padded",7812,1,1809.7854582693292
"DIVCORE/40/8/17/DIV/add-back",7812,1,1207.9385560675883
"DIVCORE/40/8/17/MOD/add-back",7812,1,1205.7258064516129
"DIVCORE/40/8/127/DIV/normalized",7812,1,1801.505120327701
"DIVCORE/40/8/127/MOD/normalized",7812,1,1800.110599078341
"DIVCORE/40/8/127/DIV/top-clear",7812,1,1992.9431643625192
"DIVCORE/40/8/127/MOD/top-clear",7812,1,1981.4430363543268
"DIVCORE/40/8/127/DIV/top-one",7812,1,1881.1662826420891
"DIVCORE/40/8/127/MOD/top-one",7812,1,1894.0491551459293
"DIVCORE/40/8/127/DIV/padded",7812,1,1825.1373527905787
"DIVCORE/40/8/127/MOD/padded",7812,1,1824.0523553507423
"DIVCORE/1032/8/17/DIV/normalized",181,1,55497.02762430939
"DIVCORE/1032/8/17/MOD/normalized",180,1,55606.061111111114
"DIVCORE/1032/8/17/DIV/top-clear",171,1,58520.79532163743
"DIVCORE/1032/8/17/MOD/top-clear",171,1,58562.403508771931
"DIVCORE/1032/8/17/DIV/top-one",179,1,55956.351955307262
"DIVCORE/1032/8/17/MOD/top-one",179,1,55965.162011173183
"DIVCORE/1032/8/17/DIV/padded",179,1,56075.720670391063
"DIVCORE/1032/8/17/MOD/padded",179,1,56069.100558659215
"DIVCORE/1032/8/17/DIV/add-back",473,1,36627.6532769556
"DIVCORE/1032/8/17/MOD/add-back",273,1,36657.761904761908
"DIVCORE/1032/8/127/DIV/normalized",177,1,56529.909604519773
"DIVCORE/1032/8/127/MOD/normalized",177,1,56473.644067796609
"DIVCORE/1032/8/127/DIV/top-clear",169,1,59285.721893491122
"DIVCORE/1032/8/127/MOD/top-clear",169,1,59116.810650887572
"DIVCORE/1032/8/127/DIV/top-one",181,1,55213.28729281768
"DIVCORE/1032/8/127/MOD/top-one",181,1,55135.110497237569
"DIVCORE/1032/8/127/DIV/padded",350,1,57061.860000000001
"DIVCORE/1032/8/127/MOD/padded",350,1,57088.51142857143
"DIVCORE/15/16/17/DIV/normalized",10638,1,20.515698439556306
"DIVCORE/15/16/17/MOD/normalized",10638,1,15.446230494453845
"DIVCORE/15/16/17/DIV/top-clear",10638,1,19.787554051513442
"DIVCORE/15/16/17/MOD/top-clear",10638,1,15.51372438428276
"DIVCORE/15/16/17/DIV/top-one",10638,1,19.530362850159804
"DIVCORE/15/16/17/MOD/top-one",10638,1,15.51447640533935
"DIVCORE/15/16/17/DIV/padded",10638,1,19.505170144764055
"DIVCORE/15/16/17/MOD/padded",10638,1,15.5035721000188
"DIVCORE/15/16/127/DIV/normalized",10638,1,19.589772513630383
"DIVCORE/15/16/127/MOD/normalized",10638,1,15.799116375258507
"DIVCORE/15/16/127/DIV/top-clear",10638,1,19.595882684715171
"DIVCORE/15/16/127/MOD/top-clear",10638,1,15.444726452340666
"DIVCORE/15/16/127/DIV/top-one",10638,1,19.596446700507613
"DIVCORE/15/16/127/MOD/top-one",10638,1,15.453562699755594
"DIVCORE/15/16/127/DIV/padded",10638,1,19.603872908441435
"DIVCORE/15/16/127/MOD/padded",10638,1,15.457228802406467
"DIVCORE/16/16/17/DIV/normalized",10416,1,55.874519969278033
"DIVCORE/16/16/17/MOD/normalized",10416,1,51.775633640552996
"DIVCORE/16/16/17/DIV/top-clear",10416,1,151.03725038402459
"DIVCORE/16/16/17/MOD/top-clear",10416,1,163.82286866359448
"DIVCORE/16/16/17/DIV/top-one",10416,1,152.44614055299539
"DIVCORE/16/16/17/MOD/top-one",10416,1,166.13882488479263
"DIVCORE/16/16/17/DIV/padded",10416,1,56.336789554531492
"DIVCORE/16/16/17/MOD/padded",10416,1,51.568836405529957
"DIVCORE/16/16/127/DIV/normalized",10416,1,94.061731950844859
"DIVCORE/16/16/127/MOD/normalized",10416,1,88.862615207373267
"DIVCORE/16/16/127/DIV/top-clear",10416,1,150.94633256528417
"DIVCORE/16/16/127/MOD/top-clear",10416,1,164.43817204301075
"DIVCORE/16/16/127/DIV/top-one",10416,1,151.77707373271889
"DIVCORE/16/16/127/MOD/top-one",10416,1,166.196044546851
"DIVCORE/16/16/127/DIV/padded",10416,1,94.215245775729642
"DIVCORE/16/16/127/MOD/padded",10416,1,88.777553763440864
"DIVCORE/17/16/17/DIV/normalized",10204,1,163.22451979615838
"DIVCORE/17/16/17/MOD/normalized",10204,1,161.33398667189337
"DIVCORE/17/16/17/DIV/top-clear",10204,1,221.04263034104272
"DIVCORE/17/16/17/MOD/top-clear",10204,1,239.40199921599373
"DIVCORE/17/16/17/DIV/top-one",10204,1,223.22863582908664
"DIVCORE/17/16/17/MOD/top-one",10204,1,239.90846726773813
"DIVCORE/17/16/17/DIV/padded",10204,1,162.3607408859271
"DIVCORE/17/16/17/MOD/padded",10204,1,161.26969815758525
"DIVCORE/17/16/17/DIV/add-back",10204,1,118.77842022736182
"DIVCORE/17/16/17/MOD/add-back",10204,1,116.82849862798902
"DIVCORE/17/16/127/DIV/normalized",10204,1,161.35388083104664
"DIVCORE/17/16/127/MOD/normalized",10204,1,160.87024696197571
"DIVCORE/17/16/127/DIV/top-clear",10204,1,229.59760878087025
"DIVCORE/17/16/127/MOD/top-clear",10204,1,248.02136417091336
"DIVCORE/17/16/127/DIV/top-one",10204,1,231.34613876911015
"DIVCORE/17/16/127/MOD/top-one",10204,1,249.47255978047824
"DIVCORE/17/16/127/DIV/padded",10204,1,162.4265974127793
"DIVCORE/17/16/127/MOD/padded",10204,1,161.72236377891022
"DIVCORE/32/16/17/DIV/normalized",7812,1,1178.3380696364568
"DIVCORE/32/16/17/MOD/normalized",7812,1,1175.1557859703021
"DIVCORE/32/16/17/DIV/top-clear",7812,1,1302.9101382488479
"DIVCORE/32/16/17/MOD/top-clear",7812,1,1325.0512032770098
"DIVCORE/32/16/17/DIV/top-one",7812,1,1355.8196364567332
"DIVCORE/32/16/17/MOD/top-one",7812,1,1373.7004608294931
"DIVCORE/32/16/17/DIV/padded",7812,1,1187.4871991807477
"DIVCORE/32/16/17/MOD/padded",7812,1,1182.0719406041987
"DIVCORE/32/16/17/DIV/add-back",7812,1,1023.086661546339
"DIVCORE/32/16/17/MOD/add-back",7812,1,1022.4124423963134
"DIVCORE/32/16/127/DIV/normalized",7812,1,1257.529057859703
"DIVCORE/32/16/127/MOD/normalized",7812,1,1258.9645417306708
"DIVCORE/32/16/127/DIV/top-clear",7812,1,1340.152841781874
"DIVCORE/32/16/127/MOD/top-clear",7812,1,1356.8296210957501
"DIVCORE/32/16/127/DIV/top-one",7812,1,1345.7194060419868
"DIVCORE/32/16/127/MOD/top-one",7812,1,1362.3495903737839
"DIVCORE/32/16/127/DIV/padded",7812,1,1272.19726062468
"DIVCORE/32/16/127/MOD/padded",7812,1,1266.9379160266258
"DIVCORE/48/16/17/DIV/normalized",6250,1,2333.15344
"DIVCORE/48/16/17/MOD/normalized",6250,1,2327.9839999999999
"DIVCORE/48/16/17/DIV/top-clear",6250,1,2507.7956800000002
"DIVCORE/48/16/17/MOD/top-clear",3961,1,2515.3292097955064
"DIVCORE/48/16/17/DIV/top-one",3872,1,2578.8202479338843
"DIVCORE/48/16/17/MOD/top-one",3844,1,2604.5731009365245
"DIVCORE/48/16/17/DIV/padded",6250,1,2356.71648
"DIVCORE/48/16/17/MOD/padded",6250,1,2348.7968000000001
"DIVCORE/48/16/17/DIV/add-back",6250,1,2015.93968
"DIVCORE/48/16/17/MOD/add-back",6250,1,2016.0391999999999
"DIVCORE/48/16/127/DIV/normalized",6250,1,2448.8363199999999
"DIVCORE/48/16/127/MOD/normalized",6250,1,2453.4567999999999
"DIVCORE/48/16/127/DIV/top-clear",6250,1,2562.3801600000002
"DIVCORE/48/16/127/MOD/top-clear",6250,1,2576.1048000000001
"DIVCORE/48/16/127/DIV/top-one",6250,1,2618.65472
"DIVCORE/48/16/127/MOD/top-one",6250,1,2631.3473600000002
"DIVCORE/48/16/127/DIV/padded",4048,1,2474.473567193676
"DIVCORE/48/16/127/MOD/padded",6250,1,2471.2447999999999
"DIVCORE/64/16/17/DIV/normalized",5208,1,3463.6274961597542
"DIVCORE/64/16/17/MOD/normalized",5208,1,3453.4454685099845
"DIVCORE/64/16/17/DIV/top-clear",5208,1,3629.1463133640555
"DIVCORE/64/16/17/MOD/top-clear",2744,1,3654.0553935860057
"DIVCORE/64/16/17/DIV/top-one",5208,1,3755.7242703533025
"DIVCORE/64/16/17/MOD/top-one",2655,1,3771.9638418079098
"DIVCORE/64/16/17/DIV/padded",2865,1,3494.4041884816752
"DIVCORE/64/16/17/MOD/padded",2870,1,3484.2425087108013
"DIVCORE/64/16/17/DIV/add-back",3368,1,2983.8179928741092
"DIVCORE/64/16/17/MOD/add-back",5208,1,2977.4940476190477
"DIVCORE/64/16/127/DIV/normalized",5208,1,3598.2830261136714
"DIVCORE/64/16/127/MOD/normalized",2776,1,3611.8958933717581
"DIVCORE/64/16/127/DIV/top-clear",5208,1,3765.4694700460827
"DIVCORE/64/16/127/MOD/top-clear",5208,1,3775.3790322580644
"DIVCORE/64/16/127/DIV/top-one",2645,1,3780.1803402646501
"DIVCORE/64/16/127/MOD/top-one",5208,1,3801.7442396313363
"DIVCORE/64/16/127/DIV/padded",2757,1,3629.1030105186796
"DIVCORE/64/16/127/MOD/padded",5208,1,3641.5076804915516
"DIVCORE/1040/16/17/DIV/normalized",141,1,71191.134751773046
"DIVCORE/1040/16/17/MOD/normalized",141,1,71195.212765957447
"DIVCORE/1040/16/17/DIV/top-clear",138,1,72652.927536231888
"DIVCORE/1040/16/17/MOD/top-clear",138,1,72873.840579710144
"DIVCORE/1040/16/17/DIV/top-one",132,1,75961.787878787873
"DIVCORE/1040/16/17/MOD/top-one",132,1,76128.462121212127
"DIVCORE/1040/16/17/DIV/padded",140,1,72422.278571428571
"DIVCORE/1040/16/17/MOD/padded",140,1,71859.292857142864
"DIVCORE/1040/16/17/DIV/add-back",164,1,61121.542682926833
"DIVCORE/1040/16/17/MOD/add-back",164,1,61091.524390243903
"DIVCORE/1040/16/127/DIV/normalized",135,1,74348.051851851851
"DIVCORE/1040/16/127/MOD/normalized",135,1,74302.829629629632
"DIVCORE/1040/16/127/DIV/top-clear",131,1,76630.206106870231
"DIVCORE/1040/16/127/MOD/top-clear",131,1,76723.732824427483
"DIVCORE/1040/16/127/DIV/top-one",130,1,77392.823076923072
"DIVCORE/1040/16/127/MOD/top-one",130,1,77397.86153846154
"DIVCORE/1040/16/127/DIV/padded",134,1,74758.03731343284
"DIVCORE/1040/16/127/MOD/padded",134,1,74811.955223880592
"DIVCORE/31/32/17/DIV/normalized",6329,1,21.787328171907095
"DIVCORE/31/32/17/MOD/normalized",6329,1,17.753515563280139
"DIVCORE/31/32/17/DIV/top-clear",6329,1,21.035392637067467
"DIVCORE/31/32/17/MOD/top-clear",6329,1,17.859535471638491
"DIVCORE/31/32/17/DIV/top-one",6329,1,21.071891294043294
"DIVCORE/31/32/17/MOD/top-one",6329,1,17.880549849897299
"DIVCORE/31/32/17/DIV/padded",6329,1,21.079317427713701
"DIVCORE/31/32/17/MOD/padded",6329,1,17.901406225312055
"DIVCORE/31/32/127/DIV/normalized",6329,1,21.353926370674671
"DIVCORE/31/32/127/MOD/normalized",6329,1,18.231948175067153
"DIVCORE/31/32/127/DIV/top-clear",6329,1,21.508295149312687
"DIVCORE/31/32/127/MOD/top-clear",6329,1,18.335124032232581
"DIVCORE/31/32/127/DIV/top-one",6329,1,21.332437983883711
"DIVCORE/31/32/127/MOD/top-one",6329,1,17.744035392637066
"DIVCORE/31/32/127/DIV/padded",6329,1,21.373518723337021
"DIVCORE/31/32/127/MOD/padded",6329,1,17.688260388686995
"DIVCORE/32/32/17/DIV/normalized",6250,1,129.03872000000001
"DIVCORE/32/32/17/MOD/normalized",6250,1,123.81232
"DIVCORE/32/32/17/DIV/top-clear",6250,1,223.11184
"DIVCORE/32/32/17/MOD/top-clear",6250,1,254.00640000000001
"DIVCORE/32/32/17/DIV/top-one",6250,1,223.10383999999999
"DIVCORE/32/32/17/MOD/top-one",6250,1,254.96064000000001
"DIVCORE/32/32/17/DIV/padded",6250,1,128.61872
"DIVCORE/32/32/17/MOD/padded",6250,1,123.804
"DIVCORE/32/32/127/DIV/normalized",6250,1,129.22543999999999
"DIVCORE/32/32/127/MOD/normalized",6250,1,123.15776
"DIVCORE/32/32/127/DIV/top-clear",6250,1,223.42048
"DIVCORE/32/32/127/MOD/top-clear",6250,1,254.3896
"DIVCORE/32/32/127/DIV/top-one",6250,1,223.15183999999999
"DIVCORE/32/32/127/MOD/top-one",6250,1,254.82704000000001
"DIVCORE/32/32/127/DIV/padded",6250,1,128.70912000000001
"DIVCORE/32/32/127/MOD/padded",6250,1,124.11744
"DIVCORE/33/32/17/DIV/normalized",6172,1,162.38496435515231
"DIVCORE/33/32/17/MOD/normalized",6172,1,160.68616331821127
"DIVCORE/33/32/17/DIV/top-clear",6172,1,339.06221646143877
"DIVCORE/33/32/17/MOD/top-clear",6172,1,383.91104990278677
"DIVCORE/33/32/17/DIV/top-one",6172,1,338.69491250810108
"DIVCORE/33/32/17/MOD/top-one",6172,1,373.6851911860013
"DIVCORE/33/32/17/DIV/padded",6172,1,162.22780298120546
"DIVCORE/33/32/17/MOD/padded",6172,1,161.70852235904084
"DIVCORE/33/32/17/DIV/add-back",6172,1,167.55168502916396
"DIVCORE/33/32/17/MOD/add-back",6172,1,166.34121840570319
"DIVCORE/33/32/127/DIV/normalized",6172,1,244.04795852235904
"DIVCORE/33/32/127/MOD/normalized",6172,1,249.65586519766688
"DIVCORE/33/32/127/DIV/top-clear",6172,1,347.02511341542447
"DIVCORE/33/32/127/MOD/top-clear",6172,1,385.90991574854178
"DIVCORE/33/32/127/DIV/top-one",6172,1,343.43778353856123
"DIVCORE/33/32/127/MOD/top-one",6172,1,384.31578094620869
"DIVCORE/33/32/127/DIV/padded",6172,1,251.90861957226184
"DIVCORE/33/32/127/MOD/padded",6172,1,250.38804277381723
"DIVCORE/64/32/17/DIV/normalized",2826,1,3543.1316348195328
"DIVCORE/64/32/17/MOD/normalized",2827,1,3545.8287937743189
"DIVCORE/64/32/17/DIV/top-clear",2679,1,3734.6076894363568
"DIVCORE/64/32/17/MOD/top-clear",4464,1,3772.8602150537636
"DIVCORE/64/32/17/DIV/top-one",4464,1,3703.8328853046596
"DIVCORE/64/32/17/MOD/top-one",4464,1,3741.4861111111113
"DIVCORE/64/32/17/DIV/padded",4464,1,3567.3364695340501
"DIVCORE/64/32/17/MOD/padded",2812,1,3565.8623755334283
"DIVCORE/64/32/17/DIV/add-back",4464,1,3561.0961021505377
"DIVCORE/64/32/17/MOD/add-back",4464,1,3567.4818548387098
"DIVCORE/64/32/127/DIV/normalized",4464,1,3574.1740591397847
"DIVCORE/64/32/127/MOD/normalized",4464,1,3574.538082437276
"DIVCORE/64/32/127/DIV/top-clear",4464,1,3770.0215053763441
"DIVCORE/64/32/127/MOD/top-clear",4464,1,3787.2249103942654
"DIVCORE/64/32/127/DIV/top-one",4464,1,3808.8909050179213
"DIVCORE/64/32/127/MOD/top-one",4464,1,3844.1263440860216
"DIVCORE/64/32/127/DIV/padded",4464,1,3602.1162634408602
"DIVCORE/64/32/127/MOD/padded",2780,1,3610.4762589928059
"DIVCORE/128/32/17/DIV/normalized",1024,1,10236.1953125
"DIVCORE/128/32/17/MOD/normalized",1024,1,10228.0810546875
"DIVCORE/128/32/17/DIV/top-clear",1024,1,10538.1982421875
"DIVCORE/128/32/17/MOD/top-clear",1024,1,10568.779296875
"DIVCORE/128/32/17/DIV/top-one",1024,1,10423.0009765625
"DIVCORE/128/32/17/MOD/top-one",1024,1,10452.68359375
"DIVCORE/128/32/17/DIV/padded",1024,1,10283.05078125
"DIVCORE/128/32/17/MOD/padded",1024,1,10280.2880859375
"DIVCORE/128/32/17/DIV/add-back",1024,1,10456.0625
"DIVCORE/128/32/17/MOD/add-back",1024,1,10426.3984375
"DIVCORE/128/32/127/DIV/normalized",1024,1,10313.7021484375
"DIVCORE/128/32/127/MOD/normalized",1024,1,10304.09375
"DIVCORE/128/32/127/DIV/top-clear",1024,1,10725.4482421875
"DIVCORE/128/32/127/MOD/top-clear",1024,1,10738.072265625
"DIVCORE/128/32/127/DIV/top-one",1024,1,10809.748046875
"DIVCORE/128/32/127/MOD/top-one",1024,1,10837.1396484375
"DIVCORE/128/32/127/DIV/padded",1024,1,10370.5966796875
"DIVCORE/128/32/127/MOD/padded",1024,1,10366.4228515625
"DIVCORE/1056/32/17/DIV/normalized",128,1,106843.6484375
"DIVCORE/1056/32/17/MOD/normalized",128,1,106933.734375
"DIVCORE/1056/32/17/DIV/top-clear",128,1,109761.5546875
"DIVCORE/1056/32/17/MOD/top-clear",128,1,109833.8046875
"DIVCORE/1056/32/17/DIV/top-one",128,1,108564.2109375
"DIVCORE/1056/32/17/MOD/top-one",128,1,108595.109375
"DIVCORE/1056/32/17/DIV/padded",128,1,107317.28125
"DIVCORE/1056/32/17/MOD/padded",128,1,107352.203125
"DIVCORE/1056/32/17/DIV/add-back",128,1,109995.4453125
"DIVCORE/1056/32/17/MOD/add-back",128,1,109973.140625
"DIVCORE/1056/32/127/DIV/normalized",128,1,108289.1484375
"DIVCORE/1056/32/127/MOD/normalized",128,1,108336.359375
"DIVCORE/1056/32/127/DIV/top-clear",128,1,111422.234375
"DIVCORE/1056/32/127/MOD/top-clear",128,1,111463.65625
"DIVCORE/1056/32/127/DIV/top-one",128,1,112167.3671875
"DIVCORE/1056/32/127/MOD/top-one",128,1,112251.5390625
"DIVCORE/1056/32/127/DIV/padded",128,1,108872.6484375
"DIVCORE/1056/32/127/MOD/padded",128,1,108818.0234375
"DIVCORE/63/64/17/DIV/normalized",3496,1,23.691361556064074
"DIVCORE/63/64/17/MOD/normalized",3496,1,19.264588100686499
"DIVCORE/63/64/17/DIV/top-clear",3496,1,23.012871853546912
"DIVCORE/63/64/17/MOD/top-clear",3496,1,19.062070938215104
"DIVCORE/63/64/17/DIV/top-one",3496,1,23.038043478260871
"DIVCORE/63/64/17/MOD/top-one",3496,1,19.051487414187644
"DIVCORE/63/64/17/DIV/padded",3496,1,23.024599542334094
"DIVCORE/63/64/17/MOD/padded",3496,1,19.006292906178491
"DIVCORE/63/64/127/DIV/normalized",3496,1,22.50600686498856
"DIVCORE/63/64/127/MOD/normalized",3496,1,19.239130434782609
"DIVCORE/63/64/127/DIV/top-clear",3496,1,22.530320366132724
"DIVCORE/63/64/127/MOD/top-clear",3496,1,19.286613272311214
"DIVCORE/63/64/127/DIV/top-one",3496,1,23.01516018306636
"DIVCORE/63/64/127/MOD/top-one",3496,1,19.014588100686499
"DIVCORE/63/64/127/DIV/padded",3496,1,22.461098398169337
"DIVCORE/63/64/127/MOD/padded",3496,1,19.314931350114417
"DIVCORE/64/64/17/DIV/normalized",3472,1,60.686635944700463
"DIVCORE/64/64/17/MOD/normalized",3472,1,53.533122119815665
"DIVCORE/64/64/17/DIV/top-clear",3472,1,378.38565668202767
"DIVCORE/64/64/17/MOD/top-clear",3472,1,441.03427419354841
"DIVCORE/64/64/17/DIV/top-one",3472,1,378.70938940092168
"DIVCORE/64/64/17/MOD/top-one",3472,1,441.39487327188942
"DIVCORE/64/64/17/DIV/padded",3472,1,61.696140552995395
"DIVCORE/64/64/17/MOD/padded",3472,1,53.520449308755758
"DIVCORE/64/64/127/DIV/normalized",3472,1,209.86952764976959
"DIVCORE/64/64/127/MOD/normalized",3472,1,201.76411290322579
"DIVCORE/64/64/127/DIV/top-clear",3472,1,378.42972350230417
"DIVCORE/64/64/127/MOD/top-clear",3472,1,442.95017281105993
"DIVCORE/64/64/127/DIV/top-one",3472,1,378.55933179723502
"DIVCORE/64/64/127/MOD/top-one",3472,1,441.64832949308754
"DIVCORE/64/64/127/DIV/padded",3472,1,210.98675115207374
"DIVCORE/64/64/127/MOD/padded",3472,1,201.82690092165899
"DIVCORE/65/64/17/DIV/normalized",3448,1,402.19924593967517
"DIVCORE/65/64/17/MOD/normalized",3448,1,401.08323665893272
"DIVCORE/65/64/17/DIV/top-clear",3448,1,569.5092807424594
"DIVCORE/65/64/17/MOD/top-clear",3448,1,636.0252320185615
"DIVCORE/65/64/17/DIV/top-one",3448,1,567.8271461716937
"DIVCORE/65/64/17/MOD/top-one",3448,1,634.96722737819027
"DIVCORE/65/64/17/DIV/padded",3448,1,404.99883990719258
"DIVCORE/65/64/17/MOD/padded",3448,1,399.60962877030164
"DIVCORE/65/64/17/DIV/add-back",3448,1,286.62703016241301
"DIVCORE/65/64/17/MOD/add-back",3448,1,278.65371229698377
"DIVCORE/65/64/127/DIV/normalized",3448,1,397.88805104408351
"DIVCORE/65/64/127/MOD/normalized",3448,1,393.09918793503482
"DIVCORE/65/64/127/DIV/top-clear",3448,1,569.88486078886308
"DIVCORE/65/64/127/MOD/top-clear",3448,1,641.16995359628766
"DIVCORE/65/64/127/DIV/top-one",3448,1,575.77871229698371
"DIVCORE/65/64/127/MOD/top-one",3448,1,633.69721577726216
"DIVCORE/65/64/127/DIV/padded",3448,1,405.23781902552201
"DIVCORE/65/64/127/MOD/padded",3448,1,399.18300464037122
"DIVCORE/96/64/17/DIV/normalized",1668,1,6000.4232613908871
"DIVCORE/96/64/17/MOD/normalized",1671,1,6001.4015559545187
"DIVCORE/96/64/17/DIV/top-clear",1584,1,6314.039772727273
"DIVCORE/96/64/17/MOD/top-clear",2840,1,6388.3538732394363
"DIVCORE/96/64/17/DIV/top-one",2840,1,6281.352816901408
"DIVCORE/96/64/17/MOD/top-one",1576,1,6361.0317258883251
"DIVCORE/96/64/17/DIV/padded",2840,1,6028.8369718309859
"DIVCORE/96/64/17/MOD/padded",1664,1,6027.796875
"DIVCORE/96/64/17/DIV/add-back",2812,1,7082.5241820768133
"DIVCORE/96/64/17/MOD/add-back",2820,1,7098.9659574468087
"DIVCORE/96/64/127/DIV/normalized",1685,1,5938.8646884272994
"DIVCORE/96/64/127/MOD/normalized",2840,1,5938.0288732394365
"DIVCORE/96/64/127/DIV/top-clear",1575,1,6354.4926984126987
"DIVCORE/96/64/127/MOD/top-clear",1557,1,6429.3622350674377
"DIVCORE/96/64/127/DIV/top-one",1597,1,6259.0444583594235
"DIVCORE/96/64/127/MOD/top-one",2840,1,6330.79823943662
"DIVCORE/96/64/127/DIV/padded",1678,1,5956.4845053635281
"DIVCORE/96/64/127/MOD/padded",2840,1,5955.4577464788736
"DIVCORE/128/64/17/DIV/normalized",1024,1,11886.12890625
"DIVCORE/128/64/17/MOD/normalized",1024,1,11881.1025390625
"DIVCORE/128/64/17/DIV/top-clear",1024,1,12107.9365234375
"DIVCORE/128/64/17/MOD/top-clear",1024,1,12173.2109375
"DIVCORE/128/64/17/DIV/top-one",1024,1,12102.478515625
"DIVCORE/128/64/17/MOD/top-one",1024,1,12165.0126953125
"DIVCORE/128/64/17/DIV/padded",1024,1,11922.4384765625
"DIVCORE/128/64/17/MOD/padded",1024,1,11915.1103515625
"DIVCORE/128/64/17/DIV/add-back",1024,1,14084.3671875
"DIVCORE/128/64/17/MOD/add-back",1024,1,14072.8740234375
"DIVCORE/128/64/127/DIV/normalized",1024,1,11726.291015625
"DIVCORE/128/64/127/MOD/normalized",1024,1,11718.1708984375
"DIVCORE/128/64/127/DIV/top-clear",1024,1,12284.9228515625
"DIVCORE/128/64/127/MOD/top-clear",1024,1,12354.2646484375
"DIVCORE/128/64/127/DIV/top-one",1024,1,12115.5009765625
"DIVCORE/128/64/127/MOD/top-one",1024,1,12183.8662109375
"DIVCORE/128/64/127/DIV/padded",1024,1,11757.8974609375
"DIVCORE/128/64/127/MOD/padded",1024,1,11752.5673828125
"DIVCORE/256/64/17/DIV/normalized",284,1,35301.894366197186
"DIVCORE/256/64/17/MOD/normalized",284,1,35307.809859154928
"DIVCORE/256/64/17/DIV/top-clear",283,1,35402.268551236746
"DIVCORE/256/64/17/MOD/top-clear",282,1,35473.358156028371
"DIVCORE/256/64/17/DIV/top-one",282,1,35539.521276595748
"DIVCORE/256/64/17/MOD/top-one",282,1,35581.585106382976
"DIVCORE/256/64/17/DIV/padded",283,1,35400.381625441696
"DIVCORE/256/64/17/MOD/padded",283,1,35399.268551236746
"DIVCORE/256/64/17/DIV/add-back",482,1,41848.977178423236
"DIVCORE/256/64/17/MOD/add-back",239,1,41932.610878661086
"DIVCORE/256/64/127/DIV/normalized",287,1,35010.080139372825
"DIVCORE/256/64/127/MOD/normalized",286,1,34997.608391608388
"DIVCORE/256/64/127/DIV/top-clear",279,1,35910.634408602149
"DIVCORE/256/64/127/MOD/top-clear",278,1,35982.766187050358
"DIVCORE/256/64/127/DIV/top-one",283,1,35374.64664310954
"DIVCORE/256/64/127/MOD/top-one",283,1,35433.053003533569
"DIVCORE/256/64/127/DIV/padded",570,1,35118.463157894737
"DIVCORE/256/64/127/MOD/padded",570,1,35108.27368421053
"DIVCORE/1088/64/17/DIV/normalized",54,1,187623.5
"DIVCORE/1088/64/17/MOD/normalized",54,1,187595.94444444444
"DIVCORE/1088/64/17/DIV/top-clear",54,1,186827.92592592593
"DIVCORE/1088/64/17/MOD/top-clear",54,1,186951.46296296295
"DIVCORE/1088/64/17/DIV/top-one",54,1,186991.27777777778
"DIVCORE/1088/64/17/MOD/top-one",54,1,187025.20370370371
"DIVCORE/1088/64/17/DIV/padded",54,1,188021.5
"DIVCORE/1088/64/17/MOD/padded",54,1,188060.16666666666
"DIVCORE/1088/64/17/DIV/add-back",45,1,222959.39999999999
"DIVCORE/1088/64/17/MOD/add-back",45,1,222911.39999999999
"DIVCORE/1088/64/127/DIV/normalized",108,1,185273.9351851852
"DIVCORE/1088/64/127/MOD/normalized",108,1,185292.39814814815
"DIVCORE/1088/64/127/DIV/top-clear",53,1,189410.75471698114
"DIVCORE/1088/64/127/MOD/top-clear",53,1,189504.77358490566
"DIVCORE/1088/64/127/DIV/top-one",54,1,186529
"DIVCORE/1088/64/127/MOD/top-one",54,1,186649.83333333334
"DIVCORE/1088/64/127/DIV/padded",54,1,185794.14814814815
"DIVCORE/1088/64/127/MOD/padded",54,1,185776.62962962964
"DIVCORE/65536/64/17/DIV/normalized",1,1,12007369
"DIVCORE/65536/64/17/MOD/normalized",1,1,12003449
"DIVCORE/65536/64/17/DIV/top-one",1,1,11927671
"DIVCORE/65536/64/17/MOD/top-one",1,1,11935360
"DIVCORE/65536/64/17/DIV/add-back",1,1,14264300
"DIVCORE/65536/64/17/MOD/add-back",1,1,14330085
"DIVCORE/500000/64/17/DIV/normalized",1,1,91707975
"DIVCORE/500000/64/17/MOD/normalized",1,1,91638945
"DIVCORE/500000/64/17/DIV/top-one",1,1,91221563
"DIVCORE/500000/64/17/MOD/top-one",1,1,91163405
"DIVCORE/500000/64/17/DIV/add-back",1,1,108750041
"DIVCORE/500000/64/17/MOD/add-back",1,1,108570867
"DIVCORE/127/128/17/DIV/normalized",1845,1,44.348509485094851
"DIVCORE/127/128/17/MOD/normalized",1845,1,20.667750677506774
"DIVCORE/127/128/17/DIV/top-clear",1845,1,24.617344173441733
"DIVCORE/127/128/17/MOD/top-clear",1845,1,20.469376693766936
"DIVCORE/127/128/17/DIV/top-one",1845,1,23.847154471544716
"DIVCORE/127/128/17/MOD/top-one",1845,1,21.296476964769649
"DIVCORE/127/128/17/DIV/padded",1845,1,23.997289972899729
"DIVCORE/127/128/17/MOD/padded",1845,1,21.19078590785908
"DIVCORE/127/128/127/DIV/normalized",1845,1,24.744173441734418
"DIVCORE/127/128/127/MOD/normalized",1845,1,20.499186991869919
"DIVCORE/127/128/127/DIV/top-clear",1845,1,24.547425474254741
"DIVCORE/127/128/127/MOD/top-clear",1845,1,20.421138211382114
"DIVCORE/127/128/127/DIV/top-one",1845,1,24.70081300813008
"DIVCORE/127/128/127/MOD/top-one",1845,1,20.412466124661247
"DIVCORE/127/128/127/DIV/padded",1845,1,23.902981029810299
"DIVCORE/127/128/127/MOD/padded",1845,1,21.316531165311652
"DIVCORE/128/128/17/DIV/normalized",1838,1,73.505440696409138
"DIVCORE/128/128/17/MOD/normalized",1838,1,57.864526659412405
"DIVCORE/128/128/17/DIV/top-clear",1838,1,679.1610446137106
"DIVCORE/128/128/17/MOD/top-clear",1838,1,820.19477693144722
"DIVCORE/128/128/17/DIV/top-one",1838,1,679.08161044613712
"DIVCORE/128/128/17/MOD/top-one",1838,1,820.28291621327526
"DIVCORE/128/128/17/DIV/padded",1838,1,73.600108813928188
"DIVCORE/128/128/17/MOD/padded",1838,1,57.825897714907505
"DIVCORE/128/128/127/DIV/normalized",1838,1,351.45212187159956
"DIVCORE/128/128/127/MOD/normalized",1838,1,340.69804134929274
"DIVCORE/128/128/127/DIV/top-clear",1838,1,678.58215451577803
"DIVCORE/128/128/127/MOD/top-clear",1838,1,826.32535364526655
"DIVCORE/128/128/127/DIV/top-one",1838,1,678.82535364526655
"DIVCORE/128/128/127/MOD/top-one",1838,1,819.61479869423283
"DIVCORE/128/128/127/DIV/padded",1838,1,351.41838955386288
"DIVCORE/128/128/127/MOD/padded",1838,1,340.66811751904243
"DIVCORE/129/128/17/DIV/normalized",1831,1,684.69579464773346
"DIVCORE/129/128/17/MOD/normalized",1831,1,674.40797378481705
"DIVCORE/129/128/17/DIV/top-clear",1831,1,1011.4511196067723
"DIVCORE/129/128/17/MOD/top-clear",1831,1,1154.5275805570727
"DIVCORE/129/128/17/DIV/top-one",1831,1,1013.2719825232114
"DIVCORE/129/128/17/MOD/top-one",1831,1,1153.9732386673948
"DIVCORE/129/128/17/DIV/padded",1831,1,685.44565811032226
"DIVCORE/129/128/17/MOD/padded",1831,1,678.38885854724197
"DIVCORE/129/128/17/DIV/add-back",1831,1,482.197160021846
"DIVCORE/129/128/17/MOD/add-back",1831,1,473.00655379574005
"DIVCORE/129/128/127/DIV/normalized",1831,1,677.76187875477876
"DIVCORE/129/128/127/MOD/normalized",1831,1,672.72310212998366
"DIVCORE/129/128/127/DIV/top-clear",1831,1,1005.6275259421082
"DIVCORE/129/128/127/MOD/top-clear",1831,1,1145.6810486073184
"DIVCORE/129/128/127/DIV/top-one",1831,1,1010.2812670671764
"DIVCORE/129/128/127/MOD/top-one",1831,1,1151.97706171491
"DIVCORE/129/128/127/DIV/padded",1831,1,685.87438558164934
"DIVCORE/129/128/127/MOD/padded",1831,1,674.87875477880937
"DIVCORE/160/128/17/DIV/normalized",1024,1,10366.2373046875
"DIVCORE/160/128/17/MOD/normalized",1024,1,10359.5341796875
"DIVCORE/160/128/17/DIV/top-clear",1024,1,10954.88671875
"DIVCORE/160/128/17/MOD/top-clear",1024,1,11094.6708984375
"DIVCORE/160/128/17/DIV/top-one",1024,1,11024.98828125
"DIVCORE/160/128/17/MOD/top-one",1024,1,11189.75390625
"DIVCORE/160/128/17/DIV/padded",1024,1,10394.33203125
"DIVCORE/160/128/17/MOD/padded",1024,1,10390.333984375
"DIVCORE/160/128/17/DIV/add-back",1024,1,13232.2685546875
"DIVCORE/160/128/17/MOD/add-back",1024,1,13209.2294921875
"DIVCORE/160/128/127/DIV/normalized",1024,1,10373.0302734375
"DIVCORE/160/128/127/MOD/normalized",1024,1,10372.037109375
"DIVCORE/160/128/127/DIV/top-clear",1024,1,10915.0751953125
"DIVCORE/160/128/127/MOD/top-clear",1024,1,11082.94140625
"DIVCORE/160/128/127/DIV/top-one",1024,1,11071.1162109375
"DIVCORE/160/128/127/MOD/top-one",1024,1,11226.6298828125
"DIVCORE/160/128/127/DIV/padded",1024,1,10383.255859375
"DIVCORE/160/128/127/MOD/padded",1024,1,10383.0986328125
"DIVCORE/256/128/17/DIV/normalized",244,1,41073.163934426229
"DIVCORE/256/128/17/MOD/normalized",244,1,41027.647540983606
"DIVCORE/256/128/17/DIV/top-clear",241,1,41520.792531120329
"DIVCORE/256/128/17/MOD/top-clear",241,1,41661.572614107885
"DIVCORE/256/128/17/DIV/top-one",239,1,42011.393305439327
"DIVCORE/256/128/17/MOD/top-one",474,1,42153.187763713082
"DIVCORE/256/128/17/DIV/padded",244,1,41101.237704918036
"DIVCORE/256/128/17/MOD/padded",244,1,41084.897540983606
"DIVCORE/256/128/17/DIV/add-back",191,1,52417.952879581149
"DIVCORE/256/128/17/MOD/add-back",191,1,52409.869109947642
"DIVCORE/256/128/127/DIV/normalized",242,1,41364.32231404959
"DIVCORE/256/128/127/MOD/normalized",242,1,41345.206611570247
"DIVCORE/256/128/127/DIV/top-clear",242,1,41495.995867768594
"DIVCORE/256/128/127/MOD/top-clear",241,1,41602.278008298752
"DIVCORE/256/128/127/DIV/top-one",238,1,42095.554621848736
"DIVCORE/256/128/127/MOD/top-one",237,1,42236.3164556962
"DIVCORE/256/128/127/DIV/padded",242,1,41430.566115702481
"DIVCORE/256/128/127/MOD/padded",242,1,41437.396694214876
"DIVCORE/512/128/17/DIV/normalized",128,1,122678.3046875
"DIVCORE/512/128/17/MOD/normalized",128,1,122705.9609375
"DIVCORE/512/128/17/DIV/top-clear",128,1,123123.1875
"DIVCORE/512/128/17/MOD/top-clear",128,1,123195.78125
"DIVCORE/512/128/17/DIV/top-one",128,1,124649.46875
"DIVCORE/512/128/17/MOD/top-one",128,1,124743.21875
"DIVCORE/512/128/17/DIV/padded",128,1,122929.6015625
"DIVCORE/512/128/17/MOD/padded",128,1,122871.421875
"DIVCORE/512/128/17/DIV/add-back",64,1,157042.125
"DIVCORE/512/128/17/MOD/add-back",64,1,156971.359375
"DIVCORE/512/128/127/DIV/normalized",128,1,123339.2109375
"DIVCORE/512/128/127/MOD/normalized",128,1,123331.25
"DIVCORE/512/128/127/DIV/top-clear",128,1,122818.2734375
"DIVCORE/512/128/127/MOD/top-clear",128,1,122993.2734375
"DIVCORE/512/128/127/DIV/top-one",128,1,124660.8359375
"DIVCORE/512/128/127/MOD/top-one",128,1,124826.96875
"DIVCORE/512/128/127/DIV/padded",128,1,123492.921875
"DIVCORE/512/128/127/MOD/padded",128,1,123543
"DIVCORE/1152/128/17/DIV/normalized",31,1,327270.61290322582
"DIVCORE/1152/128/17/MOD/normalized",31,1,327081.74193548388
"DIVCORE/1152/128/17/DIV/top-clear",31,1,326946.67741935485
"DIVCORE/1152/128/17/MOD/top-clear",31,1,327140.25806451612
"DIVCORE/1152/128/17/DIV/top-one",31,1,331082.41935483873
"DIVCORE/1152/128/17/MOD/top-one",31,1,331035.87096774194
"DIVCORE/1152/128/17/DIV/padded",31,1,327525.51612903224
"DIVCORE/1152/128/17/MOD/padded",31,1,327496.61290322582
"DIVCORE/1152/128/17/DIV/add-back",24,1,418388.08333333331
"DIVCORE/1152/128/17/MOD/add-back",24,1,418486
"DIVCORE/1152/128/127/DIV/normalized",31,1,328276.80645161291
"DIVCORE/1152/128/127/MOD/normalized",31,1,328229.48387096776
"DIVCORE/1152/128/127/DIV/top-clear",31,1,326254.6451612903
"DIVCORE/1152/128/127/MOD/top-clear",31,1,326379.93548387097
"DIVCORE/1152/128/127/DIV/top-one",31,1,331237
"DIVCORE/1152/128/127/MOD/top-one",31,1,331397.09677419357
"DIVCORE/1152/128/127/DIV/padded",31,1,328815.6451612903
"DIVCORE/1152/128/127/MOD/padded",31,1,328699.16129032261
"DIVCORE/255/256/17/DIV/normalized",948,1,28.154008438818565
"DIVCORE/255/256/17/MOD/normalized",948,1,21.695147679324894
"DIVCORE/255/256/17/DIV/top-clear",948,1,25.5
"DIVCORE/255/256/17/MOD/top-clear",948,1,21.765822784810126
"DIVCORE/255/256/17/DIV/top-one",948,1,25.176160337552744
"DIVCORE/255/256/17/MOD/top-one",948,1,21.842827004219409
"DIVCORE/255/256/17/DIV/padded",948,1,25.187763713080169
"DIVCORE/255/256/17/MOD/padded",948,1,21.879746835443036
"DIVCORE/255/256/127/DIV/normalized",948,1,25.182489451476794
"DIVCORE/255/256/127/MOD/normalized",948,1,21.91561181434599
"DIVCORE/255/256/127/DIV/top-clear",948,1,25.105485232067512
"DIVCORE/255/256/127/MOD/top-clear",948,1,21.592827004219409
"DIVCORE/255/256/127/DIV/top-one",948,1,25.465189873417721
"DIVCORE/255/256/127/MOD/top-one",948,1,21.869198312236286
"DIVCORE/255/256/127/DIV/padded",948,1,25.164556962025316
"DIVCORE/255/256/127/MOD/padded",948,1,21.645569620253166
"DIVCORE/256/256/17/DIV/normalized",946,1,634.91226215644815
"DIVCORE/256/256/17/MOD/normalized",946,1,620.12684989429181
"DIVCORE/256/256/17/DIV/top-clear",946,1,1252.7029598308668
"DIVCORE/256/256/17/MOD/top-clear",946,1,1528.8424947145877
"DIVCORE/256/256/17/DIV/top-one",946,1,1251.7822410147992
"DIVCORE/256/256/17/MOD/top-one",946,1,1535.7801268498943
"DIVCORE/256/256/17/DIV/padded",946,1,635.1902748414376
"DIVCORE/256/256/17/MOD/padded",946,1,618.7589852008457
"DIVCORE/256/256/127/DIV/normalized",946,1,635.97251585623678
"DIVCORE/256/256/127/MOD/normalized",946,1,624.89746300211414
"DIVCORE/256/256/127/DIV/top-clear",946,1,1251.7621564482029
"DIVCORE/256/256/127/MOD/top-clear",946,1,1529.8953488372092
"DIVCORE/256/256/127/DIV/top-one",946,1,1258.6649048625793
"DIVCORE/256/256/127/MOD/top-one",946,1,1533.7526427061312
"DIVCORE/256/256/127/DIV/padded",946,1,636.22515856236782
"DIVCORE/256/256/127/MOD/padded",946,1,623.00634249471454
"DIVCORE/257/256/17/DIV/normalized",945,1,1237.2402116402116
"DIVCORE/257/256/17/MOD/normalized",945,1,1221.6444444444444
"DIVCORE/257/256/17/DIV/top-clear",945,1,1903.4169312169313
"DIVCORE/257/256/17/MOD/top-clear",945,1,2132.4031746031746
"DIVCORE/257/256/17/DIV/top-one",945,1,1909.7566137566137
"DIVCORE/257/256/17/MOD/top-one",945,1,2144.6687830687829
"DIVCORE/257/256/17/DIV/padded",945,1,1244.3238095238096
"DIVCORE/257/256/17/MOD/padded",945,1,1225.6391534391535
"DIVCORE/257/256/17/DIV/add-back",945,1,869.57566137566141
"DIVCORE/257/256/17/MOD/add-back",945,1,857.08677248677247
"DIVCORE/257/256/127/DIV/normalized",945,1,1241.6338624338625
"DIVCORE/257/256/127/MOD/normalized",945,1,1223.731216931217
"DIVCORE/257/256/127/DIV/top-clear",945,1,1898.4888888888888
"DIVCORE/257/256/127/MOD/top-clear",945,1,2135.5544973544975
"DIVCORE/257/256/127/DIV/top-one",945,1,1908.4878306878306
"DIVCORE/257/256/127/MOD/top-one",945,1,2135.0677248677248
"DIVCORE/257/256/127/DIV/padded",945,1,1235.3714285714286
"DIVCORE/257/256/127/MOD/padded",945,1,1230.847619047619
"DIVCORE/288/256/17/DIV/normalized",892,1,19075.003363228701
"DIVCORE/288/256/17/MOD/normalized",892,1,19061.723094170404
"DIVCORE/288/256/17/DIV/top-clear",892,1,20316.919282511211
"DIVCORE/288/256/17/MOD/top-clear",486,1,20603.323045267491
"DIVCORE/288/256/17/DIV/top-one",892,1,20394.852017937221
"DIVCORE/288/256/17/MOD/top-one",484,1,20684.960743801654
"DIVCORE/288/256/17/DIV/padded",892,1,19091.178251121077
"DIVCORE/288/256/17/MOD/padded",892,1,19080.706278026904
"DIVCORE/288/256/17/DIV/add-back",393,1,25465.264631043257
"DIVCORE/288/256/17/MOD/add-back",393,1,25452.783715012723
"DIVCORE/288/256/127/DIV/normalized",511,1,19615.479452054795
"DIVCORE/288/256/127/MOD/normalized",511,1,19617.52446183953
"DIVCORE/288/256/127/DIV/top-clear",892,1,20280.013452914798
"DIVCORE/288/256/127/MOD/top-clear",487,1,20569.848049281314
"DIVCORE/288/256/127/DIV/top-one",892,1,20368.028026905831
"DIVCORE/288/256/127/MOD/top-one",485,1,20658.377319587627
"DIVCORE/288/256/127/DIV/padded",892,1,19635.623318385649
"DIVCORE/288/256/127/MOD/padded",510,1,19623.888235294118
"DIVCORE/512/256/17/DIV/normalized",128,1,151524.34375
"DIVCORE/512/256/17/MOD/normalized",128,1,151498.7578125
"DIVCORE/512/256/17/DIV/top-clear",128,1,153249.4375
"DIVCORE/512/256/17/MOD/top-clear",128,1,153533.8359375
"DIVCORE/512/256/17/DIV/top-one",128,1,153865.140625
"DIVCORE/512/256/17/MOD/top-one",128,1,154181.765625
"DIVCORE/512/256/17/DIV/padded",128,1,152214.515625
"DIVCORE/512/256/17/MOD/padded",128,1,151548.5
"DIVCORE/512/256/17/DIV/add-back",50,1,202560.48000000001
"DIVCORE/512/256/17/MOD/add-back",50,1,202488.20000000001
"DIVCORE/512/256/127/DIV/normalized",128,1,151453.421875
"DIVCORE/512/256/127/MOD/normalized",128,1,151395.3125
"DIVCORE/512/256/127/DIV/top-clear",128,1,152995.171875
"DIVCORE/512/256/127/MOD/top-clear",128,1,153306.6875
"DIVCORE/512/256/127/DIV/top-one",128,1,153850.25
"DIVCORE/512/256/127/MOD/top-one",128,1,154139.3984375
"DIVCORE/512/256/127/DIV/padded",128,1,151566.890625
"DIVCORE/512/256/127/MOD/padded",128,1,151582.0234375
"DIVCORE/1024/256/17/DIV/normalized",23,1,454232.47826086957
"DIVCORE/1024/256/17/MOD/normalized",23,1,454051.47826086957
"DIVCORE/1024/256/17/DIV/top-clear",22,1,456670.31818181818
"DIVCORE/1024/256/17/MOD/top-clear",22,1,457012.90909090912
"DIVCORE/1024/256/17/DIV/top-one",22,1,459108.90909090912
"DIVCORE/1024/256/17/MOD/top-one",22,1,459119.22727272729
"DIVCORE/1024/256/17/DIV/padded",22,1,454701.90909090912
"DIVCORE/1024/256/17/MOD/padded",23,1,454411.60869565216
"DIVCORE/1024/256/17/DIV/add-back",17,1,607676.5294117647
"DIVCORE/1024/256/17/MOD/add-back",17,1,607516.4117647059
"DIVCORE/1024/256/127/DIV/normalized",23,1,454145.65217391303
"DIVCORE/1024/256/127/MOD/normalized",44,1,453960.47727272729
"DIVCORE/1024/256/127/DIV/top-clear",22,1,456849.22727272729
"DIVCORE/1024/256/127/MOD/top-clear",22,1,456762.5
"DIVCORE/1024/256/127/DIV/top-one",22,1,459342.13636363635
"DIVCORE/1024/256/127/MOD/top-one",22,1,459609.18181818182
"DIVCORE/1024/256/127/DIV/padded",23,1,454426.78260869568
"DIVCORE/1024/256/127/MOD/padded",23,1,454366
"DIVCORE/1280/256/17/DIV/normalized",17,1,605505.6470588235
"DIVCORE/1280/256/17/MOD/normalized",17,1,605485.23529411759
"DIVCORE/1280/256/17/DIV/top-clear",17,1,608621
"DIVCORE/1280/256/17/MOD/top-clear",17,1,608786.29411764711
"DIVCORE/1280/256/17/DIV/top-one",17,1,611440.5882352941
"DIVCORE/1280/256/17/MOD/top-one",17,1,611692.9411764706
"DIVCORE/1280/256/17/DIV/padded",17,1,606156.76470588241
"DIVCORE/1280/256/17/MOD/padded",17,1,606184.3529411765
"DIVCORE/1280/256/17/DIV/add-back",16,1,809589.9375
"DIVCORE/1280/256/17/MOD/add-back",16,1,809498.3125
"DIVCORE/1280/256/127/DIV/normalized",17,1,605686.82352941181
"DIVCORE/1280/256/127/MOD/normalized",17,1,606148.4117647059
"DIVCORE/1280/256/127/DIV/top-clear",17,1,608296.23529411759
"DIVCORE/1280/256/127/MOD/top-clear",17,1,608455.29411764711
"DIVCORE/1280/256/127/DIV/top-one",17,1,611789.9411764706
"DIVCORE/1280/256/127/MOD/top-one",17,1,611919
"DIVCORE/1280/256/127/DIV/padded",17,1,606498.70588235289
"DIVCORE/1280/256/127/MOD/padded",17,1,606478.5294117647
"DIVCORE/1023/1024/17/DIV/normalized",242,1,35.433884297520663
"DIVCORE/1023/1024/17/MOD/normalized",242,1,24.061983471074381
"DIVCORE/1023/1024/17/DIV/top-clear",242,1,27.367768595041323
"DIVCORE/1023/1024/17/MOD/top-clear",242,1,23.694214876033058
"DIVCORE/1023/1024/17/DIV/top-one",242,1,27.632231404958677
"DIVCORE/1023/1024/17/MOD/top-one",242,1,23.623966942148762
"DIVCORE/1023/1024/17/DIV/padded",242,1,27.136363636363637
"DIVCORE/1023/1024/17/MOD/padded",242,1,23.438016528925619
"DIVCORE/1023/1024/127/DIV/normalized",242,1,27.082644628099175
"DIVCORE/1023/1024/127/MOD/normalized",242,1,23.450413223140497
"DIVCORE/1023/1024/127/DIV/top-clear",242,1,27.392561983471076
"DIVCORE/1023/1024/127/MOD/top-clear",242,1,23.314049586776861
"DIVCORE/1023/1024/127/DIV/top-one",242,1,26.801652892561982
"DIVCORE/1023/1024/127/MOD/top-one",242,1,23.235537190082646
"DIVCORE/1023/1024/127/DIV/padded",242,1,27.16115702479339
"DIVCORE/1023/1024/127/MOD/padded",242,1,23.384297520661157
"DIVCORE/1024/1024/17/DIV/normalized",242,1,237.36363636363637
"DIVCORE/1024/1024/17/MOD/normalized",242,1,60.933884297520663
"DIVCORE/1024/1024/17/DIV/top-clear",242,1,4939.2066115702482
"DIVCORE/1024/1024/17/MOD/top-clear",242,1,5936.2892561983472
"DIVCORE/1024/1024/17/DIV/top-one",242,1,4903.0041322314046
"DIVCORE/1024/1024/17/MOD/top-one",242,1,5936.1942148760327
"DIVCORE/1024/1024/17/DIV/padded",242,1,236.89256198347107
"DIVCORE/1024/1024/17/MOD/padded",242,1,60.404958677685947
"DIVCORE/1024/1024/127/DIV/normalized",242,1,250.72314049586777
"DIVCORE/1024/1024/127/MOD/normalized",242,1,59.962809917355372
"DIVCORE/1024/1024/127/DIV/top-clear",242,1,4936.1487603305786
"DIVCORE/1024/1024/127/MOD/top-clear",242,1,5930.0743801652889
"DIVCORE/1024/1024/127/DIV/top-one",242,1,4885.1776859504134
"DIVCORE/1024/1024/127/MOD/top-one",242,1,5929.1694214876034
"DIVCORE/1024/1024/127/DIV/padded",242,1,236.05371900826447
"DIVCORE/1024/1024/127/MOD/padded",242,1,60
"DIVCORE/1025/1024/17/DIV/normalized",242,1,2548.8388429752067
"DIVCORE/1025/1024/17/MOD/normalized",242,1,2473.2603305785124
"DIVCORE/1025/1024/17/DIV/top-clear",242,1,7314.0702479338843
"DIVCORE/1025/1024/17/MOD/top-clear",242,1,8301.7479338842968
"DIVCORE/1025/1024/17/DIV/top-one",242,1,7305.8057851239673
"DIVCORE/1025/1024/17/MOD/top-one",242,1,8296.8057851239664
"DIVCORE/1025/1024/17/DIV/padded",242,1,2588.8305785123966
"DIVCORE/1025/1024/17/MOD/padded",242,1,2450.2148760330579
"DIVCORE/1025/1024/17/DIV/add-back",242,1,3572.7148760330579
"DIVCORE/1025/1024/17/MOD/add-back",242,1,3330.8966942148759
"DIVCORE/1025/1024/127/DIV/normalized",242,1,4986.3057851239673
"DIVCORE/1025/1024/127/MOD/normalized",242,1,4815.3223140495866
"DIVCORE/1025/1024/127/DIV/top-clear",242,1,7300.7190082644629
"DIVCORE/1025/1024/127/MOD/top-clear",242,1,8299.1239669421484
"DIVCORE/1025/1024/127/DIV/top-one",242,1,7304.8057851239673
"DIVCORE/1025/1024/127/MOD/top-one",242,1,8292.6735537190089
"DIVCORE/1025/1024/127/DIV/padded",242,1,4963.0826446280989
"DIVCORE/1025/1024/127/MOD/padded",242,1,4815.3966942148763
"DIVCORE/1056/1024/17/DIV/normalized",134,1,73809.313432835814
"DIVCORE/1056/1024/17/MOD/normalized",139,1,75074.446043165473
"DIVCORE/1056/1024/17/DIV/top-clear",238,1,80126.197478991598
"DIVCORE/1056/1024/17/MOD/top-clear",238,1,78257.857142857145
"DIVCORE/1056/1024/17/DIV/top-one",128,1,79235.390625
"DIVCORE/1056/1024/17/MOD/top-one",128,1,80924.859375
"DIVCORE/1056/1024/17/DIV/padded",238,1,72606.903361344535
"DIVCORE/1056/1024/17/MOD/padded",238,1,72773.113445378156
"DIVCORE/1056/1024/17/DIV/add-back",128,1,100512.671875
"DIVCORE/1056/1024/17/MOD/add-back",128,1,101246.2734375
"DIVCORE/1056/1024/127/DIV/normalized",137,1,73967.379562043789
"DIVCORE/1056/1024/127/MOD/normalized",137,1,72954.284671532849
"DIVCORE/1056/1024/127/DIV/top-clear",129,1,80009.077519379847
"DIVCORE/1056/1024/127/MOD/top-clear",128,1,79803.109375
"DIVCORE/1056/1024/127/DIV/top-one",128,1,79854.859375
"DIVCORE/1056/1024/127/MOD/top-one",128,1,78957.0390625
"DIVCORE/1056/1024/127/DIV/padded",133,1,72544.691729323313
"DIVCORE/1056/1024/127/MOD/padded",136,1,73464.301470588238
"DIVCORE/2048/1024/17/DIV/normalized",5,1,2325445
"DIVCORE/2048/1024/17/MOD/normalized",5,1,2296947
"DIVCORE/2048/1024/17/DIV/top-clear",5,1,2309288.6000000001
"DIVCORE/2048/1024/17/MOD/top-clear",5,1,2313648.3999999999
"DIVCORE/2048/1024/17/DIV/top-one",5,1,2327430.6000000001
"DIVCORE/2048/1024/17/MOD/top-one",5,1,2309671.7999999998
"DIVCORE/2048/1024/17/DIV/padded",5,1,2328190
"DIVCORE/2048/1024/17/MOD/padded",5,1,2297652.6000000001
"DIVCORE/2048/1024/17/DIV/add-back",4,1,3165005.75
"DIVCORE/2048/1024/17/MOD/add-back",4,1,3161112.25
"DIVCORE/2048/1024/127/DIV/normalized",5,1,2391151.3999999999
"DIVCORE/2048/1024/127/MOD/normalized",5,1,2303722
"DIVCORE/2048/1024/127/DIV/top-clear",5,1,2358462.7999999998
"DIVCORE/2048/1024/127/MOD/top-clear",5,1,2309250.6000000001
"DIVCORE/2048/1024/127/DIV/top-one",5,1,2400477.3999999999
"DIVCORE/2048/1024/127/MOD/top-one",5,1,2400300.7999999998
"DIVCORE/2048/1024/127/DIV/padded",5,1,2344546.6000000001
"DIVCORE/2048/1024/127/MOD/padded",5,1,2346105.3999999999
"DIVCORE/4096/1024/17/DIV/normalized",2,1,6892739.5
"DIVCORE/4096/1024/17/MOD/normalized",2,1,6891564.5
"DIVCORE/4096/1024/17/DIV/top-clear",2,1,6979994
"DIVCORE/4096/1024/17/MOD/top-clear",2,1,7026753.5
"DIVCORE/4096/1024/17/DIV/top-one",2,1,7010247
"DIVCORE/4096/1024/17/MOD/top-one",2,1,6990067
"DIVCORE/4096/1024/17/DIV/padded",2,1,6965364
"DIVCORE/4096/1024/17/MOD/padded",2,1,6891766.5
"DIVCORE/4096/1024/17/DIV/add-back",2,1,9465913.5
"DIVCORE/4096/1024/17/MOD/add-back",2,1,9464224.5
"DIVCORE/4096/1024/127/DIV/normalized",2,1,6946441.5
"DIVCORE/4096/1024/127/MOD/normalized",2,1,6896642.5
"DIVCORE/4096/1024/127/DIV/top-clear",2,1,7067309.5
"DIVCORE/4096/1024/127/MOD/top-clear",2,1,7039112
"DIVCORE/4096/1024/127/DIV/top-one",2,1,7169302
"DIVCORE/4096/1024/127/MOD/top-one",2,1,7180049
"DIVCORE/4096/1024/127/DIV/padded",2,1,6989008.5
"DIVCORE/4096/1024/127/MOD/padded",2,1,7004619
"DIVCORE/1/1/17/DIV/normalized",27777,2,29.582244302840479
"DIVCORE/1/1/17/MOD/normalized",27777,2,29.349821795010261
"DIVCORE/1/1/17/DIV/top-clear",27777,2,29.706663786586024
"DIVCORE/1/1/17/MOD/top-clear",27777,2,29.339993519818556
"DIVCORE/1/1/17/DIV/top-one",27777,2,29.540375130503655
"DIVCORE/1/1/17/MOD/top-one",27777,2,28.495877884580768
"DIVCORE/1/1/17/DIV/padded",27777,2,29.825359110055082
"DIVCORE/1/1/17/MOD/padded",27777,2,29.241854771933614
"DIVCORE/1/1/127/DIV/normalized",27777,2,29.812866760269287
"DIVCORE/1/1/127/MOD/normalized",27777,2,29.342513590380531
"DIVCORE/1/1/127/DIV/top-clear",27777,2,29.819634949778592
"DIVCORE/1/1/127/MOD/top-clear",27777,2,29.348057745616877
"DIVCORE/1/1/127/DIV/top-one",27777,2,29.712387946862513
"DIVCORE/1/1/127/MOD/top-one",27777,2,28.482845519674552
"DIVCORE/1/1/127/DIV/padded",27777,2,29.799618389314901
"DIVCORE/1/1/127/MOD/padded",27777,2,29.304388522878639
"DIVCORE/2/1/17/DIV/normalized",26315,2,75.986281588447653
"DIVCORE/2/1/17/MOD/normalized",26315,2,74.272240167205013
"DIVCORE/2/1/17/DIV/top-clear",26315,2,100.48721261637849
"DIVCORE/2/1/17/MOD/top-clear",26315,2,99.321413642409269
"DIVCORE/2/1/17/DIV/top-one",26315,2,100.28630058901767
"DIVCORE/2/1/17/MOD/top-one",26315,2,99.492456773703211
"DIVCORE/2/1/17/DIV/padded",26315,2,75.645487364620934
"DIVCORE/2/1/17/MOD/padded",26315,2,74.7605548166445
"DIVCORE/2/1/127/DIV/normalized",26315,2,75.5651149534486
"DIVCORE/2/1/127/MOD/normalized",26315,2,74.420216606498201
"DIVCORE/2/1/127/DIV/top-clear",26315,2,99.889568687060617
"DIVCORE/2/1/127/MOD/top-clear",26315,2,100.09226676800304
"DIVCORE/2/1/127/DIV/top-one",26315,2,100.46235987079612
"DIVCORE/2/1/127/MOD/top-one",26315,2,99.826258787763635
"DIVCORE/2/1/127/DIV/padded",26315,2,76.218886566596993
"DIVCORE/2/1/127/MOD/padded",26315,2,74.71502945088352
"DIVCORE/4/1/17/DIV/normalized",23809,2,132.98668570708554
"DIVCORE/4/1/17/MOD/normalized",23809,2,132.35196774329034
"DIVCORE/4/1/17/DIV/top-clear",23809,2,159.86500903019868
"DIVCORE/4/1/17/MOD/top-clear",23809,2,160.41895921710278
"DIVCORE/4/1/17/DIV/top-one",23809,2,158.9293544457978
"DIVCORE/4/1/17/MOD/top-one",23809,2,158.84249653492378
"DIVCORE/4/1/17/DIV/padded",23809,2,133.78608929396447
"DIVCORE/4/1/17/MOD/padded",23809,2,132.82645218194801
"DIVCORE/4/1/127/DIV/normalized",23809,2,132.04548700071402
"DIVCORE/4/1/127/MOD/normalized",23809,2,133.03746482422613
"DIVCORE/4/1/127/DIV/top-clear",23809,2,158.82590616993573
"DIVCORE/4/1/127/MOD/top-clear",23809,2,159.86841110504432
"DIVCORE/4/1/127/DIV/top-one",23809,2,160.00529211642657
"DIVCORE/4/1/127/MOD/top-one",23809,2,159.95321097064135
"DIVCORE/4/1/127/DIV/padded",23809,2,133.64719223822925
"DIVCORE/4/1/127/MOD/padded",23809,2,134.77962115166534
"DIVCORE/33/1/17/DIV/normalized",10000,2,977.43679999999995
"DIVCORE/33/1/17/MOD/normalized",10000,2,986.17190000000005
"DIVCORE/33/1/17/DIV/top-clear",10000,2,1041.0268000000001
"DIVCORE/33/1/17/MOD/top-clear",9653,2,1032.5232570185435
"DIVCORE/33/1/17/DIV/top-one",9639,2,1040.7444755680049
"DIVCORE/33/1/17/MOD/top-one",9656,2,1032.9730737365369
"DIVCORE/33/1/17/DIV/padded",10000,2,1000.4587
"DIVCORE/33/1/17/MOD/padded",9928,2,1011.7567485898469
"DIVCORE/33/1/127/DIV/normalized",10000,2,974.44529999999997
"DIVCORE/33/1/127/MOD/normalized",10000,2,987.28660000000002
"DIVCORE/33/1/127/DIV/top-clear",9556,2,1041.6806195060694
"DIVCORE/33/1/127/MOD/top-clear",10000,2,1031.7043000000001
"DIVCORE/33/1/127/DIV/top-one",10000,2,1041.9797000000001
"DIVCORE/33/1/127/MOD/top-one",10000,2,1032.5144
"DIVCORE/33/1/127/DIV/padded",10000,2,995.40869999999995
"DIVCORE/33/1/127/MOD/padded",9914,2,1012.8469840629413
"DIVCORE/1025/1/17/DIV/normalized",342,2,29473.128654970762
"DIVCORE/1025/1/17/MOD/normalized",479,2,29692.50521920668
"DIVCORE/1025/1/17/DIV/top-clear",322,2,30852.869565217392
"DIVCORE/1025/1/17/MOD/top-clear",479,2,30650.820459290189
"DIVCORE/1025/1/17/DIV/top-one",322,2,30841.183229813665
"DIVCORE/1025/1/17/MOD/top-one",325,2,30659.615384615383
"DIVCORE/1025/1/17/DIV/padded",333,2,30277.456456456457
"DIVCORE/1025/1/17/MOD/padded",479,2,30476.022964509393
"DIVCORE/1025/1/127/DIV/normalized",340,2,29375.332352941175
"DIVCORE/1025/1/127/MOD/normalized",334,2,29549.026946107784
"DIVCORE/1025/1/127/DIV/top-clear",479,2,30866.935281837159
"DIVCORE/1025/1/127/MOD/top-clear",325,2,30659.901538461538
"DIVCORE/1025/1/127/DIV/top-one",322,2,30854.940993788819
"DIVCORE/1025/1/127/MOD/top-one",479,2,30662.885177453027
"DIVCORE/1025/1/127/DIV/padded",479,2,29979.496868475992
"DIVCORE/1025/1/127/MOD/padded",334,2,30562.473053892216
"DIVCORE/65536/1/17/DIV/normalized",6,2,1893761.5
"DIVCORE/65536/1/17/MOD/normalized",6,2,1869962.1666666667
"DIVCORE/65536/1/17/DIV/top-one",6,2,1962395.6666666667
"DIVCORE/65536/1/17/MOD/top-one",6,2,1951682.3333333333
"DIVCORE/500000/1/17/DIV/normalized",1,2,14454599
"DIVCORE/500000/1/17/MOD/normalized",1,2,14270065
"DIVCORE/500000/1/17/DIV/top-one",1,2,15045632
"DIVCORE/500000/1/17/MOD/top-one",1,2,14881606
"DIVCORE/1/2/17/DIV/normalized",26315,2,19.917689530685919
"DIVCORE/1/2/17/MOD/normalized",26315,2,15.234847045411362
"DIVCORE/1/2/17/DIV/top-clear",26315,2,19.237393121793655
"DIVCORE/1/2/17/MOD/top-clear",26315,2,15.106669200076002
"DIVCORE/1/2/17/DIV/top-one",26315,2,19.117195515865475
"DIVCORE/1/2/17/MOD/top-one",26315,2,15.216416492494774
"DIVCORE/1/2/17/DIV/padded",26315,2,19.235683070492115
"DIVCORE/1/2/17/MOD/padded",26315,2,15.100589017670529
"DIVCORE/1/2/127/DIV/normalized",26315,2,19.29724491734752
"DIVCORE/1/2/127/MOD/normalized",26315,2,15.20714421432643
"DIVCORE/1/2/127/DIV/top-clear",26315,2,19.114877446323391
"DIVCORE/1/2/127/MOD/top-clear",26315,2,15.092684780543417
"DIVCORE/1/2/127/DIV/top-one",26315,2,19.285122553676612
"DIVCORE/1/2/127/MOD/top-one",26315,2,15.095078852365571
"DIVCORE/1/2/127/DIV/padded",26315,2,19.125175755272657
"DIVCORE/1/2/127/MOD/padded",26315,2,15.115599467984039
"DIVCORE/2/2/17/DIV/normalized",25000,2,62.945520000000002
"DIVCORE/2/2/17/MOD/normalized",25000,2,58.706960000000002
"DIVCORE/2/2/17/DIV/top-clear",25000,2,89.652519999999996
"DIVCORE/2/2/17/MOD/top-clear",25000,2,88.876800000000003
"DIVCORE/2/2/17/DIV/top-one",25000,2,89.732560000000007
"DIVCORE/2/2/17/MOD/top-one",25000,2,88.996880000000004
"DIVCORE/2/2/17/DIV/padded",25000,2,63.357199999999999
"DIVCORE/2/2/17/MOD/padded",25000,2,58.501280000000001
"DIVCORE/2/2/127/DIV/normalized",25000,2,55.231960000000001
"DIVCORE/2/2/127/MOD/normalized",25000,2,51.413440000000001
"DIVCORE/2/2/127/DIV/top-clear",25000,2,89.851640000000003
"DIVCORE/2/2/127/MOD/top-clear",25000,2,88.510559999999998
"DIVCORE/2/2/127/DIV/top-one",25000,2,91.190200000000004
"DIVCORE/2/2/127/MOD/top-one",25000,2,90.259
"DIVCORE/2/2/127/DIV/padded",25000,2,54.820239999999998
"DIVCORE/2/2/127/MOD/padded",25000,2,51.375160000000001
"DIVCORE/3/2/17/DIV/normalized",23809,2,101.64068209500608
"DIVCORE/3/2/17/MOD/normalized",23809,2,100.49901297828552
"DIVCORE/3/2/17/DIV/top-clear",23809,2,128.82137007014154
"DIVCORE/3/2/17/MOD/top-clear",23809,2,131.75668864715024
"DIVCORE/3/2/17/DIV/top-one",23809,2,128.85022470494351
"DIVCORE/3/2/17/MOD/top-one",23809,2,132.37964635221974
"DIVCORE/3/2/17/DIV/padded",23809,2,101.26939392666638
"DIVCORE/3/2/17/MOD/padded",23809,2,101.43563358393885
"DIVCORE/3/2/127/DIV/normalized",23809,2,100.65899449787895
"DIVCORE/3/2/127/MOD/normalized",23809,2,100.64122810701835
"DIVCORE/3/2/127/DIV/top-clear",23809,2,130.58347683649041
"DIVCORE/3/2/127/MOD/top-clear",23809,2,133.79070939560671
"DIVCORE/3/2/127/DIV/top-one",23809,2,128.96828930236464
"DIVCORE/3/2/127/MOD/top-one",23809,2,132.38661850560712
"DIVCORE/3/2/127/DIV/padded",23809,2,101.55584022848502
"DIVCORE/3/2/127/MOD/padded",23809,2,101.3791423411315
"DIVCORE/4/2/17/DIV/normalized",22727,2,133.9423153077837
"DIVCORE/4/2/17/MOD/normalized",22727,2,133.91327495929951
"DIVCORE/4/2/17/DIV/top-clear",22727,2,171.24847098165179
"DIVCORE/4/2/17/MOD/top-clear",22727,2,174.01460817529809
"DIVCORE/4/2/17/DIV/top-one",22727,2,170.97777973335681
"DIVCORE/4/2/17/MOD/top-one",22727,2,173.40484885818628
"DIVCORE/4/2/17/DIV/padded",22727,2,135.64333171998064
"DIVCORE/4/2/17/MOD/padded",22727,2,134.6214634575615
"DIVCORE/4/2/127/DIV/normalized",22727,2,141.09882518590223
"DIVCORE/4/2/127/MOD/normalized",22727,2,140.43657323887888
"DIVCORE/4/2/127/DIV/top-clear",22727,2,173.73511682140185
"DIVCORE/4/2/127/MOD/top-clear",22727,2,176.25656707880495
"DIVCORE/4/2/127/DIV/top-one",22727,2,169.55687068244819
"DIVCORE/4/2/127/MOD/top-one",22727,2,173.58371100453206
"DIVCORE/4/2/127/DIV/padded",22727,2,141.4680336164034
"DIVCORE/4/2/127/MOD/padded",22727,2,141.91569498833985
"DIVCORE/8/2/17/DIV/normalized",19230,2,293.5115444617785
"DIVCORE/8/2/17/MOD/normalized",19230,2,292.19084763390538
"DIVCORE/8/2/17/DIV/top-clear",19230,2,340.30910036401457
"DIVCORE/8/2/17/MOD/top-clear",19230,2,344.42501300052004
"DIVCORE/8/2/17/DIV/top-one",19230,2,340.1294851794072
"DIVCORE/8/2/17/MOD/top-one",19230,2,346.15169006760271
"DIVCORE/8/2/17/DIV/padded",19230,2,296.65434217368693
"DIVCORE/8/2/17/MOD/padded",19230,2,295.80202808112324
"DIVCORE/8/2/127/DIV/normalized",19230,2,300.35621424856993
"DIVCORE/8/2/127/MOD/normalized",19230,2,299.3244929797192
"DIVCORE/8/2/127/DIV/top-clear",19230,2,338.62719708788353
"DIVCORE/8/2/127/MOD/top-clear",19230,2,341.41159646385853
"DIVCORE/8/2/127/DIV/top-one",19230,2,333.07587103484138
"DIVCORE/8/2/127/MOD/top-one",19230,2,336.75819032761308
"DIVCORE/8/2/127/DIV/padded",19230,2,303.00254810192405
"DIVCORE/8/2/127/MOD/padded",19230,2,303.0886115444618
"DIVCORE/34/2/17/DIV/normalized",8192,2,1373.8714599609375
"DIVCORE/34/2/17/MOD/normalized",8192,2,1372.7698974609375
"DIVCORE/34/2/17/DIV/top-clear",8192,2,1460.4974365234375
"DIVCORE/34/2/17/MOD/top-clear",8192,2,1472.2386474609375
"DIVCORE/34/2/17/DIV/top-one",8192,2,1408.159912109375
"DIVCORE/34/2/17/MOD/top-one",8192,2,1414.93359375
"DIVCORE/34/2/17/DIV/padded",8192,2,1392.717041015625
"DIVCORE/34/2/17/MOD/padded",8192,2,1394.7156982421875
"DIVCORE/34/2/127/DIV/normalized",8192,2,1379.1634521484375
"DIVCORE/34/2/127/MOD/normalized",8192,2,1377.138916015625
"DIVCORE/34/2/127/DIV/top-clear",8192,2,1487.507568359375
"DIVCORE/34/2/127/MOD/top-clear",8192,2,1491.4169921875
"DIVCORE/34/2/127/DIV/top-one",8192,2,1444.28662109375
"DIVCORE/34/2/127/MOD/top-one",8192,2,1459.3759765625
"DIVCORE/34/2/127/DIV/padded",8192,2,1397.1171875
"DIVCORE/34/2/127/MOD/padded",8192,2,1394.502685546875
"DIVCORE/1026/2/17/DIV/normalized",227,2,44031.977973568282
"DIVCORE/1026/2/17/MOD/normalized",227,2,44027.797356828196
"DIVCORE/1026/2/17/DIV/top-clear",219,2,45612.082191780821
"DIVCORE/1026/2/17/MOD/top-clear",219,2,45638.92694063927
"DIVCORE/1026/2/17/DIV/top-one",239,2,41737.00418410042
"DIVCORE/1026/2/17/MOD/top-one",239,2,41728.853556485359
"DIVCORE/1026/2/17/DIV/padded",224,2,44567.3125
"DIVCORE/1026/2/17/MOD/padded",224,2,44663.625
"DIVCORE/1026/2/127/DIV/normalized",232,2,43124.314655172413
"DIVCORE/1026/2/127/MOD/normalized",231,2,43202.56277056277
"DIVCORE/1026/2/127/DIV/top-clear",221,2,45192.140271493212
"DIVCORE/1026/2/127/MOD/top-clear",221,2,45131.638009049777
"DIVCORE/1026/2/127/DIV/top-one",225,2,44443.484444444446
"DIVCORE/1026/2/127/MOD/top-one",224,2,44464.178571428572
"DIVCORE/1026/2/127/DIV/padded",456,2,43946.309210526313
"DIVCORE/1026/2/127/MOD/padded",229,2,43603.222707423578
"DIVCORE/65536/2/17/DIV/normalized",4,2,2839236.25
"DIVCORE/65536/2/17/MOD/normalized",4,2,2839025.75
"DIVCORE/65536/2/17/DIV/top-one",4,2,2685084.5
"DIVCORE/65536/2/17/MOD/top-one",4,2,2677438.5
"DIVCORE/500000/2/17/DIV/normalized",1,2,21741257
"DIVCORE/500000/2/17/MOD/normalized",1,2,21680839
"DIVCORE/500000/2/17/DIV/top-one",1,2,20481527
"DIVCORE/500000/2/17/MOD/top-one",1,2,20391281
"DIVCORE/2/3/17/DIV/normalized",23809,2,19.997269939938679
"DIVCORE/2/3/17/MOD/normalized",23809,2,15.211264647822253
"DIVCORE/2/3/17/DIV/top-clear",23809,2,19.11898861774959
"DIVCORE/2/3/17/MOD/top-clear",23809,2,15.072997605947331
"DIVCORE/2/3/17/DIV/top-one",23809,2,19.298164559620311
"DIVCORE/2/3/17/MOD/top-one",23809,2,15.108320383048428
"DIVCORE/2/3/17/DIV/padded",23809,2,19.233609139401068
"DIVCORE/2/3/17/MOD/padded",23809,2,15.102146247217439
"DIVCORE/2/3/127/DIV/normalized",23809,2,19.115922550296105
"DIVCORE/2/3/127/MOD/normalized",23809,2,15.20836658406485
"DIVCORE/2/3/127/DIV/top-clear",23809,2,19.111638456046034
"DIVCORE/2/3/127/MOD/top-clear",23809,2,15.244781385190475
"DIVCORE/2/3/127/DIV/top-one",23809,2,19.227351001722038
"DIVCORE/2/3/127/MOD/top-one",23809,2,15.080053761182747
"DIVCORE/2/3/127/DIV/padded",23809,2,19.223444915788146
"DIVCORE/2/3/127/MOD/padded",23809,2,15.083875845268595
"DIVCORE/3/3/17/DIV/normalized",22727,2,65.245082940995289
"DIVCORE/3/3/17/MOD/normalized",22727,2,60.783781405376864
"DIVCORE/3/3/17/DIV/top-clear",22727,2,94.289215470585646
"DIVCORE/3/3/17/MOD/top-clear",22727,2,94.819641835702029
"DIVCORE/3/3/17/DIV/top-one",22727,2,94.16350596207154
"DIVCORE/3/3/17/MOD/top-one",22727,2,95.155805869670431
"DIVCORE/3/3/17/DIV/padded",22727,2,65.152769833237997
"DIVCORE/3/3/17/MOD/padded",22727,2,61.001320015840193
"DIVCORE/3/3/127/DIV/normalized",22727,2,54.89659875918511
"DIVCORE/3/3/127/MOD/normalized",22727,2,51.317067804813661
"DIVCORE/3/3/127/DIV/top-clear",22727,2,93.743300919611031
"DIVCORE/3/3/127/MOD/top-clear",22727,2,95.055264663175961
"DIVCORE/3/3/127/DIV/top-one",22727,2,93.771109253311039
"DIVCORE/3/3/127/MOD/top-one",22727,2,95.346284155409862
"DIVCORE/3/3/127/DIV/padded",22727,2,54.206054472653669
"DIVCORE/3/3/127/MOD/padded",22727,2,51.422757073084874
"DIVCORE/4/3/17/DIV/normalized",21739,2,98.960071760430566
"DIVCORE/4/3/17/MOD/normalized",21739,2,97.466350798104784
"DIVCORE/4/3/17/DIV/top-clear",21739,2,136.6308937853627
"DIVCORE/4/3/17/MOD/top-clear",21739,2,140.05924835549013
"DIVCORE/4/3/17/DIV/top-one",21739,2,137.86885321311928
"DIVCORE/4/3/17/MOD/top-one",21739,2,142.47923087538524
"DIVCORE/4/3/17/DIV/padded",21739,2,99.096876581259494
"DIVCORE/4/3/17/MOD/padded",21739,2,98.335848015088089
"DIVCORE/4/3/17/DIV/add-back",21739,2,78.442798656791936
"DIVCORE/4/3/17/MOD/add-back",21739,2,77.863241179447073
"DIVCORE/4/3/127/DIV/normalized",21739,2,105.90629743778463
"DIVCORE/4/3/127/MOD/normalized",21739,2,105.89383136298818
"DIVCORE/4/3/127/DIV/top-clear",21739,2,136.07010442062654
"DIVCORE/4/3/127/MOD/top-clear",21739,2,140.68807212843276
"DIVCORE/4/3/127/DIV/top-one",21739,2,136.92115552693315
"DIVCORE/4/3/127/MOD/top-one",21739,2,140.93412760476562
"DIVCORE/4/3/127/DIV/padded",21739,2,105.92308753852524
"DIVCORE/4/3/127/MOD/padded",21739,2,105.94194765168591
"DIVCORE/6/3/17/DIV/normalized",20000,2,179.94255000000001
"DIVCORE/6/3/17/MOD/normalized",20000,2,179.22884999999999
"DIVCORE/6/3/17/DIV/top-clear",20000,2,222.5224
"DIVCORE/6/3/17/MOD/top-clear",20000,2,226.45644999999999
"DIVCORE/6/3/17/DIV/top-one",20000,2,225.6756
"DIVCORE/6/3/17/MOD/top-one",20000,2,230.3229
"DIVCORE/6/3/17/DIV/padded",20000,2,181.48599999999999
"DIVCORE/6/3/17/MOD/padded",20000,2,180.8802
"DIVCORE/6/3/17/DIV/add-back",20000,2,120.837
"DIVCORE/6/3/17/MOD/add-back",20000,2,118.6645
"DIVCORE/6/3/127/DIV/normalized",20000,2,180.17910000000001
"DIVCORE/6/3/127/MOD/normalized",20000,2,179.9111
"DIVCORE/6/3/127/DIV/top-clear",20000,2,221.1009
"DIVCORE/6/3/127/MOD/top-clear",20000,2,224.29755
"DIVCORE/6/3/127/DIV/top-one",20000,2,220.31405000000001
"DIVCORE/6/3/127/MOD/top-one",20000,2,224.54925
"DIVCORE/6/3/127/DIV/padded",20000,2,182.11060000000001
"DIVCORE/6/3/127/MOD/padded",20000,2,181.70249999999999
"DIVCORE/12/3/17/DIV/normalized",16129,2,433.0790501581003
"DIVCORE/12/3/17/MOD/normalized",16129,2,432.68491536983072
"DIVCORE/12/3/17/DIV/top-clear",16129,2,492.74344348688697
"DIVCORE/12/3/17/MOD/top-clear",16129,2,497.87928575857154
"DIVCORE/12/3/17/DIV/top-one",16129,2,485.61919523839049
"DIVCORE/12/3/17/MOD/top-one",16129,2,489.66284332568665
"DIVCORE/12/3/17/DIV/padded",16129,2,438.17589435178871
"DIVCORE/12/3/17/MOD/padded",16129,2,437.33641267282536
"DIVCORE/12/3/17/DIV/add-back",16129,2,256.7685535371071
"DIVCORE/12/3/17/MOD/add-back",16129,2,255.54615909231819
"DIVCORE/12/3/127/DIV/normalized",16129,2,439.93570587141176
"DIVCORE/12/3/127/MOD/normalized",16129,2,438.96031992063985
"DIVCORE/12/3/127/DIV/top-clear",16129,2,488.61156922313847
"DIVCORE/12/3/127/MOD/top-clear",16129,2,493.1786843573687
"DIVCORE/12/3/127/DIV/top-one",16129,2,484.2799305598611
"DIVCORE/12/3/127/MOD/top-one",16129,2,488.71281542563088
"DIVCORE/12/3/127/DIV/padded",16129,2,444.32016864033727
"DIVCORE/12/3/127/MOD/padded",16129,2,443.85733771467545
"DIVCORE/35/3/17/DIV/normalized",8192,2,1498.8056640625
"DIVCORE/35/3/17/MOD/normalized",8192,2,1498.9271240234375
"DIVCORE/35/3/17/DIV/top-clear",8192,2,1584.8961181640625
"DIVCORE/35/3/17/MOD/top-clear",8192,2,1590.0714111328125
"DIVCORE/35/3/17/DIV/top-one",8192,2,1582.536865234375
"DIVCORE/35/3/17/MOD/top-one",8192,2,1586.3211669921875
"DIVCORE/35/3/17/DIV/padded",8192,2,1503.6917724609375
"DIVCORE/35/3/17/MOD/padded",8192,2,1504.4375
"DIVCORE/35/3/17/DIV/add-back",9259,2,733.73906469381143
"DIVCORE/35/3/17/MOD/add-back",9259,2,731.7882060697699
"DIVCORE/35/3/127/DIV/normalized",8192,2,1500.5892333984375
"DIVCORE/35/3/127/MOD/normalized",8192,2,1501.1180419921875
"DIVCORE/35/3/127/DIV/top-clear",8192,2,1516.564697265625
"DIVCORE/35/3/127/MOD/top-clear",8192,2,1522.972412109375
"DIVCORE/35/3/127/DIV/top-one",8192,2,1571.8448486328125
"DIVCORE/35/3/127/MOD/top-one",8192,2,1580.3116455078125
"DIVCORE/35/3/127/DIV/padded",8192,2,1519.2947998046875
"DIVCORE/35/3/127/MOD/padded",8192,2,1516.0618896484375
"DIVCORE/1027/3/17/DIV/normalized",224,2,44356.9375
"DIVCORE/1027/3/17/MOD/normalized",224,2,44392.191964285717
"DIVCORE/1027/3/17/DIV/top-clear",212,2,47176.82075471698
"DIVCORE/1027/3/17/MOD/top-clear",211,2,47267.635071090044
"DIVCORE/1027/3/17/DIV/top-one",214,2,46511.593457943927
"DIVCORE/1027/3/17/MOD/top-one",213,2,46592.563380281688
"DIVCORE/1027/3/17/DIV/padded",222,2,44875.427927927929
"DIVCORE/1027/3/17/MOD/padded",221,2,44910.325791855204
"DIVCORE/1027/3/17/DIV/add-back",469,2,21397.266524520255
"DIVCORE/1027/3/17/MOD/add-back",468,2,21434.878205128207
"DIVCORE/1027/3/127/DIV/normalized",218,2,45575.371559633029
"DIVCORE/1027/3/127/MOD/normalized",218,2,45626.848623853213
"DIVCORE/1027/3/127/DIV/top-clear",222,2,44742.33783783784
"DIVCORE/1027/3/127/MOD/top-clear",221,2,44794.80995475113
"DIVCORE/1027/3/127/DIV/top-one",211,2,47353.549763033174
"DIVCORE/1027/3/127/MOD/top-one",210,2,47366.62857142857
"DIVCORE/1027/3/127/DIV/padded",216,2,46061.930555555555
"DIVCORE/1027/3/127/MOD/padded",216,2,46077.773148148146
"DIVCORE/3/4/17/DIV/normalized",21739,2,19.117576705460234
"DIVCORE/3/4/17/MOD/normalized",21739,2,15.078798472790837
"DIVCORE/3/4/17/DIV/top-clear",21739,2,19.366714200285202
"DIVCORE/3/4/17/MOD/top-clear",21739,2,15.194811168867012
"DIVCORE/3/4/17/DIV/top-one",21739,2,19.240535443212661
"DIVCORE/3/4/17/MOD/top-one",21739,2,15.166751000506004
"DIVCORE/3/4/17/DIV/padded",21739,2,19.163944983669904
"DIVCORE/3/4/17/MOD/padded",21739,2,15.087032522195134
"DIVCORE/3/4/127/DIV/normalized",21739,2,19.129168775012651
"DIVCORE/3/4/127/MOD/normalized",21739,2,15.079948479690879
"DIVCORE/3/4/127/DIV/top-clear",21739,2,19.207691246147476
"DIVCORE/3/4/127/MOD/top-clear",21739,2,15.254565527393165
"DIVCORE/3/4/127/DIV/top-one",21739,2,19.241271447628687
"DIVCORE/3/4/127/MOD/top-one",21739,2,15.208611251667509
"DIVCORE/3/4/127/DIV/padded",21739,2,19.113114678688071
"DIVCORE/3/4/127/MOD/padded",21739,2,15.069276415658495
"DIVCORE/4/4/17/DIV/normalized",20833,2,55.260884174146788
"DIVCORE/4/4/17/MOD/normalized",20833,2,51.622857965727455
"DIVCORE/4/4/17/DIV/top-clear",20833,2,98.182594921518742
"DIVCORE/4/4/17/MOD/top-clear",20833,2,99.24542792684683
"DIVCORE/4/4/17/DIV/top-one",20833,2,97.936974991599868
"DIVCORE/4/4/17/MOD/top-one",20833,2,99.510488167810692
"DIVCORE/4/4/17/DIV/padded",20833,2,54.419238707819325
"DIVCORE/4/4/17/MOD/padded",20833,2,51.372005952095236
"DIVCORE/4/4/127/DIV/normalized",20833,2,66.984159746555946
"DIVCORE/4/4/127/MOD/normalized",20833,2,62.924446791148661
"DIVCORE/4/4/127/DIV/top-clear",20833,2,97.888206211299376
"DIVCORE/4/4/127/MOD/top-clear",20833,2,99.142082273316376
"DIVCORE/4/4/127/DIV/top-one",20833,2,97.562232995727925
"DIVCORE/4/4/127/MOD/top-one",20833,2,99.809724955599293
"DIVCORE/4/4/127/DIV/padded",20833,2,66.71372341957472
"DIVCORE/4/4/127/MOD/padded",20833,2,63.387558200931217
"DIVCORE/5/4/17/DIV/normalized",20000,2,110.5057
"DIVCORE/5/4/17/MOD/normalized",20000,2,111.35980000000001
"DIVCORE/5/4/17/DIV/top-clear",20000,2,140.73759999999999
"DIVCORE/5/4/17/MOD/top-clear",20000,2,145.94110000000001
"DIVCORE/5/4/17/DIV/top-one",20000,2,141.53245000000001
"DIVCORE/5/4/17/MOD/top-one",20000,2,146.46944999999999
"DIVCORE/5/4/17/DIV/padded",20000,2,111.4126
"DIVCORE/5/4/17/MOD/padded",20000,2,111.5532
"DIVCORE/5/4/17/DIV/add-back",20000,2,82.448599999999999
"DIVCORE/5/4/17/MOD/add-back",20000,2,80.73545
"DIVCORE/5/4/127/DIV/normalized",20000,2,109.81310000000001
"DIVCORE/5/4/127/MOD/normalized",20000,2,108.96785
"DIVCORE/5/4/127/DIV/top-clear",20000,2,142.79329999999999
"DIVCORE/5/4/127/MOD/top-clear",20000,2,147.44919999999999
"DIVCORE/5/4/127/DIV/top-one",20000,2,140.6199
"DIVCORE/5/4/127/MOD/top-one",20000,2,146.34004999999999
"DIVCORE/5/4/127/DIV/padded",20000,2,110.27575
"DIVCORE/5/4/127/MOD/padded",20000,2,109.78345
"DIVCORE/8/4/17/DIV/normalized",17857,2,240.99893599148794
"DIVCORE/8/4/17/MOD/normalized",17857,2,241.41949935599484
"DIVCORE/8/4/17/DIV/top-clear",17857,2,277.6675253402027
"DIVCORE/8/4/17/MOD/top-clear",17857,2,283.10281682253458
"DIVCORE/8/4/17/DIV/top-one",17857,2,277.25390603124828
"DIVCORE/8/4/17/MOD/top-one",17857,2,281.46866774934199
"DIVCORE/8/4/17/DIV/padded",17857,2,243.8577028616229
"DIVCORE/8/4/17/MOD/padded",17857,2,243.63179705437645
"DIVCORE/8/4/17/DIV/add-back",17857,2,153.08663269306155
"DIVCORE/8/4/17/MOD/add-back",17857,2,152.32222657781261
"DIVCORE/8/4/127/DIV/normalized",17857,2,241.12796102368819
"DIVCORE/8/4/127/MOD/normalized",17857,2,240.86991095928767
"DIVCORE/8/4/127/DIV/top-clear",17857,2,275.86050288402305
"DIVCORE/8/4/127/MOD/top-clear",17857,2,281.45909167273339
"DIVCORE/8/4/127/DIV/top-one",17857,2,273.79677437419497
"DIVCORE/8/4/127/MOD/top-one",17857,2,280.34014672117377
"DIVCORE/8/4/127/DIV/padded",17857,2,242.36814694517557
"DIVCORE/8/4/127/MOD/padded",17857,2,243.33107464859719
"DIVCORE/16/4/17/DIV/normalized",13888,2,608.12629608294935
"DIVCORE/16/4/17/MOD/normalized",13888,2,607.14904953917051
"DIVCORE/16/4/17/DIV/top-clear",13888,2,662.95290898617509
"DIVCORE/16/4/17/MOD/top-clear",13888,2,665.59634216589859
"DIVCORE/16/4/17/DIV/top-one",13888,2,646.69102822580646
"DIVCORE/16/4/17/MOD/top-one",13888,2,652.53643433179718
"DIVCORE/16/4/17/DIV/padded",13888,2,613.96471774193549
"DIVCORE/16/4/17/MOD/padded",13888,2,613.70233294930881
"DIVCORE/16/4/17/DIV/add-back",13888,2,354.95650921658984
"DIVCORE/16/4/17/MOD/add-back",13888,2,354.54680299539172
"DIVCORE/16/4/127/DIV/normalized",13888,2,592.89991359447004
"DIVCORE/16/4/127/MOD/normalized",13888,2,596.37788018433184
"DIVCORE/16/4/127/DIV/top-clear",13888,2,650.36002304147462
"DIVCORE/16/4/127/MOD/top-clear",13888,2,655.66366647465441
"DIVCORE/16/4/127/DIV/top-one",13888,2,650.40092165898614
"DIVCORE/16/4/127/MOD/top-one",13888,2,651.63090437788014
"DIVCORE/16/4/127/DIV/padded",13888,2,599.58525345622115
"DIVCORE/16/4/127/MOD/padded",13888,2,600.09151785714289
"DIVCORE/36/4/17/DIV/normalized",8192,2,1599.2576904296875
"DIVCORE/36/4/17/MOD/normalized",8192,2,1597.9725341796875
"DIVCORE/36/4/17/DIV/top-clear",8192,2,1634.0479736328125
"DIVCORE/36/4/17/MOD/top-clear",8192,2,1639.574462890625
"DIVCORE/36/4/17/DIV/top-one",8192,2,1616.0447998046875
"DIVCORE/36/4/17/MOD/top-one",8192,2,1622.2181396484375
"DIVCORE/36/4/17/DIV/padded",8192,2,1604.60693359375
"DIVCORE/36/4/17/MOD/padded",8192,2,1605.157958984375
"DIVCORE/36/4/17/DIV/add-back",8928,2,831.25884856630819
"DIVCORE/36/4/17/MOD/add-back",8928,2,830.90154569892468
"DIVCORE/36/4/127/DIV/normalized",8192,2,1586.40625
"DIVCORE/36/4/127/MOD/normalized",8192,2,1581.0546875
"DIVCORE/36/4/127/DIV/top-clear",8192,2,1667.6192626953125
"DIVCORE/36/4/127/MOD/top-clear",8192,2,1673.3043212890625
"DIVCORE/36/4/127/DIV/top-one",8192,2,1577.4774169921875
"DIVCORE/36/4/127/MOD/top-one",8192,2,1585.571044921875
"DIVCORE/36/4/127/DIV/padded",8192,2,1603.2235107421875
"DIVCORE/36/4/127/MOD/padded",8192,2,1598.862548828125
"DIVCORE/1028/4/17/DIV/normalized",205,2,48706.43414634146
"DIVCORE/1028/4/17/MOD/normalized",205,2,48725.287804878048
"DIVCORE/1028/4/17/DIV/top-clear",204,2,48842.622549019608
"DIVCORE/1028/4/17/MOD/top-clear",204,2,48859.098039215685
"DIVCORE/1028/4/17/DIV/top-one",205,2,48727.917073170735
"DIVCORE/1028/4/17/MOD/top-one",205,2,48792.121951219509
"DIVCORE/1028/4/17/DIV/padded",203,2,49254.231527093594
"DIVCORE/1028/4/17/MOD/padded",203,2,49193.615763546797
"DIVCORE/1028/4/17/DIV/add-back",408,2,24540.012254901962
"DIVCORE/1028/4/17/MOD/add-back",477,2,24574.01677148847
"DIVCORE/1028/4/127/DIV/normalized",204,2,48896.186274509804
"DIVCORE/1028/4/127/MOD/normalized",204,2,48892.892156862748
"DIVCORE/1028/4/127/DIV/top-clear",203,2,49133.842364532022
"DIVCORE/1028/4/127/MOD/top-clear",203,2,49194.911330049261
"DIVCORE/1028/4/127/DIV/top-one",211,2,47266.369668246443
"DIVCORE/1028/4/127/MOD/top-one",211,2,47307.236966824647
"DIVCORE/1028/4/127/DIV/padded",202,2,49407.440594059408
"DIVCORE/1028/4/127/MOD/padded",202,2,49339.930693069306
"DIVCORE/7/8/17/DIV/normalized",16129,2,19.458738917477834
"DIVCORE/7/8/17/MOD/normalized",16129,2,15.162254324508648
"DIVCORE/7/8/17/DIV/top-clear",16129,2,19.251162502325005
"DIVCORE/7/8/17/MOD/top-clear",16129,2,15.378324756649514
"DIVCORE/7/8/17/DIV/top-one",16129,2,19.143468286936574
"DIVCORE/7/8/17/MOD/top-one",16129,2,15.389546779093559
"DIVCORE/7/8/17/DIV/padded",16129,2,19.254448508897017
"DIVCORE/7/8/17/MOD/padded",16129,2,15.132804265608531
"DIVCORE/7/8/127/DIV/normalized",16129,2,19.131812263624528
"DIVCORE/7/8/127/MOD/normalized",16129,2,15.359600719201438
"DIVCORE/7/8/127/DIV/top-clear",16129,2,19.296360592721186
"DIVCORE/7/8/127/MOD/top-clear",16129,2,15.155496310992621
"DIVCORE/7/8/127/DIV/top-one",16129,2,19.320726641453284
"DIVCORE/7/8/127/MOD/top-one",16129,2,15.306218612437226
"DIVCORE/7/8/127/DIV/padded",16129,2,19.12982825965652
"DIVCORE/7/8/127/MOD/padded",16129,2,15.38489676979354
"DIVCORE/8/8/17/DIV/normalized",15625,2,55.557631999999998
"DIVCORE/8/8/17/MOD/normalized",15625,2,51.624896
"DIVCORE/8/8/17/DIV/top-clear",15625,2,115.910464
"DIVCORE/8/8/17/MOD/top-clear",15625,2,121.31257600000001
"DIVCORE/8/8/17/DIV/top-one",15625,2,115.49151999999999
"DIVCORE/8/8/17/MOD/top-one",15625,2,120.88576
"DIVCORE/8/8/17/DIV/padded",15625,2,56.396479999999997
"DIVCORE/8/8/17/MOD/padded",15625,2,51.501888000000001
"DIVCORE/8/8/127/DIV/normalized",15625,2,55.099519999999998
"DIVCORE/8/8/127/MOD/normalized",15625,2,51.513663999999999
"DIVCORE/8/8/127/DIV/top-clear",15625,2,114.838336
"DIVCORE/8/8/127/MOD/top-clear",15625,2,121.076352
"DIVCORE/8/8/127/DIV/top-one",15625,2,114.903488
"DIVCORE/8/8/127/MOD/top-one",15625,2,120.822464
"DIVCORE/8/8/127/DIV/padded",15625,2,55.313983999999998
"DIVCORE/8/8/127/MOD/padded",15625,2,51.324992000000002
"DIVCORE/9/8/17/DIV/normalized",15151,2,106.86594944228104
"DIVCORE/9/8/17/MOD/normalized",15151,2,107.09755131674477
"DIVCORE/9/8/17/DIV/top-clear",15151,2,169.28559171011815
"DIVCORE/9/8/17/MOD/top-clear",15151,2,179.0564979209293
"DIVCORE/9/8/17/DIV/top-one",15151,2,170.18256220711504
"DIVCORE/9/8/17/MOD/top-one",15151,2,178.64233383935053
"DIVCORE/9/8/17/DIV/padded",15151,2,107.91927925549469
"DIVCORE/9/8/17/MOD/padded",15151,2,107.89802653290212
"DIVCORE/9/8/17/DIV/add-back",15151,2,94.157943370074577
"DIVCORE/9/8/17/MOD/add-back",15151,2,92.89796053065804
"DIVCORE/9/8/127/DIV/normalized",15151,2,107.09352517985612
"DIVCORE/9/8/127/MOD/normalized",15151,2,106.86971157019339
"DIVCORE/9/8/127/DIV/top-clear",15151,2,168.437726882714
"DIVCORE/9/8/127/MOD/top-clear",15151,2,179.59811233581942
"DIVCORE/9/8/127/DIV/top-one",15151,2,168.0192066530262
"DIVCORE/9/8/127/MOD/top-one",15151,2,176.79196092667149
"DIVCORE/9/8/127/DIV/padded",15151,2,107.918685235298
"DIVCORE/9/8/127/MOD/padded",15151,2,107.3469737971091
"DIVCORE/16/8/17/DIV/normalized",12500,2,481.81031999999999
"DIVCORE/16/8/17/MOD/normalized",12500,2,482.53775999999999
"DIVCORE/16/8/17/DIV/top-clear",12500,2,557.81424000000004
"DIVCORE/16/8/17/MOD/top-clear",12500,2,567.91463999999996
"DIVCORE/16/8/17/DIV/top-one",12500,2,549.86279999999999
"DIVCORE/16/8/17/MOD/top-one",12500,2,558.78880000000004
"DIVCORE/16/8/17/DIV/padded",12500,2,484.87223999999998
"DIVCORE/16/8/17/MOD/padded",12500,2,483.67736000000002
"DIVCORE/16/8/17/DIV/add-back",12500,2,352.98536000000001
"DIVCORE/16/8/17/MOD/add-back",12500,2,352.87360000000001
"DIVCORE/16/8/127/DIV/normalized",12500,2,481.68432000000001
"DIVCORE/16/8/127/MOD/normalized",12500,2,479.48192
"DIVCORE/16/8/127/DIV/top-clear",12500,2,561.96735999999999
"DIVCORE/16/8/127/MOD/top-clear",12500,2,572.50360000000001
"DIVCORE/16/8/127/DIV/top-one",12500,2,555.90671999999995
"DIVCORE/16/8/127/MOD/top-one",12500,2,566.06032000000005
"DIVCORE/16/8/127/DIV/padded",12500,2,485.44224000000003
"DIVCORE/16/8/127/MOD/padded",12500,2,484.35592000000003
"DIVCORE/32/8/17/DIV/normalized",8192,2,1338.6854248046875
"DIVCORE/32/8/17/MOD/normalized",8192,2,1336.6392822265625
"DIVCORE/32/8/17/DIV/top-clear",8192,2,1521.26611328125
"DIVCORE/32/8/17/MOD/top-clear",8192,2,1533.4320068359375
"DIVCORE/32/8/17/DIV/top-one",8192,2,1457.47509765625
"DIVCORE/32/8/17/MOD/top-one",8192,2,1465.2381591796875
"DIVCORE/32/8/17/DIV/padded",8192,2,1352.9771728515625
"DIVCORE/32/8/17/MOD/padded",8192,2,1350.377197265625
"DIVCORE/32/8/17/DIV/add-back",8928,2,923.07683691756267
"DIVCORE/32/8/17/MOD/add-back",8928,2,921.08400537634407
"DIVCORE/32/8/127/DIV/normalized",8192,2,1401.9720458984375
"DIVCORE/32/8/127/MOD/normalized",8192,2,1401.90869140625
"DIVCORE/32/8/127/DIV/top-clear",8192,2,1546.8856201171875
"DIVCORE/32/8/127/MOD/top-clear",8192,2,1556.87353515625
"DIVCORE/32/8/127/DIV/top-one",8192,2,1406.16259765625
"DIVCORE/32/8/127/MOD/top-one",8192,2,1462.2120361328125
"DIVCORE/32/8/127/DIV/padded",8192,2,1413.503662109375
"DIVCORE/32/8/127/MOD/padded",8192,2,1413.8897705078125
"DIVCORE/40/8/17/DIV/normalized",7812,2,1781.7192780337941
"DIVCORE/40/8/17/MOD/normalized",7812,2,1784.2000768049156
"DIVCORE/40/8/17/DIV/top-clear",7812,2,1973.1168714797748
"DIVCORE/40/8/17/MOD/top-clear",7812,2,1985.900153609831
"DIVCORE/40/8/17/DIV/top-one",7812,2,1890.818100358423
"DIVCORE/40/8/17/MOD/top-one",7812,2,1908.0890937019969
"DIVCORE/40/8/17/DIV/padded",7812,2,1811.3063236047108
"DIVCORE/40/8/17/MOD/padded",7812,2,1812.560547875064
"DIVCORE/40/8/17/DIV/add-back",7812,2,1216.0300819252432
"DIVCORE/40/8/17/MOD/add-back",7812,2,1205.3242447516641
"DIVCORE/40/8/127/DIV/normalized",7812,2,1808.6317204301076
"DIVCORE/40/8/127/MOD/normalized",7812,2,1810.6646185355862
"DIVCORE/40/8/127/DIV/top-clear",7812,2,1991.0719406041987
"DIVCORE/40/8/127/MOD/top-clear",7812,2,1977.2188940092167
"DIVCORE/40/8/127/DIV/top-one",7812,2,1879.707757296467
"DIVCORE/40/8/127/MOD/top-one",7812,2,1891.2261904761904
"DIVCORE/40/8/127/DIV/padded",7812,2,1830.4912954429083
"DIVCORE/40/8/127/MOD/padded",7812,2,1831.4276753712238
"DIVCORE/1032/8/17/DIV/normalized",181,2,55507.900552486186
"DIVCORE/1032/8/17/MOD/normalized",180,2,55594.294444444444
"DIVCORE/1032/8/17/DIV/top-clear",171,2,58505.988304093567
"DIVCORE/1032/8/17/MOD/top-clear",171,2,58519.666666666664
"DIVCORE/1032/8/17/DIV/top-one",179,2,56432.307262569833
"DIVCORE/1032/8/17/MOD/top-one",179,2,55899.798882681564
"DIVCORE/1032/8/17/DIV/padded",179,2,56003.055865921786
"DIVCORE/1032/8/17/MOD/padded",179,2,56066.245810055865
"DIVCORE/1032/8/17/DIV/add-back",473,2,36877.951374207187
"DIVCORE/1032/8/17/MOD/add-back",273,2,36884.45054945055
"DIVCORE/1032/8/127/DIV/normalized",177,2,56484.824858757063
"DIVCORE/1032/8/127/MOD/normalized",177,2,56583.090395480227
"DIVCORE/1032/8/127/DIV/top-clear",169,2,59142.390532544377
"DIVCORE/1032/8/127/MOD/top-clear",169,2,59155.08875739645
"DIVCORE/1032/8/127/DIV/top-one",181,2,55105.779005524862
"DIVCORE/1032/8/127/MOD/top-one",181,2,55184.662983425413
"DIVCORE/1032/8/127/DIV/padded",350,2,57069.325714285711
"DIVCORE/1032/8/127/MOD/padded",350,2,57035.431428571428
"DIVCORE/15/16/17/DIV/normalized",10638,2,20.77965783041925
"DIVCORE/15/16/17/MOD/normalized",10638,2,15.458920849783794
"DIVCORE/15/16/17/DIV/top-clear",10638,2,19.506392178981013
"DIVCORE/15/16/17/MOD/top-clear",10638,2,15.818856927993984
"DIVCORE/15/16/17/DIV/top-one",10638,2,19.501974055273546
"DIVCORE/15/16/17/MOD/top-one",10638,2,15.48806166572664
"DIVCORE/15/16/17/DIV/padded",10638,2,19.513066365858244
"DIVCORE/15/16/17/MOD/padded",10638,2,15.500846023688663
"DIVCORE/15/16/127/DIV/normalized",10638,2,19.608385034780973
"DIVCORE/15/16/127/MOD/normalized",10638,2,15.467569091934575
"DIVCORE/15/16/127/DIV/top-clear",10638,2,19.966723068245912
"DIVCORE/15/16/127/MOD/top-clear",10638,2,15.463526978755405
"DIVCORE/15/16/127/DIV/top-one",10638,2,19.951588644482044
"DIVCORE/15/16/127/MOD/top-one",10638,2,15.535532994923859
"DIVCORE/15/16/127/DIV/padded",10638,2,19.498777965783042
"DIVCORE/15/16/127/MOD/padded",10638,2,15.513536379018612
"DIVCORE/16/16/17/DIV/normalized",10416,2,57.104934715821813
"DIVCORE/16/16/17/MOD/normalized",10416,2,51.740303379416282
"DIVCORE/16/16/17/DIV/top-clear",10416,2,150.31672427035329
"DIVCORE/16/16/17/MOD/top-clear",10416,2,164.12816820276498
"DIVCORE/16/16/17/DIV/top-one",10416,2,152.74030337941628
"DIVCORE/16/16/17/MOD/top-one",10416,2,166.40159370199692
"DIVCORE/16/16/17/DIV/padded",10416,2,55.643433179723502
"DIVCORE/16/16/17/MOD/padded",10416,2,52.180971582181257
"DIVCORE/16/16/127/DIV/normalized",10416,2,94.607910906298002
"DIVCORE/16/16/127/MOD/normalized",10416,2,88.822868663594477
"DIVCORE/16/16/127/DIV/top-clear",10416,2,150.13325652841783
"DIVCORE/16/16/127/MOD/top-clear",10416,2,163.59274193548387
"DIVCORE/16/16/127/DIV/top-one",10416,2,152.02179339477726
"DIVCORE/16/16/127/MOD/top-one",10416,2,165.49183947772659
"DIVCORE/16/16/127/DIV/padded",10416,2,93.975134408602145
"DIVCORE/16/16/127/MOD/padded",10416,2,88.926267281105993
"DIVCORE/17/16/17/DIV/normalized",10204,2,161.4423755390043
"DIVCORE/17/16/17/MOD/normalized",10204,2,161.65484123872992
"DIVCORE/17/16/17/DIV/top-clear",10204,2,221.61916895335162
"DIVCORE/17/16/17/MOD/top-clear",10204,2,238.13818110544884
"DIVCORE/17/16/17/DIV/top-one",10204,2,221.54312034496277
"DIVCORE/17/16/17/MOD/top-one",10204,2,240.20825166601333
"DIVCORE/17/16/17/DIV/padded",10204,2,163.16944335554683
"DIVCORE/17/16/17/MOD/padded",10204,2,161.61123088984712
"DIVCORE/17/16/17/DIV/add-back",10204,2,118.25470403763229
"DIVCORE/17/16/17/MOD/add-back",10204,2,116.44139553116425
"DIVCORE/17/16/127/DIV/normalized",10204,2,161.82879263034104
"DIVCORE/17/16/127/MOD/normalized",10204,2,160.89308114464916
"DIVCORE/17/16/127/DIV/top-clear",10204,2,229.02842022736181
"DIVCORE/17/16/127/MOD/top-clear",10204,2,247.68267346138768
"DIVCORE/17/16/127/DIV/top-one",10204,2,231.15043120344961
"DIVCORE/17/16/127/MOD/top-one",10204,2,250.41268130145042
"DIVCORE/17/16/127/DIV/padded",10204,2,163.01901215209722
"DIVCORE/17/16/127/MOD/padded",10204,2,161.77773422187377
"DIVCORE/32/16/17/DIV/normalized",7812,2,1177.1778033794162
"DIVCORE/32/16/17/MOD/normalized",7812,2,1174.4578853046594
"DIVCORE/32/16/17/DIV/top-clear",7812,2,1303.6987967229902
"DIVCORE/32/16/17/MOD/top-clear",7812,2,1322.3209165386584
"DIVCORE/32/16/17/DIV/top-one",7812,2,1356.4481566820277
"DIVCORE/32/16/17/MOD/top-one",7812,2,1371.7711213517666
"DIVCORE/32/16/17/DIV/padded",7812,2,1185.6949564772146
"DIVCORE/32/16/17/MOD/padded",7812,2,1182.9115463389658
"DIVCORE/32/16/17/DIV/add-back",7812,2,1022.8946492575525
"DIVCORE/32/16/17/MOD/add-back",7812,2,1023.2043010752689
"DIVCORE/32/16/127/DIV/normalized",7812,2,1261.0307219662059
"DIVCORE/32/16/127/MOD/normalized",7812,2,1258.5380184331798
"DIVCORE/32/16/127/DIV/top-clear",7812,2,1337.3568868407579
"DIVCORE/32/16/127/MOD/top-clear",7812,2,1355.3425499231951
"DIVCORE/32/16/127/DIV/top-one",7812,2,1343.7412954429083
"DIVCORE/32/16/127/MOD/top-one",7812,2,1366.9910394265232
"DIVCORE/32/16/127/DIV/padded",7812,2,1274.2939068100359
"DIVCORE/32/16/127/MOD/padded",7812,2,1271.8535586277521
"DIVCORE/48/16/17/DIV/normalized",6250,2,2335.4947200000001
"DIVCORE/48/16/17/MOD/normalized",6250,2,2329.08304
"DIVCORE/48/16/17/DIV/top-clear",6250,2,2504.8019199999999
"DIVCORE/48/16/17/MOD/top-clear",3961,2,2522.7291088109064
"DIVCORE/48/16/17/DIV/top-one",3872,2,2585.4870867768595
"DIVCORE/48/16/17/MOD/top-one",3844,2,2600.950312174818
"DIVCORE/48/16/17/DIV/padded",6250,2,2355.3686400000001
"DIVCORE/48/16/17/MOD/padded",6250,2,2353.6739200000002
"DIVCORE/48/16/17/DIV/add-back",6250,2,2024.9665600000001
"DIVCORE/48/16/17/MOD/add-back",6250,2,2016.21264
"DIVCORE/48/16/127/DIV/normalized",6250,2,2452.0718400000001
"DIVCORE/48/16/127/MOD/normalized",6250,2,2453.4969599999999
"DIVCORE/48/16/127/DIV/top-clear",6250,2,2560.0955199999999
"DIVCORE/48/16/127/MOD/top-clear",6250,2,2577.1439999999998
"DIVCORE/48/16/127/DIV/top-one",6250,2,2614.0627199999999
"DIVCORE/48/16/127/MOD/top-one",6250,2,2635.2972799999998
"DIVCORE/48/16/127/DIV/padded",4048,2,2467.369071146245
"DIVCORE/48/16/127/MOD/padded",6250,2,2477.0569599999999
"DIVCORE/64/16/17/DIV/normalized",5208,2,3455.8669354838707
"DIVCORE/64/16/17/MOD/normalized",5208,2,3460.7572964669739
"DIVCORE/64/16/17/DIV/top-clear",5208,2,3640.5086405529955
"DIVCORE/64/16/17/MOD/top-clear",2744,2,3667.2066326530612
"DIVCORE/64/16/17/DIV/top-one",5208,2,3756.0023041474656
"DIVCORE/64/16/17/MOD/top-one",2655,2,3784.0003766478344
"DIVCORE/64/16/17/DIV/padded",2865,2,3499.2942408376962
"DIVCORE/64/16/17/MOD/padded",2870,2,3502.7045296167248
"DIVCORE/64/16/17/DIV/add-back",3368,2,2976.2024940617575
"DIVCORE/64/16/17/MOD/add-back",5208,2,2976.2428955453147
"DIVCORE/64/16/127/DIV/normalized",5208,2,3610.3118279569894
"DIVCORE/64/16/127/MOD/normalized",2776,2,3612.2550432276657
"DIVCORE/64/16/127/DIV/top-clear",5208,2,3764.300307219662
"DIVCORE/64/16/127/MOD/top-clear",5208,2,3771.8062596006143
"DIVCORE/64/16/127/DIV/top-one",2645,2,3796.002268431002
"DIVCORE/64/16/127/MOD/top-one",5208,2,3818.8387096774195
"DIVCORE/64/16/127/DIV/padded",2757,2,3640.500906782735
"DIVCORE/64/16/127/MOD/padded",5208,2,3650.8304531490016
"DIVCORE/1040/16/17/DIV/normalized",141,2,71359.787234042553
"DIVCORE/1040/16/17/MOD/normalized",141,2,71279.744680851058
"DIVCORE/1040/16/17/DIV/top-clear",138,2,72699.768115942032
"DIVCORE/1040/16/17/MOD/top-clear",138,2,72768.811594202896
"DIVCORE/1040/16/17/DIV/top-one",132,2,75944.992424242431
"DIVCORE/1040/16/17/MOD/top-one",132,2,75967.742424242431
"DIVCORE/1040/16/17/DIV/padded",140,2,71803.350000000006
"DIVCORE/1040/16/17/MOD/padded",140,2,71756.692857142858
"DIVCORE/1040/16/17/DIV/add-back",164,2,61188.518292682929
"DIVCORE/1040/16/17/MOD/add-back",164,2,61002.615853658535
"DIVCORE/1040/16/127/DIV/normalized",135,2,74218.792592592596
"DIVCORE/1040/16/127/MOD/normalized",135,2,74257.622222222228
"DIVCORE/1040/16/127/DIV/top-clear",131,2,76767.809160305347
"DIVCORE/1040/16/127/MOD/top-clear",131,2,76825.526717557252
"DIVCORE/1040/16/127/DIV/top-one",130,2,77576.923076923078
"DIVCORE/1040/16/127/MOD/top-one",130,2,77362.707692307697
"DIVCORE/1040/16/127/DIV/padded",134,2,74911.514925373136
"DIVCORE/1040/16/127/MOD/padded",134,2,74885.201492537308
"DIVCORE/31/32/17/DIV/normalized",6329,2,22.22894612103018
"DIVCORE/31/32/17/MOD/normalized",6329,2,17.77105387896982
"DIVCORE/31/32/17/DIV/top-clear",6329,2,21.043608784958128
"DIVCORE/31/32/17/MOD/top-clear",6329,2,17.874861747511456
"DIVCORE/31/32/17/DIV/top-one",6329,2,21.378100805814505
"DIVCORE/31/32/17/MOD/top-one",6329,2,17.747037446674039
"DIVCORE/31/32/17/DIV/padded",6329,2,21.000474008532155
"DIVCORE/31/32/17/MOD/padded",6329,2,17.859377468794438
"DIVCORE/31/32/127/DIV/normalized",6329,2,21.338442091957656
"DIVCORE/31/32/127/MOD/normalized",6329,2,17.72997313951651
"DIVCORE/31/32/127/DIV/top-clear",6329,2,21.061937114868069
"DIVCORE/31/32/127/MOD/top-clear",6329,2,18.312055617001107
"DIVCORE/31/32/127/DIV/top-one",6329,2,21.819560752093537
"DIVCORE/31/32/127/MOD/top-one",6329,2,18.217885921946596
"DIVCORE/31/32/127/DIV/padded",6329,2,21.392953073155315
"DIVCORE/31/32/127/MOD/padded",6329,2,17.739611313003635
"DIVCORE/32/32/17/DIV/normalized",6250,2,129.25888
"DIVCORE/32/32/17/MOD/normalized",6250,2,123.9832
"DIVCORE/32/32/17/DIV/top-clear",6250,2,223.21440000000001
"DIVCORE/32/32/17/MOD/top-clear",6250,2,253.99856
"DIVCORE/32/32/17/DIV/top-one",6250,2,224.12816000000001
"DIVCORE/32/32/17/MOD/top-one",6250,2,255.30528000000001
"DIVCORE/32/32/17/DIV/padded",6250,2,129.12191999999999
"DIVCORE/32/32/17/MOD/padded",6250,2,124.00239999999999
"DIVCORE/32/32/127/DIV/normalized",6250,2,129.10944000000001
"DIVCORE/32/32/127/MOD/normalized",6250,2,123.1032
"DIVCORE/32/32/127/DIV/top-clear",6250,2,223.45295999999999
"DIVCORE/32/32/127/MOD/top-clear",6250,2,253.97311999999999
"DIVCORE/32/32/127/DIV/top-one",6250,2,223.49871999999999
"DIVCORE/32/32/127/MOD/top-one",6250,2,254.95024000000001
"DIVCORE/32/32/127/DIV/padded",6250,2,128.77871999999999
"DIVCORE/32/32/127/MOD/padded",6250,2,123.73264
"DIVCORE/33/32/17/DIV/normalized",6172,2,161.92644199611146
"DIVCORE/33/32/17/MOD/normalized",6172,2,160.44280622164615
"DIVCORE/33/32/17/DIV/top-clear",6172,2,342.10482825664292
"DIVCORE/33/32/17/MOD/top-clear",6172,2,382.12346079066754
"DIVCORE/33/32/17/DIV/top-one",6172,2,347.38058976020739
"DIVCORE/33/32/17/MOD/top-one",6172,2,375.91688269604668
"DIVCORE/33/32/17/DIV/padded",6172,2,162.799416720674
"DIVCORE/33/32/17/MOD/padded",6172,2,161.22342838626054
"DIVCORE/33/32/17/DIV/add-back",6172,2,167.11487362281269
"DIVCORE/33/32/17/MOD/add-back",6172,2,165.2752754374595
"DIVCORE/33/32/127/DIV/normalized",6172,2,244.2645819831497
"DIVCORE/33/32/127/MOD/normalized",6172,2,242.04471808165911
"DIVCORE/33/32/127/DIV/top-clear",6172,2,344.49530136098508
"DIVCORE/33/32/127/MOD/top-clear",6172,2,390.57307193778354
"DIVCORE/33/32/127/DIV/top-one",6172,2,337.68130265716138
"DIVCORE/33/32/127/MOD/top-one",6172,2,381.34251458198315
"DIVCORE/33/32/127/DIV/padded",6172,2,246.27819183408943
"DIVCORE/33/32/127/MOD/padded",6172,2,249.55751782242385
"DIVCORE/64/32/17/DIV/normalized",2826,2,3533.0297239915076
"DIVCORE/64/32/17/MOD/normalized",2827,2,3533.1326494517157
"DIVCORE/64/32/17/DIV/top-clear",2679,2,3726.2892870474057
"DIVCORE/64/32/17/MOD/top-clear",4464,2,3767.0625
"DIVCORE/64/32/17/DIV/top-one",4464,2,3694.0696684587815
"DIVCORE/64/32/17/MOD/top-one",4464,2,3730.9910394265235
"DIVCORE/64/32/17/DIV/padded",4464,2,3562.7000448028675
"DIVCORE/64/32/17/MOD/padded",2812,2,3554.2820056899004
"DIVCORE/64/32/17/DIV/add-back",4464,2,3556.8492383512544
"DIVCORE/64/32/17/MOD/add-back",4464,2,3561.5228494623657
"DIVCORE/64/32/127/DIV/normalized",4464,2,3572.0356182795699
"DIVCORE/64/32/127/MOD/normalized",4464,2,3574.7473118279568
"DIVCORE/64/32/127/DIV/top-clear",4464,2,3761.1171594982079
"DIVCORE/64/32/127/MOD/top-clear",4464,2,3792.9348118279568
"DIVCORE/64/32/127/DIV/top-one",4464,2,3791.1176075268818
"DIVCORE/64/32/127/MOD/top-one",4464,2,3828.1915322580644
"DIVCORE/64/32/127/DIV/padded",4464,2,3595.7540322580644
"DIVCORE/64/32/127/MOD/padded",2780,2,3595.9960431654677
"DIVCORE/128/32/17/DIV/normalized",1024,2,10228.287109375
"DIVCORE/128/32/17/MOD/normalized",1024,2,10222.6044921875
"DIVCORE/128/32/17/DIV/top-clear",1024,2,10537.5458984375
"DIVCORE/128/32/17/MOD/top-clear",1024,2,10566.2822265625
"DIVCORE/128/32/17/DIV/top-one",1024,2,10423.697265625
"DIVCORE/128/32/17/MOD/top-one",1024,2,10451.11328125
"DIVCORE/128/32/17/DIV/padded",1024,2,10288.1396484375
"DIVCORE/128/32/17/MOD/padded",1024,2,10283.375
"DIVCORE/128/32/17/DIV/add-back",1024,2,10438.318359375
"DIVCORE/128/32/17/MOD/add-back",1024,2,10426.2314453125
"DIVCORE/128/32/127/DIV/normalized",1024,2,10321.4912109375
"DIVCORE/128/32/127/MOD/normalized",1024,2,10300.7919921875
"DIVCORE/128/32/127/DIV/top-clear",1024,2,10728.3671875
"DIVCORE/128/32/127/MOD/top-clear",1024,2,10754.6455078125
"DIVCORE/128/32/127/DIV/top-one",1024,2,10806.0146484375
"DIVCORE/128/32/127/MOD/top-one",1024,2,10850.90234375
"DIVCORE/128/32/127/DIV/padded",1024,2,10380.5224609375
"DIVCORE/128/32/127/MOD/padded",1024,2,10368.3740234375
"DIVCORE/1056/32/17/DIV/normalized",128,2,106851.203125
"DIVCORE/1056/32/17/MOD/normalized",128,2,106833.859375
"DIVCORE/1056/32/17/DIV/top-clear",128,2,109694.5703125
"DIVCORE/1056/32/17/MOD/top-clear",128,2,109780.6796875
"DIVCORE/1056/32/17/DIV/top-one",128,2,108517.09375
"DIVCORE/1056/32/17/MOD/top-one",128,2,108645.796875
"DIVCORE/1056/32/17/DIV/padded",128,2,107316.6796875
"DIVCORE/1056/32/17/MOD/padded",128,2,107345.4375
"DIVCORE/1056/32/17/DIV/add-back",128,2,109994.84375
"DIVCORE/1056/32/17/MOD/add-back",128,2,110110.3671875
"DIVCORE/1056/32/127/DIV/normalized",128,2,108245.265625
"DIVCORE/1056/32/127/MOD/normalized",128,2,108265.46875
"DIVCORE/1056/32/127/DIV/top-clear",128,2,111503.6953125
"DIVCORE/1056/32/127/MOD/top-clear",128,2,111504.7578125
"DIVCORE/1056/32/127/DIV/top-one",128,2,112304.8125
"DIVCORE/1056/32/127/MOD/top-one",128,2,112956.5546875
"DIVCORE/1056/32/127/DIV/padded",128,2,108807.578125
"DIVCORE/1056/32/127/MOD/padded",128,2,108793.265625
"DIVCORE/63/64/17/DIV/normalized",3496,2,23.035755148741419
"DIVCORE/63/64/17/MOD/normalized",3496,2,19.321796338672769
"DIVCORE/63/64/17/DIV/top-clear",3496,2,22.905606407322654
"DIVCORE/63/64/17/MOD/top-clear",3496,2,19.113558352402745
"DIVCORE/63/64/17/DIV/top-one",3496,2,22.991132723112127
"DIVCORE/63/64/17/MOD/top-one",3496,2,19.092677345537759
"DIVCORE/63/64/17/DIV/padded",3496,2,22.91104118993135
"DIVCORE/63/64/17/MOD/padded",3496,2,19.061498855835239
"DIVCORE/63/64/127/DIV/normalized",3496,2,22.486556064073227
"DIVCORE/63/64/127/MOD/normalized",3496,2,19.273455377574372
"DIVCORE/63/64/127/DIV/top-clear",3496,2,22.929633867276888
"DIVCORE/63/64/127/MOD/top-clear",3496,2,19.088386727688786
"DIVCORE/63/64/127/DIV/top-one",3496,2,23.34353546910755
"DIVCORE/63/64/127/MOD/top-one",3496,2,19.020594965675055
"DIVCORE/63/64/127/DIV/padded",3496,2,22.975114416475972
"DIVCORE/63/64/127/MOD/padded",3496,2,19.300915331807779
"DIVCORE/64/64/17/DIV/normalized",3472,2,59.993951612903224
"DIVCORE/64/64/17/MOD/normalized",3472,2,53.457949308755758
"DIVCORE/64/64/17/DIV/top-clear",3472,2,378.81797235023043
"DIVCORE/64/64/17/MOD/top-clear",3472,2,441.20910138248848
"DIVCORE/64/64/17/DIV/top-one",3472,2,379.338133640553
"DIVCORE/64/64/17/MOD/top-one",3472,2,441.84907834101381
"DIVCORE/64/64/17/DIV/padded",3472,2,60.799539170506911
"DIVCORE/64/64/17/MOD/padded",3472,2,53.431451612903224
"DIVCORE/64/64/127/DIV/normalized",3472,2,209.79349078341014
"DIVCORE/64/64/127/MOD/normalized",3472,2,201.74711981566821
"DIVCORE/64/64/127/DIV/top-clear",3472,2,378.0627880184332
"DIVCORE/64/64/127/MOD/top-clear",3472,2,441.24279953917051
"DIVCORE/64/64/127/DIV/top-one",3472,2,378.30299539170505
"DIVCORE/64/64/127/MOD/top-one",3472,2,440.99193548387098
"DIVCORE/64/64/127/DIV/padded",3472,2,210.96687788018434
"DIVCORE/64/64/127/MOD/padded",3472,2,201.76526497695852
"DIVCORE/65/64/17/DIV/normalized",3448,2,402.04321345707655
"DIVCORE/65/64/17/MOD/normalized",3448,2,394.85759860788863
"DIVCORE/65/64/17/DIV/top-clear",3448,2,570.27987238979119
"DIVCORE/65/64/17/MOD/top-clear",3448,2,642.30626450116006
"DIVCORE/65/64/17/DIV/top-one",3448,2,566.18358468677491
"DIVCORE/65/64/17/MOD/top-one",3448,2,633.29814385150814
"DIVCORE/65/64/17/DIV/padded",3448,2,399.79872389791183
"DIVCORE/65/64/17/MOD/padded",3448,2,394.72534802784224
"DIVCORE/65/64/17/DIV/add-back",3448,2,286.26653132250578
"DIVCORE/65/64/17/MOD/add-back",3448,2,277.79292343387471
"DIVCORE/65/64/127/DIV/normalized",3448,2,398.69170533642693
"DIVCORE/65/64/127/MOD/normalized",3448,2,393.4588167053364
"DIVCORE/65/64/127/DIV/top-clear",3448,2,568.74419953596282
"DIVCORE/65/64/127/MOD/top-clear",3448,2,635.03886310904875
"DIVCORE/65/64/127/DIV/top-one",3448,2,566.95504640371234
"DIVCORE/65/64/127/MOD/top-one",3448,2,636.57598607888633
"DIVCORE/65/64/127/DIV/padded",3448,2,401.99274941995361
"DIVCORE/65/64/127/MOD/padded",3448,2,393.95127610208817
"DIVCORE/96/64/17/DIV/normalized",1668,2,5997.3621103117503
"DIVCORE/96/64/17/MOD/normalized",1671,2,5997.7737881508083
"DIVCORE/96/64/17/DIV/top-clear",1584,2,6314.1243686868684
"DIVCORE/96/64/17/MOD/top-clear",2840,2,6385.2172535211266
"DIVCORE/96/64/17/DIV/top-one",2840,2,6279.922535211268
"DIVCORE/96/64/17/MOD/top-one",1576,2,6363.6021573604057
"DIVCORE/96/64/17/DIV/padded",2840,2,6022.7485915492962
"DIVCORE/96/64/17/MOD/padded",1664,2,6023.0342548076924
"DIVCORE/96/64/17/DIV/add-back",2812,2,7090.3698435277383
"DIVCORE/96/64/17/MOD/add-back",2820,2,7097.4968085106384
"DIVCORE/96/64/127/DIV/normalized",1685,2,5943.7667655786354
"DIVCORE/96/64/127/MOD/normalized",2840,2,5936.8869718309861
"DIVCORE/96/64/127/DIV/top-clear",1575,2,6332.2704761904761
"DIVCORE/96/64/127/MOD/top-clear",1557,2,6411.472061657033
"DIVCORE/96/64/127/DIV/top-one",1597,2,6252.8804007514091
"DIVCORE/96/64/127/MOD/top-one",2840,2,6332.3538732394363
"DIVCORE/96/64/127/DIV/padded",1678,2,5964.7419547079853
"DIVCORE/96/64/127/MOD/padded",2840,2,5950.9820422535213
"DIVCORE/128/64/17/DIV/normalized",1024,2,11882.3251953125
"DIVCORE/128/64/17/MOD/normalized",1024,2,11869.072265625
"DIVCORE/128/64/17/DIV/top-clear",1024,2,12107.9658203125
"DIVCORE/128/64/17/MOD/top-clear",1024,2,12178.8740234375
"DIVCORE/128/64/17/DIV/top-one",1024,2,12109.2685546875
"DIVCORE/128/64/17/MOD/top-one",1024,2,12170.021484375
"DIVCORE/128/64/17/DIV/padded",1024,2,11927.337890625
"DIVCORE/128/64/17/MOD/padded",1024,2,11916.5673828125
"DIVCORE/128/64/17/DIV/add-back",1024,2,13935.1552734375
"DIVCORE/128/64/17/MOD/add-back",1024,2,13918.765625
"DIVCORE/128/64/127/DIV/normalized",1024,2,11714.4892578125
"DIVCORE/128/64/127/MOD/normalized",1024,2,11704.96875
"DIVCORE/128/64/127/DIV/top-clear",1024,2,12278.033203125
"DIVCORE/128/64/127/MOD/top-clear",1024,2,12356.1611328125
"DIVCORE/128/64/127/DIV/top-one",1024,2,12124.4609375
"DIVCORE/128/64/127/MOD/top-one",1024,2,12191.232421875
"DIVCORE/128/64/127/DIV/padded",1024,2,11759.7294921875
"DIVCORE/128/64/127/MOD/padded",1024,2,11742.986328125
"DIVCORE/256/64/17/DIV/normalized",284,2,35307.330985915491
"DIVCORE/256/64/17/MOD/normalized",284,2,35269.623239436616
"DIVCORE/256/64/17/DIV/top-clear",283,2,35407.265017667843
"DIVCORE/256/64/17/MOD/top-clear",282,2,35469.921985815599
"DIVCORE/256/64/17/DIV/top-one",282,2,35503.141843971629
"DIVCORE/256/64/17/MOD/top-one",282,2,35572.595744680853
"DIVCORE/256/64/17/DIV/padded",283,2,35377.508833922264
"DIVCORE/256/64/17/MOD/padded",283,2,35377.378091872793
"DIVCORE/256/64/17/DIV/add-back",482,2,41911.120331950209
"DIVCORE/256/64/17/MOD/add-back",239,2,41801.790794979082
"DIVCORE/256/64/127/DIV/normalized",287,2,34976.317073170729
"DIVCORE/256/64/127/MOD/normalized",286,2,34976.031468531466
"DIVCORE/256/64/127/DIV/top-clear",279,2,35908.437275985663
"DIVCORE/256/64/127/MOD/top-clear",278,2,35989.669064748203
"DIVCORE/256/64/127/DIV/top-one",283,2,35362.176678445227
"DIVCORE/256/64/127/MOD/top-one",283,2,35437.402826855126
"DIVCORE/256/64/127/DIV/padded",570,2,35083.808771929827
"DIVCORE/256/64/127/MOD/padded",570,2,35082.929824561405
"DIVCORE/1088/64/17/DIV/normalized",54,2,187412.66666666666
"DIVCORE/1088/64/17/MOD/normalized",54,2,187467.94444444444
"DIVCORE/1088/64/17/DIV/top-clear",54,2,186632.51851851851
"DIVCORE/1088/64/17/MOD/top-clear",54,2,186985.38888888888
"DIVCORE/1088/64/17/DIV/top-one",54,2,186956.35185185185
"DIVCORE/1088/64/17/MOD/top-one",54,2,187064.09259259258
"DIVCORE/1088/64/17/DIV/padded",54,2,187991.03703703705
"DIVCORE/1088/64/17/MOD/padded",54,2,188080.05555555556
"DIVCORE/1088/64/17/DIV/add-back",45,2,222948.06666666668
"DIVCORE/1088/64/17/MOD/add-back",45,2,222943.84444444443
"DIVCORE/1088/64/127/DIV/normalized",108,2,185186.72222222222
"DIVCORE/1088/64/127/MOD/normalized",108,2,185176.97222222222
"DIVCORE/1088/64/127/DIV/top-clear",53,2,189600.35849056602
"DIVCORE/1088/64/127/MOD/top-clear",53,2,189553.96226415093
"DIVCORE/1088/64/127/DIV/top-one",54,2,186538.42592592593
"DIVCORE/1088/64/127/MOD/top-one",54,2,186662.3148148148
"DIVCORE/1088/64/127/DIV/padded",54,2,185661.20370370371
"DIVCORE/1088/64/127/MOD/padded",54,2,185780.8148148148
"DIVCORE/65536/64/17/DIV/normalized",1,2,12018637
"DIVCORE/65536/64/17/MOD/normalized",1,2,12010728
"DIVCORE/65536/64/17/DIV/top-one",1,2,11943200
"DIVCORE/65536/64/17/MOD/top-one",1,2,11941048
"DIVCORE/65536/64/17/DIV/add-back",1,2,14245592
"DIVCORE/65536/64/17/MOD/add-back",1,2,14259013
"DIVCORE/500000/64/17/DIV/normalized",1,2,91686639
"DIVCORE/500000/64/17/MOD/normalized",1,2,91644249
"DIVCORE/500000/64/17/DIV/top-one",1,2,91230300
"DIVCORE/500000/64/17/MOD/top-one",1,2,91136892
"DIVCORE/500000/64/17/DIV/add-back",1,2,108729919
"DIVCORE/500000/64/17/MOD/add-back",1,2,108772607
"DIVCORE/127/128/17/DIV/normalized",1845,2,44.97018970189702
"DIVCORE/127/128/17/MOD/normalized",1845,2,21.568563685636857
"DIVCORE/127/128/17/DIV/top-clear",1845,2,23.968563685636855
"DIVCORE/127/128/17/MOD/top-clear",1845,2,21.205962059620596
"DIVCORE/127/128/17/DIV/top-one",1845,2,24.685094850948509
"DIVCORE/127/128/17/MOD/top-one",1845,2,20.493766937669378
"DIVCORE/127/128/17/DIV/padded",1845,2,24.700271002710029
"DIVCORE/127/128/17/MOD/padded",1845,2,20.486178861788616
"DIVCORE/127/128/127/DIV/normalized",1845,2,23.920325203252034
"DIVCORE/127/128/127/MOD/normalized",1845,2,21.266124661246611
"DIVCORE/127/128/127/DIV/top-clear",1845,2,23.940921409214091
"DIVCORE/127/128/127/MOD/top-clear",1845,2,21.231436314363144
"DIVCORE/127/128/127/DIV/top-one",1845,2,23.949593495934959
"DIVCORE/127/128/127/MOD/top-one",1845,2,21.206504065040651
"DIVCORE/127/128/127/DIV/padded",1845,2,24.642276422764226
"DIVCORE/127/128/127/MOD/padded",1845,2,20.542547425474254
"DIVCORE/128/128/17/DIV/normalized",1838,2,74.403699673558222
"DIVCORE/128/128/17/MOD/normalized",1838,2,57.642002176278567
"DIVCORE/128/128/17/DIV/top-clear",1838,2,681.48476605005442
"DIVCORE/128/128/17/MOD/top-clear",1838,2,819.09738846572361
"DIVCORE/128/128/17/DIV/top-one",1838,2,678.77203482045707
"DIVCORE/128/128/17/MOD/top-one",1838,2,821.50272034820455
"DIVCORE/128/128/17/DIV/padded",1838,2,74.496191512513604
"DIVCORE/128/128/17/MOD/padded",1838,2,57.678454842219807
"DIVCORE/128/128/127/DIV/normalized",1838,2,354.04189336235038
"DIVCORE/128/128/127/MOD/normalized",1838,2,343.08324265505985
"DIVCORE/128/128/127/DIV/top-clear",1838,2,678.8122959738846
"DIVCORE/128/128/127/MOD/top-clear",1838,2,819.09956474428725
"DIVCORE/128/128/127/DIV/top-one",1838,2,678.86452665941238
"DIVCORE/128/128/127/MOD/top-one",1838,2,821.60826985854192
"DIVCORE/128/128/127/DIV/padded",1838,2,353.22198041349293
"DIVCORE/128/128/127/MOD/padded",1838,2,342.72687704026117
"DIVCORE/129/128/17/DIV/normalized",1831,2,681.75805570726379
"DIVCORE/129/128/17/MOD/normalized",1831,2,672.17203713817582
"DIVCORE/129/128/17/DIV/top-clear",1831,2,1005.6903331512834
"DIVCORE/129/128/17/MOD/top-clear",1831,2,1155.4298197706171
"DIVCORE/129/128/17/DIV/top-one",1831,2,1012.3386127799017
"DIVCORE/129/128/17/MOD/top-one",1831,2,1154.394320043692
"DIVCORE/129/128/17/DIV/padded",1831,2,686.48607318405243
"DIVCORE/129/128/17/MOD/padded",1831,2,680.16111414527586
"DIVCORE/129/128/17/DIV/add-back",1831,2,481.4598580010923
"DIVCORE/129/128/17/MOD/add-back",1831,2,474.51119606772255
"DIVCORE/129/128/127/DIV/normalized",1831,2,687.20371381758605
"DIVCORE/129/128/127/MOD/normalized",1831,2,672.74057891862367
"DIVCORE/129/128/127/DIV/top-clear",1831,2,1003.9366466411797
"DIVCORE/129/128/127/MOD/top-clear",1831,2,1147.2949208083014
"DIVCORE/129/128/127/DIV/top-one",1831,2,1013.5395958492627
"DIVCORE/129/128/127/MOD/top-one",1831,2,1156.0496996176953
"DIVCORE/129/128/127/DIV/padded",1831,2,680.09830693610047
"DIVCORE/129/128/127/MOD/padded",1831,2,671.00546149645004
"DIVCORE/160/128/17/DIV/normalized",1024,2,10372.03125
"DIVCORE/160/128/17/MOD/normalized",1024,2,10352.8564453125
"DIVCORE/160/128/17/DIV/top-clear",1024,2,10944.0009765625
"DIVCORE/160/128/17/MOD/top-clear",1024,2,11111.7958984375
"DIVCORE/160/128/17/DIV/top-one",1024,2,11049.7216796875
"DIVCORE/160/128/17/MOD/top-one",1024,2,11196.169921875
"DIVCORE/160/128/17/DIV/padded",1024,2,10379.2353515625
"DIVCORE/160/128/17/MOD/padded",1024,2,10375.14453125
"DIVCORE/160/128/17/DIV/add-back",1024,2,13219.3662109375
"DIVCORE/160/128/17/MOD/add-back",1024,2,13220.06640625
"DIVCORE/160/128/127/DIV/normalized",1024,2,10375.83203125
"DIVCORE/160/128/127/MOD/normalized",1024,2,10365.8330078125
"DIVCORE/160/128/127/DIV/top-clear",1024,2,10931.2802734375
"DIVCORE/160/128/127/MOD/top-clear",1024,2,11074.3046875
"DIVCORE/160/128/127/DIV/top-one",1024,2,11077.48828125
"DIVCORE/160/128/127/MOD/top-one",1024,2,11224.3896484375
"DIVCORE/160/128/127/DIV/padded",1024,2,10383.0478515625
"DIVCORE/160/128/127/MOD/padded",1024,2,10393.8193359375
"DIVCORE/256/128/17/DIV/normalized",244,2,41039.569672131147
"DIVCORE/256/128/17/MOD/normalized",244,2,41015.299180327871
"DIVCORE/256/128/17/DIV/top-clear",241,2,41531.701244813281
"DIVCORE/256/128/17/MOD/top-clear",241,2,41672.402489626555
"DIVCORE/256/128/17/DIV/top-one",239,2,42036.799163179916
"DIVCORE/256/128/17/MOD/top-one",474,2,42344.736286919833
"DIVCORE/256/128/17/DIV/padded",244,2,41088.028688524588
"DIVCORE/256/128/17/MOD/padded",244,2,41101.348360655735
"DIVCORE/256/128/17/DIV/add-back",191,2,52468.753926701567
"DIVCORE/256/128/17/MOD/add-back",191,2,52428.523560209425
"DIVCORE/256/128/127/DIV/normalized",242,2,41352.681818181816
"DIVCORE/256/128/127/MOD/normalized",242,2,41338.909090909088
"DIVCORE/256/128/127/DIV/top-clear",242,2,41458.314049586777
"DIVCORE/256/128/127/MOD/top-clear",241,2,41603.879668049791
"DIVCORE/256/128/127/DIV/top-one",238,2,42118.432773109242
"DIVCORE/256/128/127/MOD/top-one",237,2,42258.949367088608
"DIVCORE/256/128/127/DIV/padded",242,2,41420.793388429753
"DIVCORE/256/128/127/MOD/padded",242,2,41420.268595041322
"DIVCORE/512/128/17/DIV/normalized",128,2,122695.640625
"DIVCORE/512/128/17/MOD/normalized",128,2,122716.3515625
"DIVCORE/512/128/17/DIV/top-clear",128,2,123044.0078125
"DIVCORE/512/128/17/MOD/top-clear",128,2,123252.09375
"DIVCORE/512/128/17/DIV/top-one",128,2,124637.1484375
"DIVCORE/512/128/17/MOD/top-one",128,2,124800.5390625
"DIVCORE/512/128/17/DIV/padded",128,2,122874.5859375
"DIVCORE/512/128/17/MOD/padded",128,2,122892.03125
"DIVCORE/512/128/17/DIV/add-back",64,2,157293.484375
"DIVCORE/512/128/17/MOD/add-back",64,2,157119.140625
"DIVCORE/512/128/127/DIV/normalized",128,2,123259.8828125
"DIVCORE/512/128/127/MOD/normalized",128,2,123260.0078125
"DIVCORE/512/128/127/DIV/top-clear",128,2,122829.640625
"DIVCORE/512/128/127/MOD/top-clear",128,2,123043.8515625
"DIVCORE/512/128/127/DIV/top-one",128,2,124675.109375
"DIVCORE/512/128/127/MOD/top-one",128,2,124839.921875
"DIVCORE/512/128/127/DIV/padded",128,2,123418.7421875
"DIVCORE/512/128/127/MOD/padded",128,2,123429.1484375
"DIVCORE/1152/128/17/DIV/normalized",31,2,326997.3548387097
"DIVCORE/1152/128/17/MOD/normalized",31,2,326927.67741935485
"DIVCORE/1152/128/17/DIV/top-clear",31,2,326974.54838709679
"DIVCORE/1152/128/17/MOD/top-clear",31,2,327187.58064516127
"DIVCORE/1152/128/17/DIV/top-one",31,2,331129.74193548388
"DIVCORE/1152/128/17/MOD/top-one",31,2,331246.09677419357
"DIVCORE/1152/128/17/DIV/padded",31,2,327508.09677419357
"DIVCORE/1152/128/17/MOD/padded",31,2,327549.09677419357
"DIVCORE/1152/128/17/DIV/add-back",24,2,418667.41666666669
"DIVCORE/1152/128/17/MOD/add-back",24,2,418636.75
"DIVCORE/1152/128/127/DIV/normalized",31,2,328169.03225806454
"DIVCORE/1152/128/127/MOD/normalized",31,2,328170.48387096776
"DIVCORE/1152/128/127/DIV/top-clear",31,2,326300.67741935485
"DIVCORE/1152/128/127/MOD/top-clear",31,2,326460.29032258067
"DIVCORE/1152/128/127/DIV/top-one",31,2,331194.32258064515
"DIVCORE/1152/128/127/MOD/top-one",31,2,331417.03225806454
"DIVCORE/1152/128/127/DIV/padded",31,2,328880.54838709679
"DIVCORE/1152/128/127/MOD/padded",31,2,328683.67741935485
"DIVCORE/255/256/17/DIV/normalized",948,2,27.148734177215189
"DIVCORE/255/256/17/MOD/normalized",948,2,21.962025316455698
"DIVCORE/255/256/17/DIV/top-clear",948,2,25.320675105485233
"DIVCORE/255/256/17/MOD/top-clear",948,2,21.831223628691983
"DIVCORE/255/256/17/DIV/top-one",948,2,25.195147679324894
"DIVCORE/255/256/17/MOD/top-one",948,2,21.827004219409282
"DIVCORE/255/256/17/DIV/padded",948,2,25.25632911392405
"DIVCORE/255/256/17/MOD/padded",948,2,21.877637130801688
"DIVCORE/255/256/127/DIV/normalized",948,2,25.112869198312236
"DIVCORE/255/256/127/MOD/normalized",948,2,21.758438818565402
"DIVCORE/255/256/127/DIV/top-clear",948,2,25.150843881856542
"DIVCORE/255/256/127/MOD/top-clear",948,2,21.701476793248943
"DIVCORE/255/256/127/DIV/top-one",948,2,25.30168776371308
"DIVCORE/255/256/127/MOD/top-one",948,2,21.745780590717299
"DIVCORE/255/256/127/DIV/padded",948,2,25.154008438818565
"DIVCORE/255/256/127/MOD/padded",948,2,21.606540084388186
"DIVCORE/256/256/17/DIV/normalized",946,2,635.56976744186045
"DIVCORE/256/256/17/MOD/normalized",946,2,621.63002114164908
"DIVCORE/256/256/17/DIV/top-clear",946,2,1256.0433403805496
"DIVCORE/256/256/17/MOD/top-clear",946,2,1528.6818181818182
"DIVCORE/256/256/17/DIV/top-one",946,2,1251.977801268499
"DIVCORE/256/256/17/MOD/top-one",946,2,1532.2547568710359
"DIVCORE/256/256/17/DIV/padded",946,2,634.8097251585624
"DIVCORE/256/256/17/MOD/padded",946,2,620.45877378435523
"DIVCORE/256/256/127/DIV/normalized",946,2,637.3477801268499
"DIVCORE/256/256/127/MOD/normalized",946,2,625.208245243129
"DIVCORE/256/256/127/DIV/top-clear",946,2,1252.2177589852008
"DIVCORE/256/256/127/MOD/top-clear",946,2,1528.4841437632135
"DIVCORE/256/256/127/DIV/top-one",946,2,1253.9672304439746
"DIVCORE/256/256/127/MOD/top-one",946,2,1533.4323467230445
"DIVCORE/256/256/127/DIV/padded",946,2,638.19767441860461
"DIVCORE/256/256/127/MOD/padded",946,2,627.3044397463002
"DIVCORE/257/256/17/DIV/normalized",945,2,1239.0497354497354
"DIVCORE/257/256/17/MOD/normalized",945,2,1232.5883597883599
"DIVCORE/257/256/17/DIV/top-clear",945,2,1909.0931216931217
"DIVCORE/257/256/17/MOD/top-clear",945,2,2133.3513227513226
"DIVCORE/257/256/17/DIV/top-one",945,2,1911.320634920635
"DIVCORE/257/256/17/MOD/top-one",945,2,2145.0677248677248
"DIVCORE/257/256/17/DIV/padded",945,2,1241.7185185185185
"DIVCORE/257/256/17/MOD/padded",945,2,1230.5333333333333
"DIVCORE/257/256/17/DIV/add-back",945,2,870.39365079365075
"DIVCORE/257/256/17/MOD/add-back",945,2,856.06137566137568
"DIVCORE/257/256/127/DIV/normalized",945,2,1242.1671957671958
"DIVCORE/257/256/127/MOD/normalized",945,2,1231.3682539682541
"DIVCORE/257/256/127/DIV/top-clear",945,2,1906.1544973544974
"DIVCORE/257/256/127/MOD/top-clear",945,2,2139.0042328042327
"DIVCORE/257/256/127/DIV/top-one",945,2,1911.0243386243387
"DIVCORE/257/256/127/MOD/top-one",945,2,2142.9417989417989
"DIVCORE/257/256/127/DIV/padded",945,2,1242.6433862433862
"DIVCORE/257/256/127/MOD/padded",945,2,1230.3079365079366
"DIVCORE/288/256/17/DIV/normalized",892,2,19060.71524663677
"DIVCORE/288/256/17/MOD/normalized",892,2,19046.536995515697
"DIVCORE/288/256/17/DIV/top-clear",892,2,20320.557174887894
"DIVCORE/288/256/17/MOD/top-clear",486,2,20608.837448559672
"DIVCORE/288/256/17/DIV/top-one",892,2,20387.346412556053
"DIVCORE/288/256/17/MOD/top-one",484,2,20686.537190082643
"DIVCORE/288/256/17/DIV/padded",892,2,19086.791479820629
"DIVCORE/288/256/17/MOD/padded",892,2,19071.945067264573
"DIVCORE/288/256/17/DIV/add-back",393,2,25485.526717557252
"DIVCORE/288/256/17/MOD/add-back",393,2,25453.381679389313
"DIVCORE/288/256/127/DIV/normalized",511,2,19609.033268101761
"DIVCORE/288/256/127/MOD/normalized",511,2,19597.238747553816
"DIVCORE/288/256/127/DIV/top-clear",892,2,20277.145739910313
"DIVCORE/288/256/127/MOD/top-clear",487,2,20593.053388090349
"DIVCORE/288/256/127/DIV/top-one",892,2,20365.087443946188
"DIVCORE/288/256/127/MOD/top-one",485,2,20664.138144329896
"DIVCORE/288/256/127/DIV/padded",892,2,19632.780269058298
"DIVCORE/288/256/127/MOD/padded",510,2,19618.447058823531
"DIVCORE/512/256/17/DIV/normalized",128,2,151494.609375
"DIVCORE/512/256/17/MOD/normalized",128,2,151417.9921875
"DIVCORE/512/256/17/DIV/top-clear",128,2,153265.6015625
"DIVCORE/512/256/17/MOD/top-clear",128,2,153663.53125
"DIVCORE/512/256/17/DIV/top-one",128,2,153902.3203125
"DIVCORE/512/256/17/MOD/top-one",128,2,154200.03125
"DIVCORE/512/256/17/DIV/padded",128,2,151644.984375
"DIVCORE/512/256/17/MOD/padded",128,2,151519.2265625
"DIVCORE/512/256/17/DIV/add-back",50,2,202614.39999999999
"DIVCORE/512/256/17/MOD/add-back",50,2,202590.48000000001
"DIVCORE/512/256/127/DIV/normalized",128,2,151416.3359375
"DIVCORE/512/256/127/MOD/normalized",128,2,151411.4609375
"DIVCORE/512/256/127/DIV/top-clear",128,2,153029.8671875
"DIVCORE/512/256/127/MOD/top-clear",128,2,153313.34375
"DIVCORE/512/256/127/DIV/top-one",128,2,153889.4296875
"DIVCORE/512/256/127/MOD/top-one",128,2,154158.015625
"DIVCORE/512/256/127/DIV/padded",128,2,151530.671875
"DIVCORE/512/256/127/MOD/padded",128,2,151522.84375
"DIVCORE/1024/256/17/DIV/normalized",23,2,454348.65217391303
"DIVCORE/1024/256/17/MOD/normalized",23,2,453970.13043478259
"DIVCORE/1024/256/17/DIV/top-clear",22,2,456741.22727272729
"DIVCORE/1024/256/17/MOD/top-clear",22,2,457065.81818181818
"DIVCORE/1024/256/17/DIV/top-one",22,2,459006.04545454547
"DIVCORE/1024/256/17/MOD/top-one",22,2,459133.36363636365
"DIVCORE/1024/256/17/DIV/padded",22,2,454985.40909090912
"DIVCORE/1024/256/17/MOD/padded",23,2,454415.34782608697
"DIVCORE/1024/256/17/DIV/add-back",17,2,607485.70588235289
"DIVCORE/1024/256/17/MOD/add-back",17,2,607264.4117647059
"DIVCORE/1024/256/127/DIV/normalized",23,2,454894.73913043475
"DIVCORE/1024/256/127/MOD/normalized",44,2,454840.47727272729
"DIVCORE/1024/256/127/DIV/top-clear",22,2,456320.95454545453
"DIVCORE/1024/256/127/MOD/top-clear",22,2,456734.86363636365
"DIVCORE/1024/256/127/DIV/top-one",22,2,459041.77272727271
"DIVCORE/1024/256/127/MOD/top-one",22,2,459651.22727272729
"DIVCORE/1024/256/127/DIV/padded",23,2,455439.52173913043
"DIVCORE/1024/256/127/MOD/padded",23,2,455320.60869565216
"DIVCORE/1280/256/17/DIV/normalized",17,2,606653.6470588235
"DIVCORE/1280/256/17/MOD/normalized",17,2,607105.82352941181
"DIVCORE/1280/256/17/DIV/top-clear",17,2,608606.3529411765
"DIVCORE/1280/256/17/MOD/top-clear",17,2,608890.29411764711
"DIVCORE/1280/256/17/DIV/top-one",17,2,611478.4705882353
"DIVCORE/1280/256/17/MOD/top-one",17,2,611776.29411764711
"DIVCORE/1280/256/17/DIV/padded",17,2,606042.5294117647
"DIVCORE/1280/256/17/MOD/padded",17,2,606168.4705882353
"DIVCORE/1280/256/17/DIV/add-back",16,2,810547.375
"DIVCORE/1280/256/17/MOD/add-back",16,2,809923.8125
"DIVCORE/1280/256/127/DIV/normalized",17,2,605755.5882352941
"DIVCORE/1280/256/127/MOD/normalized",17,2,605586.1176470588
"DIVCORE/1280/256/127/DIV/top-clear",17,2,607928.4117647059
"DIVCORE/1280/256/127/MOD/top-clear",17,2,608509.0588235294
"DIVCORE/1280/256/127/DIV/top-one",17,2,611774
"DIVCORE/1280/256/127/MOD/top-one",17,2,612142.17647058819
"DIVCORE/1280/256/127/DIV/padded",17,2,606223.9411764706
"DIVCORE/1280/256/127/MOD/padded",17,2,606299.4117647059
"DIVCORE/1023/1024/17/DIV/normalized",242,2,28.665289256198346
"DIVCORE/1023/1024/17/MOD/normalized",242,2,23.40909090909091
"DIVCORE/1023/1024/17/DIV/top-clear",242,2,27.347107438016529
"DIVCORE/1023/1024/17/MOD/top-clear",242,2,23.615702479338843
"DIVCORE/1023/1024/17/DIV/top-one",242,2,27.33884297520661
"DIVCORE/1023/1024/17/MOD/top-one",242,2,23.322314049586776
"DIVCORE/1023/1024/17/DIV/padded",242,2,27.148760330578511
"DIVCORE/1023/1024/17/MOD/padded",242,2,23.376033057851238
"DIVCORE/1023/1024/127/DIV/normalized",242,2,27.173553719008265
"DIVCORE/1023/1024/127/MOD/normalized",242,2,23.553719008264462
"DIVCORE/1023/1024/127/DIV/top-clear",242,2,26.979338842975206
"DIVCORE/1023/1024/127/MOD/top-clear",242,2,23.305785123966942
"DIVCORE/1023/1024/127/DIV/top-one",242,2,27.194214876033058
"DIVCORE/1023/1024/127/MOD/top-one",242,2,23.438016528925619
"DIVCORE/1023/1024/127/DIV/padded",242,2,27.074380165289256
"DIVCORE/1023/1024/127/MOD/padded",242,2,23.380165289256198
"DIVCORE/1024/1024/17/DIV/normalized",242,2,236.64876033057851
"DIVCORE/1024/1024/17/MOD/normalized",242,2,60.227272727272727
"DIVCORE/1024/1024/17/DIV/top-clear",242,2,4928.8884297520663
"DIVCORE/1024/1024/17/MOD/top-clear",242,2,5808.6074380165292
"DIVCORE/1024/1024/17/DIV/top-one",242,2,4931.3099173553719
"DIVCORE/1024/1024/17/MOD/top-one",242,2,5932.0578512396696
"DIVCORE/1024/1024/17/DIV/padded",242,2,236.68595041322314
"DIVCORE/1024/1024/17/MOD/padded",242,2,60.103305785123965
"DIVCORE/1024/1024/127/DIV/normalized",242,2,236.86776859504133
"DIVCORE/1024/1024/127/MOD/normalized",242,2,59.871900826446279
"DIVCORE/1024/1024/127/DIV/top-clear",242,2,4931.4380165289258
"DIVCORE/1024/1024/127/MOD/top-clear",242,2,5911.9586776859505
"DIVCORE/1024/1024/127/DIV/top-one",242,2,4932.1611570247933
"DIVCORE/1024/1024/127/MOD/top-one",242,2,5915.8801652892562
"DIVCORE/1024/1024/127/DIV/padded",242,2,236.72727272727272
"DIVCORE/1024/1024/127/MOD/padded",242,2,59.904958677685947
"DIVCORE/1025/1024/17/DIV/normalized",242,2,2564.1942148760331
"DIVCORE/1025/1024/17/MOD/normalized",242,2,2470.2148760330579
"DIVCORE/1025/1024/17/DIV/top-clear",242,2,7226.7066115702482
"DIVCORE/1025/1024/17/MOD/top-clear",242,2,8298.1983471074382
"DIVCORE/1025/1024/17/DIV/top-one",242,2,7296.8801652892562
"DIVCORE/1025/1024/17/MOD/top-one",242,2,8293.4876033057844
"DIVCORE/1025/1024/17/DIV/padded",242,2,2591.3636363636365
"DIVCORE/1025/1024/17/MOD/padded",242,2,2473.0247933884298
"DIVCORE/1025/1024/17/DIV/add-back",242,2,3584.8677685950415
"DIVCORE/1025/1024/17/MOD/add-back",242,2,3412.7644628099174
"DIVCORE/1025/1024/127/DIV/normalized",242,2,4810.4173553719011
"DIVCORE/1025/1024/127/MOD/normalized",242,2,4819.6694214876034
"DIVCORE/1025/1024/127/DIV/top-clear",242,2,7306.2190082644629
"DIVCORE/1025/1024/127/MOD/top-clear",242,2,8338.809917355371
"DIVCORE/1025/1024/127/DIV/top-one",242,2,7305.6157024793392
"DIVCORE/1025/1024/127/MOD/top-one",242,2,8176.818181818182
"DIVCORE/1025/1024/127/DIV/padded",242,2,4967.6652892561988
"DIVCORE/1025/1024/127/MOD/padded",242,2,4869.2644628099169
"DIVCORE/1056/1024/17/DIV/normalized",134,2,73924.149253731346
"DIVCORE/1056/1024/17/MOD/normalized",139,2,72300.92805755396
"DIVCORE/1056/1024/17/DIV/top-clear",238,2,77081.109243697472
"DIVCORE/1056/1024/17/MOD/top-clear",238,2,79125.550420168074
"DIVCORE/1056/1024/17/DIV/top-one",128,2,77486.125
"DIVCORE/1056/1024/17/MOD/top-one",128,2,79896.7578125
"DIVCORE/1056/1024/17/DIV/padded",238,2,72489.457983193279
"DIVCORE/1056/1024/17/MOD/padded",238,2,72102.747899159658
"DIVCORE/1056/1024/17/DIV/add-back",128,2,100095.78125
"DIVCORE/1056/1024/17/MOD/add-back",128,2,99539.6796875
"DIVCORE/1056/1024/127/DIV/normalized",137,2,72333.37226277373
"DIVCORE/1056/1024/127/MOD/normalized",137,2,73280.802919708032
"DIVCORE/1056/1024/127/DIV/top-clear",129,2,78828.806201550382
"DIVCORE/1056/1024/127/MOD/top-clear",128,2,81002.8359375
"DIVCORE/1056/1024/127/DIV/top-one",128,2,79810.75
"DIVCORE/1056/1024/127/MOD/top-one",128,2,80655.5234375
"DIVCORE/1056/1024/127/DIV/padded",133,2,74113.84210526316
"DIVCORE/1056/1024/127/MOD/padded",136,2,75117.441176470587
"DIVCORE/2048/1024/17/DIV/normalized",5,2,2347622.7999999998
"DIVCORE/2048/1024/17/MOD/normalized",5,2,2298549.3999999999
"DIVCORE/2048/1024/17/DIV/top-clear",5,2,2313944.7999999998
"DIVCORE/2048/1024/17/MOD/top-clear",5,2,2308038
"DIVCORE/2048/1024/17/DIV/top-one",5,2,2373586
"DIVCORE/2048/1024/17/MOD/top-one",5,2,2337585.3999999999
"DIVCORE/2048/1024/17/DIV/padded",5,2,2303250.3999999999
"DIVCORE/2048/1024/17/MOD/padded",5,2,2311951.6000000001
"DIVCORE/2048/1024/17/DIV/add-back",4,2,3160706.25
"DIVCORE/2048/1024/17/MOD/add-back",4,2,3162379.75
"DIVCORE/2048/1024/127/DIV/normalized",5,2,2300314.6000000001
"DIVCORE/2048/1024/127/MOD/normalized",5,2,2326275
"DIVCORE/2048/1024/127/DIV/top-clear",5,2,2331887.2000000002
"DIVCORE/2048/1024/127/MOD/top-clear",5,2,2347273
"DIVCORE/2048/1024/127/DIV/top-one",5,2,2373274
"DIVCORE/2048/1024/127/MOD/top-one",5,2,2400244.7999999998
"DIVCORE/2048/1024/127/DIV/padded",5,2,2306421.6000000001
"DIVCORE/2048/1024/127/MOD/padded",5,2,2312142.2000000002
"DIVCORE/4096/1024/17/DIV/normalized",2,2,6927741.5
"DIVCORE/4096/1024/17/MOD/normalized",2,2,6890651.5
"DIVCORE/4096/1024/17/DIV/top-clear",2,2,6962944
"DIVCORE/4096/1024/17/MOD/top-clear",2,2,6912516.5
"DIVCORE/4096/1024/17/DIV/top-one",2,2,6899290.5
"DIVCORE/4096/1024/17/MOD/top-one",2,2,6942521.5
"DIVCORE/4096/1024/17/DIV/padded",2,2,6976534
"DIVCORE/4096/1024/17/MOD/padded",2,2,6915221
"DIVCORE/4096/1024/17/DIV/add-back",2,2,9471694
"DIVCORE/4096/1024/17/MOD/add-back",2,2,9467091.5
"DIVCORE/4096/1024/127/DIV/normalized",2,2,6898103
"DIVCORE/4096/1024/127/MOD/normalized",2,2,6945920.5
"DIVCORE/4096/1024/127/DIV/top-clear",2,2,6903925.5
"DIVCORE/4096/1024/127/MOD/top-clear",2,2,6912177.5
"DIVCORE/4096/1024/127/DIV/top-one",2,2,7113684
"DIVCORE/4096/1024/127/MOD/top-one",2,2,7026236
"DIVCORE/4096/1024/127/DIV/padded",2,2,6918478.5
"DIVCORE/4096/1024/127/MOD/padded",2,2,7073620.5
"DIVCORE/1/1/17/DIV/normalized",27777,3,29.398387154840336
"DIVCORE/1/1/17/MOD/normalized",27777,3,29.360874104474924
"DIVCORE/1/1/17/DIV/top-clear",27777,3,29.276559743672824
"DIVCORE/1/1/17/MOD/top-clear",27777,3,29.310220686179214
"DIVCORE/1/1/17/DIV/top-one",27777,3,29.860172084818373
"DIVCORE/1/1/17/MOD/top-one",27777,3,28.473197249522986
"DIVCORE/1/1/17/DIV/padded",27777,3,29.860568095906686
"DIVCORE/1/1/17/MOD/padded",27777,3,29.222882240702738
"DIVCORE/1/1/127/DIV/normalized",27777,3,29.861756129171617
"DIVCORE/1/1/127/MOD/normalized",27777,3,29.375670518774527
"DIVCORE/1/1/127/DIV/top-clear",27777,3,29.857868020304569
"DIVCORE/1/1/127/MOD/top-clear",27777,3,29.313676782949923
"DIVCORE/1/1/127/DIV/top-one",27777,3,29.715304028512797
"DIVCORE/1/1/127/MOD/top-one",27777,3,28.497713935990209
"DIVCORE/1/1/127/DIV/padded",27777,3,29.314108795046263
"DIVCORE/1/1/127/MOD/padded",27777,3,29.277675774921697
"DIVCORE/2/1/17/DIV/normalized",26315,3,75.047501425042753
"DIVCORE/2/1/17/MOD/normalized",26315,3,74.260991829754886
"DIVCORE/2/1/17/DIV/top-clear",26315,3,100.62211666349991
"DIVCORE/2/1/17/MOD/top-clear",26315,3,99.542352270568117
"DIVCORE/2/1/17/DIV/top-one",26315,3,100.58191145734372
"DIVCORE/2/1/17/MOD/top-one",26315,3,99.899524985749579
"DIVCORE/2/1/17/DIV/padded",26315,3,75.642409272278172
"DIVCORE/2/1/17/MOD/padded",26315,3,75.080410412312375
"DIVCORE/2/1/127/DIV/normalized",26315,3,75.678852365570961
"DIVCORE/2/1/127/MOD/normalized",26315,3,74.41915257457724
"DIVCORE/2/1/127/DIV/top-clear",26315,3,100.19593387801633
"DIVCORE/2/1/127/MOD/top-clear",26315,3,99.449857495724871
"DIVCORE/2/1/127/DIV/top-one",26315,3,101.52768383051492
"DIVCORE/2/1/127/MOD/top-one",26315,3,99.795781873456207
"DIVCORE/2/1/127/DIV/padded",26315,3,75.712673380201409
"DIVCORE/2/1/127/MOD/padded",26315,3,74.914155424662738
"DIVCORE/4/1/17/DIV/normalized",23809,3,132.98832374312235
"DIVCORE/4/1/17/MOD/normalized",23809,3,132.12012264269813
"DIVCORE/4/1/17/DIV/top-clear",23809,3,159.37910034020749
"DIVCORE/4/1/17/MOD/top-clear",23809,3,158.20139443067748
"DIVCORE/4/1/17/DIV/top-one",23809,3,159.62320971061362
"DIVCORE/4/1/17/MOD/top-one",23809,3,158.3456256037633
"DIVCORE/4/1/17/DIV/padded",23809,3,134.26011172245791
"DIVCORE/4/1/17/MOD/padded",23809,3,133.80053761182745
"DIVCORE/4/1/127/DIV/normalized",23809,3,132.9347305640724
"DIVCORE/4/1/127/MOD/normalized",23809,3,132.24801545634003
"DIVCORE/4/1/127/DIV/top-clear",23809,3,159.58389684573061
"DIVCORE/4/1/127/MOD/top-clear",23809,3,158.46440421689277
"DIVCORE/4/1/127/DIV/top-one",23809,3,159.26972993405855
"DIVCORE/4/1/127/MOD/top-one",23809,3,159.21907681969003
"DIVCORE/4/1/127/DIV/padded",23809,3,133.90091982023606
"DIVCORE/4/1/127/MOD/padded",23809,3,134.36112394472678
"DIVCORE/33/1/17/DIV/normalized",10000,3,979.69169999999997
"DIVCORE/33/1/17/MOD/normalized",10000,3,989.33609999999999
"DIVCORE/33/1/17/DIV/top-clear",10000,3,1041.4239
"DIVCORE/33/1/17/MOD/top-clear",9653,3,1034.6874546773024
"DIVCORE/33/1/17/DIV/top-one",9639,3,1041.3335408237369
"DIVCORE/33/1/17/MOD/top-one",9656,3,1034.2619096934548
"DIVCORE/33/1/17/DIV/padded",10000,3,1002.2899
"DIVCORE/33/1/17/MOD/padded",9928,3,1011.5651692183723
"DIVCORE/33/1/127/DIV/normalized",10000,3,968.40049999999997
"DIVCORE/33/1/127/MOD/normalized",10000,3,989.39769999999999
"DIVCORE/33/1/127/DIV/top-clear",9556,3,1041.192549183759
"DIVCORE/33/1/127/MOD/top-clear",10000,3,1036.4278999999999
"DIVCORE/33/1/127/DIV/top-one",10000,3,1041.4199000000001
"DIVCORE/33/1/127/MOD/top-one",10000,3,1034.3105
"DIVCORE/33/1/127/DIV/padded",10000,3,1001.2613
"DIVCORE/33/1/127/MOD/padded",9914,3,1010.8671575549728
"DIVCORE/1025/1/17/DIV/normalized",342,3,29513.8216374269
"DIVCORE/1025/1/17/MOD/normalized",479,3,29887.258872651357
"DIVCORE/1025/1/17/DIV/top-clear",322,3,30844.049689440995
"DIVCORE/1025/1/17/MOD/top-clear",479,3,30710.018789144051
"DIVCORE/1025/1/17/DIV/top-one",322,3,30844.27950310559
"DIVCORE/1025/1/17/MOD/top-one",325,3,30725.439999999999
"DIVCORE/1025/1/17/DIV/padded",333,3,30100.354354354353
"DIVCORE/1025/1/17/MOD/padded",479,3,30668.16701461378
"DIVCORE/1025/1/127/DIV/normalized",340,3,29595.700000000001
"DIVCORE/1025/1/127/MOD/normalized",334,3,29870.323353293414
"DIVCORE/1025/1/127/DIV/top-clear",479,3,30852.070981210854
"DIVCORE/1025/1/127/MOD/top-clear",325,3,30730.833846153848
"DIVCORE/1025/1/127/DIV/top-one",322,3,30707.767080745343
"DIVCORE/1025/1/127/MOD/top-one",479,3,30718.709812108558
"DIVCORE/1025/1/127/DIV/padded",479,3,30286.242171189981
"DIVCORE/1025/1/127/MOD/padded",334,3,30490
"DIVCORE/65536/1/17/DIV/normalized",6,3,1872298
"DIVCORE/65536/1/17/MOD/normalized",6,3,1860002.1666666667
"DIVCORE/65536/1/17/DIV/top-one",6,3,1955980.1666666667
"DIVCORE/65536/1/17/MOD/top-one",6,3,1951233
"DIVCORE/500000/1/17/DIV/normalized",1,3,14352574
"DIVCORE/500000/1/17/MOD/normalized",1,3,14298487
"DIVCORE/500000/1/17/DIV/top-one",1,3,14992611
"DIVCORE/500000/1/17/MOD/top-one",1,3,14875858
"DIVCORE/1/2/17/DIV/normalized",26315,3,19.975337260117804
"DIVCORE/1/2/17/MOD/normalized",26315,3,15.24902147064412
"DIVCORE/1/2/17/DIV/top-clear",26315,3,19.225574767243018
"DIVCORE/1/2/17/MOD/top-clear",26315,3,15.117993539806195
"DIVCORE/1/2/17/DIV/top-one",26315,3,19.141820254607637
"DIVCORE/1/2/17/MOD/top-one",26315,3,15.240509215276457
"DIVCORE/1/2/17/DIV/padded",26315,3,19.244803344100323
"DIVCORE/1/2/17/MOD/padded",26315,3,15.117803534106024
"DIVCORE/1/2/127/DIV/normalized",26315,3,19.237013110393313
"DIVCORE/1/2/127/MOD/normalized",26315,3,15.243663309899297
"DIVCORE/1/2/127/DIV/top-clear",26315,3,19.120577617328522
"DIVCORE/1/2/127/MOD/top-clear",26315,3,15.13224396731902
"DIVCORE/1/2/127/DIV/top-one",26315,3,19.231920957628727
"DIVCORE/1/2/127/MOD/top-one",26315,3,15.239103173095193
"DIVCORE/1/2/127/DIV/padded",26315,3,19.132129963898915
"DIVCORE/1/2/127/MOD/padded",26315,3,15.112369371081133
"DIVCORE/2/2/17/DIV/normalized",25000,3,62.991759999999999
"DIVCORE/2/2/17/MOD/normalized",25000,3,58.420999999999999
"DIVCORE/2/2/17/DIV/top-clear",25000,3,89.870400000000004
"DIVCORE/2/2/17/MOD/top-clear",25000,3,88.840360000000004
"DIVCORE/2/2/17/DIV/top-one",25000,3,89.680679999999995
"DIVCORE/2/2/17/MOD/top-one",25000,3,88.710880000000003
"DIVCORE/2/2/17/DIV/padded",25000,3,63.09196
"DIVCORE/2/2/17/MOD/padded",25000,3,58.216799999999999
"DIVCORE/2/2/127/DIV/normalized",25000,3,55.118079999999999
"DIVCORE/2/2/127/MOD/normalized",25000,3,51.46396
"DIVCORE/2/2/127/DIV/top-clear",25000,3,89.627840000000006
"DIVCORE/2/2/127/MOD/top-clear",25000,3,88.470560000000006
"DIVCORE/2/2/127/DIV/top-one",25000,3,91.478160000000003
"DIVCORE/2/2/127/MOD/top-one",25000,3,90.165880000000001
"DIVCORE/2/2/127/DIV/padded",25000,3,55.25056
"DIVCORE/2/2/127/MOD/padded",25000,3,51.529960000000003
"DIVCORE/3/2/17/DIV/normalized",23809,3,101.34482758620689
"DIVCORE/3/2/17/MOD/normalized",23809,3,100.58066277458104
"DIVCORE/3/2/17/DIV/top-clear",23809,3,128.69120920660254
"DIVCORE/3/2/17/MOD/top-clear",23809,3,132.10739636271998
"DIVCORE/3/2/17/DIV/top-one",23809,3,128.53702381452391
"DIVCORE/3/2/17/MOD/top-one",23809,3,132.3008106178336
"DIVCORE/3/2/17/DIV/padded",23809,3,101.63988407744971
"DIVCORE/3/2/17/MOD/padded",23809,3,101.74757444663783
"DIVCORE/3/2/127/DIV/normalized",23809,3,100.65844848586669
"DIVCORE/3/2/127/MOD/normalized",23809,3,101.2119786635306
"DIVCORE/3/2/127/DIV/top-clear",23809,3,131.23176109874416
"DIVCORE/3/2/127/MOD/top-clear",23809,3,133.38015036330799
"DIVCORE/3/2/127/DIV/top-one",23809,3,128.66563064387415
"DIVCORE/3/2/127/MOD/top-one",23809,3,132.55008610189424
"DIVCORE/3/2/127/DIV/padded",23809,3,100.82531815699946
"DIVCORE/3/2/127/MOD/padded",23809,3,101.34041748918476
"DIVCORE/4/2/17/DIV/normalized",22727,3,134.59466713600563
"DIVCORE/4/2/17/MOD/normalized",22727,3,133.30105161261935
"DIVCORE/4/2/17/DIV/top-clear",22727,3,171.14977779733357
"DIVCORE/4/2/17/MOD/top-clear",22727,3,174.01773221278654
"DIVCORE/4/2/17/DIV/top-one",22727,3,169.26765521186255
"DIVCORE/4/2/17/MOD/top-one",22727,3,172.39068068816826
"DIVCORE/4/2/17/DIV/padded",22727,3,135.36331235974831
"DIVCORE/4/2/17/MOD/padded",22727,3,135.12069344832139
"DIVCORE/4/2/127/DIV/normalized",22727,3,140.44400932811195
"DIVCORE/4/2/127/MOD/normalized",22727,3,139.99885598627185
"DIVCORE/4/2/127/DIV/top-clear",22727,3,172.23940687288248
"DIVCORE/4/2/127/MOD/top-clear",22727,3,174.80762969155629
"DIVCORE/4/2/127/DIV/top-one",22727,3,169.47815373784485
"DIVCORE/4/2/127/MOD/top-one",22727,3,172.91604699256391
"DIVCORE/4/2/127/DIV/padded",22727,3,141.45932151185815
"DIVCORE/4/2/127/MOD/padded",22727,3,141.53385840630088
"DIVCORE/8/2/17/DIV/normalized",19230,3,293.13042121684867
"DIVCORE/8/2/17/MOD/normalized",19230,3,292.05689027561101
"DIVCORE/8/2/17/DIV/top-clear",19230,3,339.72662506500262
"DIVCORE/8/2/17/MOD/top-clear",19230,3,343.0455538221529
"DIVCORE/8/2/17/DIV/top-one",19230,3,339.52121684867393
"DIVCORE/8/2/17/MOD/top-one",19230,3,345.43738949557985
"DIVCORE/8/2/17/DIV/padded",19230,3,296.72054082163288
"DIVCORE/8/2/17/MOD/padded",19230,3,295.90904836193448
"DIVCORE/8/2/127/DIV/normalized",19230,3,299.58060322412899
"DIVCORE/8/2/127/MOD/normalized",19230,3,299.5111804472179
"DIVCORE/8/2/127/DIV/top-clear",19230,3,337.83094123764948
"DIVCORE/8/2/127/MOD/top-clear",19230,3,341.78471138845555
"DIVCORE/8/2/127/DIV/top-one",19230,3,333.61773270930837
"DIVCORE/8/2/127/MOD/top-one",19230,3,336.49521580863234
"DIVCORE/8/2/127/DIV/padded",19230,3,302.35824232969321
"DIVCORE/8/2/127/MOD/padded",19230,3,302.93874154966198
"DIVCORE/34/2/17/DIV/normalized",8192,3,1371.1689453125
"DIVCORE/34/2/17/MOD/normalized",8192,3,1368.1279296875
"DIVCORE/34/2/17/DIV/top-clear",8192,3,1459.9071044921875
"DIVCORE/34/2/17/MOD/top-clear",8192,3,1467.4376220703125
"DIVCORE/34/2/17/DIV/top-one",8192,3,1410.8038330078125
"DIVCORE/34/2/17/MOD/top-one",8192,3,1415.9420166015625
"DIVCORE/34/2/17/DIV/padded",8192,3,1391.99853515625
"DIVCORE/34/2/17/MOD/padded",8192,3,1391.24462890625
"DIVCORE/34/2/127/DIV/normalized",8192,3,1377.849365234375
"DIVCORE/34/2/127/MOD/normalized",8192,3,1379.109375
"DIVCORE/34/2/127/DIV/top-clear",8192,3,1489.513916015625
"DIVCORE/34/2/127/MOD/top-clear",8192,3,1493.082275390625
"DIVCORE/34/2/127/DIV/top-one",8192,3,1446.882568359375
"DIVCORE/34/2/127/MOD/top-one",8192,3,1476.781982421875
"DIVCORE/34/2/127/DIV/padded",8192,3,1395.5062255859375
"DIVCORE/34/2/127/MOD/padded",8192,3,1394.8408203125
"DIVCORE/1026/2/17/DIV/normalized",227,3,44099.929515418502
"DIVCORE/1026/2/17/MOD/normalized",227,3,44065.955947136565
"DIVCORE/1026/2/17/DIV/top-clear",219,3,45671.799086757994
"DIVCORE/1026/2/17/MOD/top-clear",219,3,45574.415525114156
"DIVCORE/1026/2/17/DIV/top-one",239,3,41814.661087866109
"DIVCORE/1026/2/17/MOD/top-one",239,3,41834.585774058578
"DIVCORE/1026/2/17/DIV/padded",224,3,44624.848214285717
"DIVCORE/1026/2/17/MOD/padded",224,3,44590.053571428572
"DIVCORE/1026/2/127/DIV/normalized",232,3,42994.987068965514
"DIVCORE/1026/2/127/MOD/normalized",231,3,43038.935064935067
"DIVCORE/1026/2/127/DIV/top-clear",221,3,45323.601809954751
"DIVCORE/1026/2/127/MOD/top-clear",221,3,45248.886877828052
"DIVCORE/1026/2/127/DIV/top-one",225,3,44468.137777777774
"DIVCORE/1026/2/127/MOD/top-one",224,3,44494.160714285717
"DIVCORE/1026/2/127/DIV/padded",456,3,43874.254385964916
"DIVCORE/1026/2/127/MOD/padded",229,3,43497.397379912662
"DIVCORE/65536/2/17/DIV/normalized",4,3,2843037.5
"DIVCORE/65536/2/17/MOD/normalized",4,3,2840019
"DIVCORE/65536/2/17/DIV/top-one",4,3,2679405.25
"DIVCORE/65536/2/17/MOD/top-one",4,3,2682872.75
"DIVCORE/500000/2/17/DIV/normalized",1,3,21858552
"DIVCORE/500000/2/17/MOD/normalized",1,3,21797013
"DIVCORE/500000/2/17/DIV/top-one",1,3,20636979
"DIVCORE/500000/2/17/MOD/top-one",1,3,20562516
"DIVCORE/2/3/17/DIV/normalized",23809,3,19.928304422697298
"DIVCORE/2/3/17/MOD/normalized",23809,3,15.124490738796254
"DIVCORE/2/3/17/DIV/top-clear",23809,3,19.239699273384016
"DIVCORE/2/3/17/MOD/top-clear",23809,3,15.133856944852786
"DIVCORE/2/3/17/DIV/top-one",23809,3,19.239657272459993
"DIVCORE/2/3/17/MOD/top-one",23809,3,15.13683901045823
"DIVCORE/2/3/17/DIV/padded",23809,3,19.122096686127094
"DIVCORE/2/3/17/MOD/padded",23809,3,15.236255197614348
"DIVCORE/2/3/127/DIV/normalized",23809,3,19.109832416313157
"DIVCORE/2/3/127/MOD/normalized",23809,3,15.129782855222816
"DIVCORE/2/3/127/DIV/top-clear",23809,3,19.247805451719938
"DIVCORE/2/3/127/MOD/top-clear",23809,3,15.105842328531228
"DIVCORE/2/3/127/DIV/top-one",23809,3,19.26082573816624
"DIVCORE/2/3/127/MOD/top-one",23809,3,15.130118862614978
"DIVCORE/2/3/127/DIV/padded",23809,3,19.220294846486624
"DIVCORE/2/3/127/MOD/padded",23809,3,15.119870637154017
"DIVCORE/3/3/17/DIV/normalized",22727,3,64.824657895894745
"DIVCORE/3/3/17/MOD/normalized",22727,3,60.725568706824482
"DIVCORE/3/3/17/DIV/top-clear",22727,3,94.23078276939323
"DIVCORE/3/3/17/MOD/top-clear",22727,3,94.740704888458666
"DIVCORE/3/3/17/DIV/top-one",22727,3,94.039908478901751
"DIVCORE/3/3/17/MOD/top-one",22727,3,95.310379724556697
"DIVCORE/3/3/17/DIV/padded",22727,3,64.865270383244592
"DIVCORE/3/3/17/MOD/padded",22727,3,60.716152593831126
"DIVCORE/3/3/127/DIV/normalized",22727,3,54.319267831213978
"DIVCORE/3/3/127/MOD/normalized",22727,3,51.588815065780793
"DIVCORE/3/3/127/DIV/top-clear",22727,3,93.761121133453599
"DIVCORE/3/3/127/MOD/top-clear",22727,3,94.883618603423244
"DIVCORE/3/3/127/DIV/top-one",22727,3,94.2736392836714
"DIVCORE/3/3/127/MOD/top-one",22727,3,94.989395872750478
"DIVCORE/3/3/127/DIV/padded",22727,3,53.844546134553617
"DIVCORE/3/3/127/MOD/padded",22727,3,51.359396312755756
"DIVCORE/4/3/17/DIV/normalized",21739,3,98.393900363402182
"DIVCORE/4/3/17/MOD/normalized",21739,3,97.630479782878695
"DIVCORE/4/3/17/DIV/top-clear",21739,3,136.31339988039929
"DIVCORE/4/3/17/MOD/top-clear",21739,3,141.34362206173236
"DIVCORE/4/3/17/DIV/top-one",21739,3,138.30337182023092
"DIVCORE/4/3/17/MOD/top-one",21739,3,142.69028014168086
"DIVCORE/4/3/17/DIV/padded",21739,3,98.532085192511161
"DIVCORE/4/3/17/MOD/padded",21739,3,98.12985877915267
"DIVCORE/4/3/17/DIV/add-back",21739,3,78.401122406734444
"DIVCORE/4/3/17/MOD/add-back",21739,3,78.087722526335156
"DIVCORE/4/3/127/DIV/normalized",21739,3,106.34583007498046
"DIVCORE/4/3/127/MOD/normalized",21739,3,105.2195593173559
"DIVCORE/4/3/127/DIV/top-clear",21739,3,136.81126086756521
"DIVCORE/4/3/127/MOD/top-clear",21739,3,141.55034730208382
"DIVCORE/4/3/127/DIV/top-one",21739,3,136.57854547127283
"DIVCORE/4/3/127/MOD/top-one",21739,3,141.11895671374029
"DIVCORE/4/3/127/DIV/padded",21739,3,106.15736694420167
"DIVCORE/4/3/127/MOD/padded",21739,3,105.85077510465062
"DIVCORE/6/3/17/DIV/normalized",20000,3,179.99260000000001
"DIVCORE/6/3/17/MOD/normalized",20000,3,179.45345
"DIVCORE/6/3/17/DIV/top-clear",20000,3,222.91265000000001
"DIVCORE/6/3/17/MOD/top-clear",20000,3,227.14920000000001
"DIVCORE/6/3/17/DIV/top-one",20000,3,225.84215
"DIVCORE/6/3/17/MOD/top-one",20000,3,230.04685000000001
"DIVCORE/6/3/17/DIV/padded",20000,3,181.77379999999999
"DIVCORE/6/3/17/MOD/padded",20000,3,181.44274999999999
"DIVCORE/6/3/17/DIV/add-back",20000,3,120.6885
"DIVCORE/6/3/17/MOD/add-back",20000,3,119.0975
"DIVCORE/6/3/127/DIV/normalized",20000,3,181.14185000000001
"DIVCORE/6/3/127/MOD/normalized",20000,3,180.2603
"DIVCORE/6/3/127/DIV/top-clear",20000,3,220.86404999999999
"DIVCORE/6/3/127/MOD/top-clear",20000,3,224.26615000000001
"DIVCORE/6/3/127/DIV/top-one",20000,3,221.17345
"DIVCORE/6/3/127/MOD/top-one",20000,3,225.17099999999999
"DIVCORE/6/3/127/DIV/padded",20000,3,182.40805
"DIVCORE/6/3/127/MOD/padded",20000,3,182.44745
"DIVCORE/12/3/17/DIV/normalized",16129,3,433.84661169322339
"DIVCORE/12/3/17/MOD/normalized",16129,3,433.07700415400831
"DIVCORE/12/3/17/DIV/top-clear",16129,3,493.10949221898443
"DIVCORE/12/3/17/MOD/top-clear",16129,3,497.21985243970488
"DIVCORE/12/3/17/DIV/top-one",16129,3,486.39295678591355
"DIVCORE/12/3/17/MOD/top-one",16129,3,490.69520739041479
"DIVCORE/12/3/17/DIV/padded",16129,3,438.13974827949659
"DIVCORE/12/3/17/MOD/padded",16129,3,437.6709653419307
"DIVCORE/12/3/17/DIV/add-back",16129,3,256.92200384400769
"DIVCORE/12/3/17/MOD/add-back",16129,3,255.82441564883129
"DIVCORE/12/3/127/DIV/normalized",16129,3,440.42978485956974
"DIVCORE/12/3/127/MOD/normalized",16129,3,439.41868683737368
"DIVCORE/12/3/127/DIV/top-clear",16129,3,489.4276768553537
"DIVCORE/12/3/127/MOD/top-clear",16129,3,493.44373488746976
"DIVCORE/12/3/127/DIV/top-one",16129,3,484.41385082770165
"DIVCORE/12/3/127/MOD/top-one",16129,3,489.73240746481491
"DIVCORE/12/3/127/DIV/padded",16129,3,444.73842147684297
"DIVCORE/12/3/127/MOD/padded",16129,3,444.74989149978302
"DIVCORE/35/3/17/DIV/normalized",8192,3,1498.7415771484375
"DIVCORE/35/3/17/MOD/normalized",8192,3,1498.9891357421875
"DIVCORE/35/3/17/DIV/top-clear",8192,3,1586.2940673828125
"DIVCORE/35/3/17/MOD/top-clear",8192,3,1591.78125
"DIVCORE/35/3/17/DIV/top-one",8192,3,1584.5250244140625
"DIVCORE/35/3/17/MOD/top-one",8192,3,1591.6907958984375
"DIVCORE/35/3/17/DIV/padded",8192,3,1503.1107177734375
"DIVCORE/35/3/17/MOD/padded",8192,3,1502.989990234375
"DIVCORE/35/3/17/DIV/add-back",9259,3,732.94880656658381
"DIVCORE/35/3/17/MOD/add-back",9259,3,731.77006156172376
"DIVCORE/35/3/127/DIV/normalized",8192,3,1501.5491943359375
"DIVCORE/35/3/127/MOD/normalized",8192,3,1501.204345703125
"DIVCORE/35/3/127/DIV/top-clear",8192,3,1519.0010986328125
"DIVCORE/35/3/127/MOD/top-clear",8192,3,1524.5172119140625
"DIVCORE/35/3/127/DIV/top-one",8192,3,1567.7513427734375
"DIVCORE/35/3/127/MOD/top-one",8192,3,1574.15283203125
"DIVCORE/35/3/127/DIV/padded",8192,3,1516.859130859375
"DIVCORE/35/3/127/MOD/padded",8192,3,1519.1068115234375
"DIVCORE/1027/3/17/DIV/normalized",224,3,44433.959821428572
"DIVCORE/1027/3/17/MOD/normalized",224,3,44473.861607142855
"DIVCORE/1027/3/17/DIV/top-clear",212,3,47199.957547169812
"DIVCORE/1027/3/17/MOD/top-clear",211,3,47237.69194312796
"DIVCORE/1027/3/17/DIV/top-one",214,3,46544.042056074766
"DIVCORE/1027/3/17/MOD/top-one",213,3,46605.741784037556
"DIVCORE/1027/3/17/DIV/padded",222,3,44928.95945945946
"DIVCORE/1027/3/17/MOD/padded",221,3,44953.31674208145
"DIVCORE/1027/3/17/DIV/add-back",469,3,21414.85501066098
"DIVCORE/1027/3/17/MOD/add-back",468,3,21463.683760683762
"DIVCORE/1027/3/127/DIV/normalized",218,3,45609.48623853211
"DIVCORE/1027/3/127/MOD/normalized",218,3,45755.279816513765
"DIVCORE/1027/3/127/DIV/top-clear",222,3,44810.432432432433
"DIVCORE/1027/3/127/MOD/top-clear",221,3,44815.751131221718
"DIVCORE/1027/3/127/DIV/top-one",211,3,47348.777251184831
"DIVCORE/1027/3/127/MOD/top-one",210,3,47403.404761904763
"DIVCORE/1027/3/127/DIV/padded",216,3,46132
"DIVCORE/1027/3/127/MOD/padded",216,3,46197.328703703701
"DIVCORE/3/4/17/DIV/normalized",21739,3,19.275909655457934
"DIVCORE/3/4/17/MOD/normalized",21739,3,15.511983071898431
"DIVCORE/3/4/17/DIV/top-clear",21739,3,19.279819678918074
"DIVCORE/3/4/17/MOD/top-clear",21739,3,15.272735636413818
"DIVCORE/3/4/17/DIV/top-one",21739,3,19.150788904733428
"DIVCORE/3/4/17/MOD/top-one",21739,3,15.289847739086435
"DIVCORE/3/4/17/DIV/padded",21739,3,19.225861355168131
"DIVCORE/3/4/17/MOD/padded",21739,3,15.410322461934772
"DIVCORE/3/4/127/DIV/normalized",21739,3,19.144716868301209
"DIVCORE/3/4/127/MOD/normalized",21739,3,15.265789594737569
"DIVCORE/3/4/127/DIV/top-clear",21739,3,19.332167993007957
"DIVCORE/3/4/127/MOD/top-clear",21739,3,15.385482312893878
"DIVCORE/3/4/127/DIV/top-one",21739,3,19.357790146740882
"DIVCORE/3/4/127/MOD/top-one",21739,3,15.303601821610929
"DIVCORE/3/4/127/DIV/padded",21739,3,19.145222871337229
"DIVCORE/3/4/127/MOD/padded",21739,3,15.412346474078845
"DIVCORE/4/4/17/DIV/normalized",20833,3,54.996015936254977
"DIVCORE/4/4/17/MOD/normalized",20833,3,51.459079345269522
"DIVCORE/4/4/17/DIV/top-clear",20833,3,98.044448711179385
"DIVCORE/4/4/17/MOD/top-clear",20833,3,99.109921758748143
"DIVCORE/4/4/17/DIV/top-one",20833,3,98.023232371717953
"DIVCORE/4/4/17/MOD/top-one",20833,3,99.966543464695434
"DIVCORE/4/4/17/DIV/padded",20833,3,54.904526472423562
"DIVCORE/4/4/17/MOD/padded",20833,3,51.484471751548021
"DIVCORE/4/4/127/DIV/normalized",20833,3,67.471031536504583
"DIVCORE/4/4/127/MOD/normalized",20833,3,62.790476647626363
"DIVCORE/4/4/127/DIV/top-clear",20833,3,98.126194019104304
"DIVCORE/4/4/127/MOD/top-clear",20833,3,99.208035328565259
"DIVCORE/4/4/127/DIV/top-one",20833,3,98.133010128162056
"DIVCORE/4/4/127/MOD/top-one",20833,3,99.779196467143478
"DIVCORE/4/4/127/DIV/padded",20833,3,67.513800220803532
"DIVCORE/4/4/127/MOD/padded",20833,3,62.859933758940144
"DIVCORE/5/4/17/DIV/normalized",20000,3,111.86315
"DIVCORE/5/4/17/MOD/normalized",20000,3,111.16245000000001
"DIVCORE/5/4/17/DIV/top-clear",20000,3,141.3663
"DIVCORE/5/4/17/MOD/top-clear",20000,3,145.93084999999999
"DIVCORE/5/4/17/DIV/top-one",20000,3,141.1942
"DIVCORE/5/4/17/MOD/top-one",20000,3,147.23445000000001
"DIVCORE/5/4/17/DIV/padded",20000,3,112.13764999999999
"DIVCORE/5/4/17/MOD/padded",20000,3,111.55725
"DIVCORE/5/4/17/DIV/add-back",20000,3,82.475549999999998
"DIVCORE/5/4/17/MOD/add-back",20000,3,81.067250000000001
"DIVCORE/5/4/127/DIV/normalized",20000,3,109.184
"DIVCORE/5/4/127/MOD/normalized",20000,3,109.48865000000001
"DIVCORE/5/4/127/DIV/top-clear",20000,3,142.82095000000001
"DIVCORE/5/4/127/MOD/top-clear",20000,3,147.6756
"DIVCORE/5/4/127/DIV/top-one",20000,3,140.47094999999999
"DIVCORE/5/4/127/MOD/top-one",20000,3,146.23390000000001
"DIVCORE/5/4/127/DIV/padded",20000,3,110.2175
"DIVCORE/5/4/127/MOD/padded",20000,3,110.29285
"DIVCORE/8/4/17/DIV/normalized",17857,3,241.81839054712438
"DIVCORE/8/4/17/MOD/normalized",17857,3,241.28353026824215
"DIVCORE/8/4/17/DIV/top-clear",17857,3,278.34893879151031
"DIVCORE/8/4/17/MOD/top-clear",17857,3,284.05969647757183
"DIVCORE/8/4/17/DIV/top-one",17857,3,278.83911071288571
"DIVCORE/8/4/17/MOD/top-one",17857,3,282.15904127233017
"DIVCORE/8/4/17/DIV/padded",17857,3,245.04177633421068
"DIVCORE/8/4/17/MOD/padded",17857,3,244.08383267066137
"DIVCORE/8/4/17/DIV/add-back",17857,3,152.73640589124713
"DIVCORE/8/4/17/MOD/add-back",17857,3,152.71529372234977
"DIVCORE/8/4/127/DIV/normalized",17857,3,241.46373970991769
"DIVCORE/8/4/127/MOD/normalized",17857,3,241.50814806518451
"DIVCORE/8/4/127/DIV/top-clear",17857,3,276.85025480203842
"DIVCORE/8/4/127/MOD/top-clear",17857,3,283.08461667693342
"DIVCORE/8/4/127/DIV/top-one",17857,3,275.01024808198463
"DIVCORE/8/4/127/MOD/top-one",17857,3,280.75309402475222
"DIVCORE/8/4/127/DIV/padded",17857,3,244.53502828022624
"DIVCORE/8/4/127/MOD/padded",17857,3,244.17858542868342
"DIVCORE/16/4/17/DIV/normalized",13888,3,608.68137960829495
"DIVCORE/16/4/17/MOD/normalized",13888,3,608.83410138248848
"DIVCORE/16/4/17/DIV/top-clear",13888,3,665.21450172811058
"DIVCORE/16/4/17/MOD/top-clear",13888,3,669.73984735023043
"DIVCORE/16/4/17/DIV/top-one",13888,3,646.91150633640552
"DIVCORE/16/4/17/MOD/top-one",13888,3,656.62795218894007
"DIVCORE/16/4/17/DIV/padded",13888,3,614.91381048387098
"DIVCORE/16/4/17/MOD/padded",13888,3,613.72047811059906
"DIVCORE/16/4/17/DIV/add-back",13888,3,355.63630472350229
"DIVCORE/16/4/17/MOD/add-back",13888,3,354.31775633640552
"DIVCORE/16/4/127/DIV/normalized",13888,3,593.43966013824888
"DIVCORE/16/4/127/MOD/normalized",13888,3,593.52757776497697
"DIVCORE/16/4/127/DIV/top-clear",13888,3,650.52678571428567
"DIVCORE/16/4/127/MOD/top-clear",13888,3,655.34029377880188
"DIVCORE/16/4/127/DIV/top-one",13888,3,649.98977534562209
"DIVCORE/16/4/127/MOD/top-one",13888,3,650.71702188940094
"DIVCORE/16/4/127/DIV/padded",13888,3,599.18872407834101
"DIVCORE/16/4/127/MOD/padded",13888,3,598.76735311059906
"DIVCORE/36/4/17/DIV/normalized",8192,3,1599.4866943359375
"DIVCORE/36/4/17/MOD/normalized",8192,3,1599.6962890625
"DIVCORE/36/4/17/DIV/top-clear",8192,3,1632.1199951171875
"DIVCORE/36/4/17/MOD/top-clear",8192,3,1638.6873779296875
"DIVCORE/36/4/17/DIV/top-one",8192,3,1611.3634033203125
"DIVCORE/36/4/17/MOD/top-one",8192,3,1614.4320068359375
"DIVCORE/36/4/17/DIV/padded",8192,3,1601.373779296875
"DIVCORE/36/4/17/MOD/padded",8192,3,1603.7177734375
"DIVCORE/36/4/17/DIV/add-back",8928,3,832.03494623655911
"DIVCORE/36/4/17/MOD/add-back",8928,3,829.8016353046595
"DIVCORE/36/4/127/DIV/normalized",8192,3,1580.1474609375
"DIVCORE/36/4/127/MOD/normalized",8192,3,1579.8634033203125
"DIVCORE/36/4/127/DIV/top-clear",8192,3,1665.485107421875
"DIVCORE/36/4/127/MOD/top-clear",8192,3,1670.3763427734375
"DIVCORE/36/4/127/DIV/top-one",8192,3,1586.0955810546875
"DIVCORE/36/4/127/MOD/top-one",8192,3,1586.132568359375
"DIVCORE/36/4/127/DIV/padded",8192,3,1602.1461181640625
"DIVCORE/36/4/127/MOD/padded",8192,3,1596.231201171875
"DIVCORE/1028/4/17/DIV/normalized",205,3,48740.043902439022
"DIVCORE/1028/4/17/MOD/normalized",205,3,48733.760975609759
"DIVCORE/1028/4/17/DIV/top-clear",204,3,48827.48529411765
"DIVCORE/1028/4/17/MOD/top-clear",204,3,48895.215686274511
"DIVCORE/1028/4/17/DIV/top-one",205,3,48708.092682926828
"DIVCORE/1028/4/17/MOD/top-one",205,3,48772.512195121948
"DIVCORE/1028/4/17/DIV/padded",203,3,49211.384236453203
"DIVCORE/1028/4/17/MOD/padded",203,3,49180.108374384239
"DIVCORE/1028/4/17/DIV/add-back",408,3,24542.446078431374
"DIVCORE/1028/4/17/MOD/add-back",477,3,24556.895178197065
"DIVCORE/1028/4/127/DIV/normalized",204,3,48874.833333333336
"DIVCORE/1028/4/127/MOD/normalized",204,3,48878.01470588235
"DIVCORE/1028/4/127/DIV/top-clear",203,3,49140.827586206899
"DIVCORE/1028/4/127/MOD/top-clear",203,3,49214.152709359609
"DIVCORE/1028/4/127/DIV/top-one",211,3,47227.630331753557
"DIVCORE/1028/4/127/MOD/top-one",211,3,47288.696682464455
"DIVCORE/1028/4/127/DIV/padded",202,3,49330.044554455446
"DIVCORE/1028/4/127/MOD/padded",202,3,49496.480198019803
"DIVCORE/7/8/17/DIV/normalized",16129,3,19.370698741397483
"DIVCORE/7/8/17/MOD/normalized",16129,3,15.424762849525699
"DIVCORE/7/8/17/DIV/top-clear",16129,3,19.266352532705067
"DIVCORE/7/8/17/MOD/top-clear",16129,3,15.31967263934528
"DIVCORE/7/8/17/DIV/top-one",16129,3,19.260834521669043
"DIVCORE/7/8/17/MOD/top-one",16129,3,15.392150784301569
"DIVCORE/7/8/17/DIV/padded",16129,3,19.298716597433195
"DIVCORE/7/8/17/MOD/padded",16129,3,15.398102796205592
"DIVCORE/7/8/127/DIV/normalized",16129,3,19.280798561597123
"DIVCORE/7/8/127/MOD/normalized",16129,3,15.150598301196602
"DIVCORE/7/8/127/DIV/top-clear",16129,3,19.448198896397791
"DIVCORE/7/8/127/MOD/top-clear",16129,3,15.409076818153636
"DIVCORE/7/8/127/DIV/top-one",16129,3,19.121706243412486
"DIVCORE/7/8/127/MOD/top-one",16129,3,15.404116808233617
"DIVCORE/7/8/127/DIV/padded",16129,3,19.347572695145391
"DIVCORE/7/8/127/MOD/padded",16129,3,15.132866265732531
"DIVCORE/8/8/17/DIV/normalized",15625,3,54.839295999999997
"DIVCORE/8/8/17/MOD/normalized",15625,3,51.594880000000003
"DIVCORE/8/8/17/DIV/top-clear",15625,3,114.517312
"DIVCORE/8/8/17/MOD/top-clear",15625,3,120.83808000000001
"DIVCORE/8/8/17/DIV/top-one",15625,3,114.50752
"DIVCORE/8/8/17/MOD/top-one",15625,3,120.85497599999999
"DIVCORE/8/8/17/DIV/padded",15625,3,55.318719999999999
"DIVCORE/8/8/17/MOD/padded",15625,3,51.655231999999998
"DIVCORE/8/8/127/DIV/normalized",15625,3,55.697983999999998
"DIVCORE/8/8/127/MOD/normalized",15625,3,51.749375999999998
"DIVCORE/8/8/127/DIV/top-clear",15625,3,114.28665599999999
"DIVCORE/8/8/127/MOD/top-clear",15625,3,120.78521600000001
"DIVCORE/8/8/127/DIV/top-one",15625,3,114.484736
"DIVCORE/8/8/127/MOD/top-one",15625,3,120.33587199999999
"DIVCORE/8/8/127/DIV/padded",15625,3,54.634175999999997
"DIVCORE/8/8/127/MOD/padded",15625,3,51.23648
"DIVCORE/9/8/17/DIV/normalized",15151,3,107.89327437132863
"DIVCORE/9/8/17/MOD/normalized",15151,3,106.67038479308296
"DIVCORE/9/8/17/DIV/top-clear",15151,3,169.77466833872353
"DIVCORE/9/8/17/MOD/top-clear",15151,3,180.0871229621807
"DIVCORE/9/8/17/DIV/top-one",15151,3,169.04158141376806
"DIVCORE/9/8/17/MOD/top-one",15151,3,179.02461883704046
"DIVCORE/9/8/17/DIV/padded",15151,3,107.46518381624975
"DIVCORE/9/8/17/MOD/padded",15151,3,107.69170351791961
"DIVCORE/9/8/17/DIV/add-back",15151,3,94.157547356610124
"DIVCORE/9/8/17/MOD/add-back",15151,3,92.913537060260055
"DIVCORE/9/8/127/DIV/normalized",15151,3,107.07418652234176
"DIVCORE/9/8/127/MOD/normalized",15151,3,106.9150551118738
"DIVCORE/9/8/127/DIV/top-clear",15151,3,168.05973203088905
"DIVCORE/9/8/127/MOD/top-clear",15151,3,178.62213715266319
"DIVCORE/9/8/127/DIV/top-one",15151,3,167.03709326117087
"DIVCORE/9/8/127/MOD/top-one",15151,3,176.98277341429608
"DIVCORE/9/8/127/DIV/padded",15151,3,107.48029833014323
"DIVCORE/9/8/127/MOD/padded",15151,3,107.81750379512903
"DIVCORE/16/8/17/DIV/normalized",12500,3,481.16343999999998
"DIVCORE/16/8/17/MOD/normalized",12500,3,480.16064
"DIVCORE/16/8/17/DIV/top-clear",12500,3,558.62423999999999
"DIVCORE/16/8/17/MOD/top-clear",12500,3,568.30071999999996
"DIVCORE/16/8/17/DIV/top-one",12500,3,548.29079999999999
"DIVCORE/16/8/17/MOD/top-one",12500,3,558.58367999999996
"DIVCORE/16/8/17/DIV/padded",12500,3,485.91680000000002
"DIVCORE/16/8/17/MOD/padded",12500,3,484.40791999999999
"DIVCORE/16/8/17/DIV/add-back",12500,3,353.17968000000002
"DIVCORE/16/8/17/MOD/add-back",12500,3,352.68959999999998
"DIVCORE/16/8/127/DIV/normalized",12500,3,479.78392000000002
"DIVCORE/16/8/127/MOD/normalized",12500,3,479.34904
"DIVCORE/16/8/127/DIV/top-clear",12500,3,561.44352000000003
"DIVCORE/16/8/127/MOD/top-clear",12500,3,572.27192000000002
"DIVCORE/16/8/127/DIV/top-one",12500,3,557.28887999999995
"DIVCORE/16/8/127/MOD/top-one",12500,3,569.14495999999997
"DIVCORE/16/8/127/DIV/padded",12500,3,484.69600000000003
"DIVCORE/16/8/127/MOD/padded",12500,3,483.74455999999998
"DIVCORE/32/8/17/DIV/normalized",8192,3,1337.51416015625
"DIVCORE/32/8/17/MOD/normalized",8192,3,1335.8714599609375
"DIVCORE/32/8/17/DIV/top-clear",8192,3,1518.2333984375
"DIVCORE/32/8/17/MOD/top-clear",8192,3,1531.6541748046875
"DIVCORE/32/8/17/DIV/top-one",8192,3,1461.87353515625
"DIVCORE/32/8/17/MOD/top-one",8192,3,1459.204833984375
"DIVCORE/32/8/17/DIV/padded",8192,3,1348.1416015625
"DIVCORE/32/8/17/MOD/padded",8192,3,1350.4371337890625
"DIVCORE/32/8/17/DIV/add-back",8928,3,922.73084677419354
"DIVCORE/32/8/17/MOD/add-back",8928,3,921.07795698924735
"DIVCORE/32/8/127/DIV/normalized",8192,3,1399.60302734375
"DIVCORE/32/8/127/MOD/normalized",8192,3,1397.292236328125
"DIVCORE/32/8/127/DIV/top-clear",8192,3,1542.1197509765625
"DIVCORE/32/8/127/MOD/top-clear",8192,3,1554.708740234375
"DIVCORE/32/8/127/DIV/top-one",8192,3,1403.376953125
"DIVCORE/32/8/127/MOD/top-one",8192,3,1439.140380859375
"DIVCORE/32/8/127/DIV/padded",8192,3,1416.6680908203125
"DIVCORE/32/8/127/MOD/padded",8192,3,1412.0521240234375
"DIVCORE/40/8/17/DIV/normalized",7812,3,1780.2713773681517
"DIVCORE/40/8/17/MOD/normalized",7812,3,1777.239247311828
"DIVCORE/40/8/17/DIV/top-clear",7812,3,1974.7073732718893
"DIVCORE/40/8/17/MOD/top-clear",7812,3,1986.1515616999488
"DIVCORE/40/8/17/DIV/top-one",7812,3,1891.6835637480799
"DIVCORE/40/8/17/MOD/top-one",7812,3,1908.7812339989759
"DIVCORE/40/8/17/DIV/padded",7812,3,1802.5358422939069
"DIVCORE/40/8/17/MOD/padded",7812,3,1803.9583973374297
"DIVCORE/40/8/17/DIV/add-back",7812,3,1215.4994879672299
"DIVCORE/40/8/17/MOD/add-back",7812,3,1205.6925243215567
"DIVCORE/40/8/127/DIV/normalized",7812,3,1806.6018945212493
"DIVCORE/40/8/127/MOD/normalized",7812,3,1808.2743215565797
"DIVCORE/40/8/127/DIV/top-clear",7812,3,1977.2479518689197
"DIVCORE/40/8/127/MOD/top-clear",7812,3,1971.2644649257552
"DIVCORE/40/8/127/DIV/top-one",7812,3,1879.3882488479262
"DIVCORE/40/8/127/MOD/top-one",7812,3,1890.3571428571429
"DIVCORE/40/8/127/DIV/padded",7812,3,1828.791986687148
"DIVCORE/40/8/127/MOD/padded",7812,3,1829.8862007168459
"DIVCORE/1032/8/17/DIV/normalized",181,3,55401.508287292818
"DIVCORE/1032/8/17/MOD/normalized",180,3,55514.216666666667
"DIVCORE/1032/8/17/DIV/top-clear",171,3,58514.526315789473
"DIVCORE/1032/8/17/MOD/top-clear",171,3,58639.818713450295
"DIVCORE/1032/8/17/DIV/top-one",179,3,55914.307262569833
"DIVCORE/1032/8/17/MOD/top-one",179,3,56627.916201117318
"DIVCORE/1032/8/17/DIV/padded",179,3,55909.972067039103
"DIVCORE/1032/8/17/MOD/padded",179,3,55954.983240223461
"DIVCORE/1032/8/17/DIV/add-back",473,3,36708.41860465116
"DIVCORE/1032/8/17/MOD/add-back",273,3,36815.992673992674
"DIVCORE/1032/8/127/DIV/normalized",177,3,56573.333333333336
"DIVCORE/1032/8/127/MOD/normalized",177,3,56459
"DIVCORE/1032/8/127/DIV/top-clear",169,3,59126.366863905329
"DIVCORE/1032/8/127/MOD/top-clear",169,3,59158.514792899405
"DIVCORE/1032/8/127/DIV/top-one",181,3,55170.790055248617
"DIVCORE/1032/8/127/MOD/top-one",181,3,55236.226519337019
"DIVCORE/1032/8/127/DIV/padded",350,3,56996.182857142856
"DIVCORE/1032/8/127/MOD/padded",350,3,57014.514285714286
"DIVCORE/15/16/17/DIV/normalized",10638,3,20.768283511938336
"DIVCORE/15/16/17/MOD/normalized",10638,3,15.797330325249106
"DIVCORE/15/16/17/DIV/top-clear",10638,3,19.51551043429216
"DIVCORE/15/16/17/MOD/top-clear",10638,3,15.466817070877985
"DIVCORE/15/16/17/DIV/top-one",10638,3,19.519834555367549
"DIVCORE/15/16/17/MOD/top-one",10638,3,15.458168828727205
"DIVCORE/15/16/17/DIV/padded",10638,3,19.509964278999814
"DIVCORE/15/16/17/MOD/padded",10638,3,15.524816694867456
"DIVCORE/15/16/127/DIV/normalized",10638,3,19.929780033840949
"DIVCORE/15/16/127/MOD/normalized",10638,3,15.437958262831359
"DIVCORE/15/16/127/DIV/top-clear",10638,3,19.892648994171836
"DIVCORE/15/16/127/MOD/top-clear",10638,3,15.46418499717992
"DIVCORE/15/16/127/DIV/top-one",10638,3,19.522936642225982
"DIVCORE/15/16/127/MOD/top-one",10638,3,15.502162060537694
"DIVCORE/15/16/127/DIV/padded",10638,3,19.615059221658207
"DIVCORE/15/16/127/MOD/padded",10638,3,15.513066365858244
"DIVCORE/16/16/17/DIV/normalized",10416,3,56.754128264208909
"DIVCORE/16/16/17/MOD/normalized",10416,3,51.74663978494624
"DIVCORE/16/16/17/DIV/top-clear",10416,3,150.68874807987712
"DIVCORE/16/16/17/MOD/top-clear",10416,3,163.72667050691246
"DIVCORE/16/16/17/DIV/top-one",10416,3,152.28408218125961
"DIVCORE/16/16/17/MOD/top-one",10416,3,165.94930875576037
"DIVCORE/16/16/17/DIV/padded",10416,3,56.495391705069125
"DIVCORE/16/16/17/MOD/padded",10416,3,51.585637480798773
"DIVCORE/16/16/127/DIV/normalized",10416,3,94.221678187403995
"DIVCORE/16/16/127/MOD/normalized",10416,3,88.897561443932418
"DIVCORE/16/16/127/DIV/top-clear",10416,3,150.56365207373273
"DIVCORE/16/16/127/MOD/top-clear",10416,3,163.87663210445467
"DIVCORE/16/16/127/DIV/top-one",10416,3,152.25163210445467
"DIVCORE/16/16/127/MOD/top-one",10416,3,165.65447388632873
"DIVCORE/16/16/127/DIV/padded",10416,3,93.706317204301072
"DIVCORE/16/16/127/MOD/padded",10416,3,88.954589093701998
"DIVCORE/17/16/17/DIV/normalized",10204,3,162.23961191689534
"DIVCORE/17/16/17/MOD/normalized",10204,3,161.17953743629948
"DIVCORE/17/16/17/DIV/top-clear",10204,3,221.59780478243826
"DIVCORE/17/16/17/MOD/top-clear",10204,3,238.47961583692668
"DIVCORE/17/16/17/DIV/top-one",10204,3,222.58682869462956
"DIVCORE/17/16/17/MOD/top-one",10204,3,240.14239513916112
"DIVCORE/17/16/17/DIV/padded",10204,3,162.67600940807526
"DIVCORE/17/16/17/MOD/padded",10204,3,162.36799294394356
"DIVCORE/17/16/17/DIV/add-back",10204,3,118.64504116032928
"DIVCORE/17/16/17/MOD/add-back",10204,3,116.27616620932967
"DIVCORE/17/16/127/DIV/normalized",10204,3,161.94296354370834
"DIVCORE/17/16/127/MOD/normalized",10204,3,161.17473539788318
"DIVCORE/17/16/127/DIV/top-clear",10204,3,239.31928655429243
"DIVCORE/17/16/127/MOD/top-clear",10204,3,248.31615052920424
"DIVCORE/17/16/127/DIV/top-one",10204,3,240.77381419051352
"DIVCORE/17/16/127/MOD/top-one",10204,3,248.65934927479421
"DIVCORE/17/16/127/DIV/padded",10204,3,162.78665229321834
"DIVCORE/17/16/127/MOD/padded",10204,3,161.8858290866327
"DIVCORE/32/16/17/DIV/normalized",7812,3,1177.6822836661547
"DIVCORE/32/16/17/MOD/normalized",7812,3,1177.273937532002
"DIVCORE/32/16/17/DIV/top-clear",7812,3,1303.7900665642601
"DIVCORE/32/16/17/MOD/top-clear",7812,3,1320.7767537122377
"DIVCORE/32/16/17/DIV/top-one",7812,3,1357.8626472094213
"DIVCORE/32/16/17/MOD/top-one",7812,3,1373.0915258576549
"DIVCORE/32/16/17/DIV/padded",7812,3,1186.8206605222733
"DIVCORE/32/16/17/MOD/padded",7812,3,1184.9694060419868
"DIVCORE/32/16/17/DIV/add-back",7812,3,1019.6030465949821
"DIVCORE/32/16/17/MOD/add-back",7812,3,1024.9306195596519
"DIVCORE/32/16/127/DIV/normalized",7812,3,1261.1821556579621
"DIVCORE/32/16/127/MOD/normalized",7812,3,1262.423835125448
"DIVCORE/32/16/127/DIV/top-clear",7812,3,1340.6272401433691
"DIVCORE/32/16/127/MOD/top-clear",7812,3,1354.35547875064
"DIVCORE/32/16/127/DIV/top-one",7812,3,1353.2741935483871
"DIVCORE/32/16/127/MOD/top-one",7812,3,1365.8886328725039
"DIVCORE/32/16/127/DIV/padded",7812,3,1270.8557347670251
"DIVCORE/32/16/127/MOD/padded",7812,3,1273.2968509984639
"DIVCORE/48/16/17/DIV/normalized",6250,3,2334.0148800000002
"DIVCORE/48/16/17/MOD/normalized",6250,3,2329.3593599999999
"DIVCORE/48/16/17/DIV/top-clear",6250,3,2505.6779200000001
"DIVCORE/48/16/17/MOD/top-clear",3961,3,2518.8081292602878
"DIVCORE/48/16/17/DIV/top-one",3872,3,2586.5082644628101
"DIVCORE/48/16/17/MOD/top-one",3844,3,2601.2473985431843
"DIVCORE/48/16/17/DIV/padded",6250,3,2357.0694400000002
"DIVCORE/48/16/17/MOD/padded",6250,3,2358.8289599999998
"DIVCORE/48/16/17/DIV/add-back",6250,3,2023.8368
"DIVCORE/48/16/17/MOD/add-back",6250,3,2016.6448
"DIVCORE/48/16/127/DIV/normalized",6250,3,2447.3363199999999
"DIVCORE/48/16/127/MOD/normalized",6250,3,2448.19488
"DIVCORE/48/16/127/DIV/top-clear",6250,3,2561.1363200000001
"DIVCORE/48/16/127/MOD/top-clear",6250,3,2577.3702400000002
"DIVCORE/48/16/127/DIV/top-one",6250,3,2612.0985599999999
"DIVCORE/48/16/127/MOD/top-one",6250,3,2632.9508799999999
"DIVCORE/48/16/127/DIV/padded",4048,3,2472.411561264822
"DIVCORE/48/16/127/MOD/padded",6250,3,2471.1540799999998
"DIVCORE/64/16/17/DIV/normalized",5208,3,3462.4556451612902
"DIVCORE/64/16/17/MOD/normalized",5208,3,3458.3652073732719
"DIVCORE/64/16/17/DIV/top-clear",5208,3,3640.5631720430106
"DIVCORE/64/16/17/MOD/top-clear",2744,3,3664.1140670553937
"DIVCORE/64/16/17/DIV/top-one",5208,3,3753.8665514592935
"DIVCORE/64/16/17/MOD/top-one",2655,3,3770.8387947269302
"DIVCORE/64/16/17/DIV/padded",2865,3,3494.2363001745202
"DIVCORE/64/16/17/MOD/padded",2870,3,3495.7372822299653
"DIVCORE/64/16/17/DIV/add-back",3368,3,2988.3809382422801
"DIVCORE/64/16/17/MOD/add-back",5208,3,2995.3502304147464
"DIVCORE/64/16/127/DIV/normalized",5208,3,3609.2165898617513
"DIVCORE/64/16/127/MOD/normalized",2776,3,3610.886167146974
"DIVCORE/64/16/127/DIV/top-clear",5208,3,3777.3108678955455
"DIVCORE/64/16/127/MOD/top-clear",5208,3,3795.1912442396315
"DIVCORE/64/16/127/DIV/top-one",2645,3,3795.5769376181474
"DIVCORE/64/16/127/MOD/top-one",5208,3,3819.5203533026115
"DIVCORE/64/16/127/DIV/padded",2757,3,3639.8654334421472
"DIVCORE/64/16/127/MOD/padded",5208,3,3657.1872119815666
"DIVCORE/1040/16/17/DIV/normalized",141,3,71353.425531914894
"DIVCORE/1040/16/17/MOD/normalized",141,3,71458.43262411347
"DIVCORE/1040/16/17/DIV/top-clear",138,3,72704.369565217392
"DIVCORE/1040/16/17/MOD/top-clear",138,3,72768.014492753617
"DIVCORE/1040/16/17/DIV/top-one",132,3,75946.939393939392
"DIVCORE/1040/16/17/MOD/top-one",132,3,76186.909090909088
"DIVCORE/1040/16/17/DIV/padded",140,3,72009.771428571432
"DIVCORE/1040/16/17/MOD/padded",140,3,71905.192857142858
"DIVCORE/1040/16/17/DIV/add-back",164,3,61197.006097560974
"DIVCORE/1040/16/17/MOD/add-back",164,3,60968.987804878052
"DIVCORE/1040/16/127/DIV/normalized",135,3,74377.866666666669
"DIVCORE/1040/16/127/MOD/normalized",135,3,74259.874074074076
"DIVCORE/1040/16/127/DIV/top-clear",131,3,76534.435114503824
"DIVCORE/1040/16/127/MOD/top-clear",131,3,76615.106870229007
"DIVCORE/1040/16/127/DIV/top-one",130,3,77367.830769230772
"DIVCORE/1040/16/127/MOD/top-one",130,3,77288.13846153846
"DIVCORE/1040/16/127/DIV/padded",134,3,74688.604477611938
"DIVCORE/1040/16/127/MOD/padded",134,3,74704.074626865666
"DIVCORE/31/32/17/DIV/normalized",6329,3,21.817506715120871
"DIVCORE/31/32/17/MOD/normalized",6329,3,17.848475272554907
"DIVCORE/31/32/17/DIV/top-clear",6329,3,21.392163058935061
"DIVCORE/31/32/17/MOD/top-clear",6329,3,17.790488228788117
"DIVCORE/31/32/17/DIV/top-one",6329,3,21.367988623795227
"DIVCORE/31/32/17/MOD/top-one",6329,3,17.797756359614475
"DIVCORE/31/32/17/DIV/padded",6329,3,21.321219781956074
"DIVCORE/31/32/17/MOD/padded",6329,3,17.883077895402117
"DIVCORE/31/32/127/DIV/normalized",6329,3,21.348396271132881
"DIVCORE/31/32/127/MOD/normalized",6329,3,17.744983409701376
"DIVCORE/31/32/127/DIV/top-clear",6329,3,21.898878179807237
"DIVCORE/31/32/127/MOD/top-clear",6329,3,18.342708168747038
"DIVCORE/31/32/127/DIV/top-one",6329,3,21.864907568336228
"DIVCORE/31/32/127/MOD/top-one",6329,3,17.76931584768526
"DIVCORE/31/32/127/DIV/padded",6329,3,21.362774529941539
"DIVCORE/31/32/127/MOD/padded",6329,3,17.699478590614632
"DIVCORE/32/32/17/DIV/normalized",6250,3,128.94416000000001
"DIVCORE/32/32/17/MOD/normalized",6250,3,123.76336000000001
"DIVCORE/32/32/17/DIV/top-clear",6250,3,222.94304
"DIVCORE/32/32/17/MOD/top-clear",6250,3,253.98159999999999
"DIVCORE/32/32/17/DIV/top-one",6250,3,224.00832
"DIVCORE/32/32/17/MOD/top-one",6250,3,255.15376000000001
"DIVCORE/32/32/17/DIV/padded",6250,3,128.85311999999999
"DIVCORE/32/32/17/MOD/padded",6250,3,123.89328
"DIVCORE/32/32/127/DIV/normalized",6250,3,129.53247999999999
"DIVCORE/32/32/127/MOD/normalized",6250,3,123.47792
"DIVCORE/32/32/127/DIV/top-clear",6250,3,223.59263999999999
"DIVCORE/32/32/127/MOD/top-clear",6250,3,254.05279999999999
"DIVCORE/32/32/127/DIV/top-one",6250,3,223.36320000000001
"DIVCORE/32/32/127/MOD/top-one",6250,3,254.82159999999999
"DIVCORE/32/32/127/DIV/padded",6250,3,128.57712000000001
"DIVCORE/32/32/127/MOD/padded",6250,3,124.06608
"DIVCORE/33/32/17/DIV/normalized",6172,3,161.31950745301361
"DIVCORE/33/32/17/MOD/normalized",6172,3,161.20301360985093
"DIVCORE/33/32/17/DIV/top-clear",6172,3,342.18859364873623
"DIVCORE/33/32/17/MOD/top-clear",6172,3,384.60450421257292
"DIVCORE/33/32/17/DIV/top-one",6172,3,346.83506156837331
"DIVCORE/33/32/17/MOD/top-one",6172,3,380.92190537913154
"DIVCORE/33/32/17/DIV/padded",6172,3,163.25388852883992
"DIVCORE/33/32/17/MOD/padded",6172,3,161.46095268956577
"DIVCORE/33/32/17/DIV/add-back",6172,3,167.51166558651977
"DIVCORE/33/32/17/MOD/add-back",6172,3,165.78418664938431
"DIVCORE/33/32/127/DIV/normalized",6172,3,244.62378483473753
"DIVCORE/33/32/127/MOD/normalized",6172,3,244.95463383020092
"DIVCORE/33/32/127/DIV/top-clear",6172,3,343.550874918989
"DIVCORE/33/32/127/MOD/top-clear",6172,3,383.59445884640309
"DIVCORE/33/32/127/DIV/top-one",6172,3,344.30524951393392
"DIVCORE/33/32/127/MOD/top-one",6172,3,384.99740764744007
"DIVCORE/33/32/127/DIV/padded",6172,3,245.49886584575503
"DIVCORE/33/32/127/MOD/padded",6172,3,242.96727154893065
"DIVCORE/64/32/17/DIV/normalized",2826,3,3543.1832979476289
"DIVCORE/64/32/17/MOD/normalized",2827,3,3549.1552882914752
"DIVCORE/64/32/17/DIV/top-clear",2679,3,3736.9305711086226
"DIVCORE/64/32/17/MOD/top-clear",4464,3,3767.3617831541219
"DIVCORE/64/32/17/DIV/top-one",4464,3,3698.3799283154121
"DIVCORE/64/32/17/MOD/top-one",4464,3,3735.7547043010754
"DIVCORE/64/32/17/DIV/padded",4464,3,3566.6052867383514
"DIVCORE/64/32/17/MOD/padded",2812,3,3577.4559032716929
"DIVCORE/64/32/17/DIV/add-back",4464,3,3556.2831541218638
"DIVCORE/64/32/17/MOD/add-back",4464,3,3557.0329301075267
"DIVCORE/64/32/127/DIV/normalized",4464,3,3574.9070340501794
"DIVCORE/64/32/127/MOD/normalized",4464,3,3575.6209677419356
"DIVCORE/64/32/127/DIV/top-clear",4464,3,3757.7712813620074
"DIVCORE/64/32/127/MOD/top-clear",4464,3,3796.2771057347672
"DIVCORE/64/32/127/DIV/top-one",4464,3,3796.5143369175626
"DIVCORE/64/32/127/MOD/top-one",4464,3,3830.7188620071684
"DIVCORE/64/32/127/DIV/padded",4464,3,3596.6875
"DIVCORE/64/32/127/MOD/padded",2780,3,3597.8845323741007
"DIVCORE/128/32/17/DIV/normalized",1024,3,10239.271484375
"DIVCORE/128/32/17/MOD/normalized",1024,3,10231.69140625
"DIVCORE/128/32/17/DIV/top-clear",1024,3,10555.123046875
"DIVCORE/128/32/17/MOD/top-clear",1024,3,10577.6201171875
"DIVCORE/128/32/17/DIV/top-one",1024,3,10427.65234375
"DIVCORE/128/32/17/MOD/top-one",1024,3,10473.2265625
"DIVCORE/128/32/17/DIV/padded",1024,3,10295.623046875
"DIVCORE/128/32/17/MOD/padded",1024,3,10296.0830078125
"DIVCORE/128/32/17/DIV/add-back",1024,3,10438.3369140625
"DIVCORE/128/32/17/MOD/add-back",1024,3,10427.564453125
"DIVCORE/128/32/127/DIV/normalized",1024,3,10329.17578125
"DIVCORE/128/32/127/MOD/normalized",1024,3,10320.9970703125
"DIVCORE/128/32/127/DIV/top-clear",1024,3,10727.7060546875
"DIVCORE/128/32/127/MOD/top-clear",1024,3,10759.248046875
"DIVCORE/128/32/127/DIV/top-one",1024,3,10825.9365234375
"DIVCORE/128/32/127/MOD/top-one",1024,3,10836.8134765625
"DIVCORE/128/32/127/DIV/padded",1024,3,10381.1142578125
"DIVCORE/128/32/127/MOD/padded",1024,3,10384.4384765625
"DIVCORE/1056/32/17/DIV/normalized",128,3,106890.4921875
"DIVCORE/1056/32/17/MOD/normalized",128,3,106949.28125
"DIVCORE/1056/32/17/DIV/top-clear",128,3,109787.2265625
"DIVCORE/1056/32/17/MOD/top-clear",128,3,109870.328125
"DIVCORE/1056/32/17/DIV/top-one",128,3,108627.5390625
"DIVCORE/1056/32/17/MOD/top-one",128,3,108774.5546875
"DIVCORE/1056/32/17/DIV/padded",128,3,107457.921875
"DIVCORE/1056/32/17/MOD/padded",128,3,107451.3046875
"DIVCORE/1056/32/17/DIV/add-back",128,3,110208.859375
"DIVCORE/1056/32/17/MOD/add-back",128,3,109994.046875
"DIVCORE/1056/32/127/DIV/normalized",128,3,108343.125
"DIVCORE/1056/32/127/MOD/normalized",128,3,108345.828125
"DIVCORE/1056/32/127/DIV/top-clear",128,3,111550.1953125
"DIVCORE/1056/32/127/MOD/top-clear",128,3,111453.8984375
"DIVCORE/1056/32/127/DIV/top-one",128,3,112267.3515625
"DIVCORE/1056/32/127/MOD/top-one",128,3,112304.328125
"DIVCORE/1056/32/127/DIV/padded",128,3,108871.90625
"DIVCORE/1056/32/127/MOD/padded",128,3,108929.84375
"DIVCORE/63/64/17/DIV/normalized",3496,3,23.403032036613272
"DIVCORE/63/64/17/MOD/normalized",3496,3,19.112128146453088
"DIVCORE/63/64/17/DIV/top-clear",3496,3,22.557494279176201
"DIVCORE/63/64/17/MOD/top-clear",3496,3,19.362986270022883
"DIVCORE/63/64/17/DIV/top-one",3496,3,22.522883295194507
"DIVCORE/63/64/17/MOD/top-one",3496,3,19.31779176201373
"DIVCORE/63/64/17/DIV/padded",3496,3,22.465675057208237
"DIVCORE/63/64/17/MOD/padded",3496,3,19.294336384439358
"DIVCORE/63/64/127/DIV/normalized",3496,3,23.051201372997713
"DIVCORE/63/64/127/MOD/normalized",3496,3,19.127574370709382
"DIVCORE/63/64/127/DIV/top-clear",3496,3,22.971967963386728
"DIVCORE/63/64/127/MOD/top-clear",3496,3,19.084096109839816
"DIVCORE/63/64/127/DIV/top-one",3496,3,22.957093821510298
"DIVCORE/63/64/127/MOD/top-one",3496,3,19.061212814645309
"DIVCORE/63/64/127/DIV/padded",3496,3,22.977402745995423
"DIVCORE/63/64/127/MOD/padded",3496,3,19.149599542334094
"DIVCORE/64/64/17/DIV/normalized",3472,3,61.812788018433181
"DIVCORE/64/64/17/MOD/normalized",3472,3,53.581221198156683
"DIVCORE/64/64/17/DIV/top-clear",3472,3,380.94038018433179
"DIVCORE/64/64/17/MOD/top-clear",3472,3,440.32747695852532
"DIVCORE/64/64/17/DIV/top-one",3472,3,381.19153225806451
"DIVCORE/64/64/17/MOD/top-one",3472,3,440.79982718894007
"DIVCORE/64/64/17/DIV/padded",3472,3,60.372983870967744
"DIVCORE/64/64/17/MOD/padded",3472,3,53.430299539170505
"DIVCORE/64/64/127/DIV/normalized",3472,3,210.68058755760367
"DIVCORE/64/64/127/MOD/normalized",3472,3,200.73387096774192
"DIVCORE/64/64/127/DIV/top-clear",3472,3,378.35397465437791
"DIVCORE/64/64/127/MOD/top-clear",3472,3,440.35109447004606
"DIVCORE/64/64/127/DIV/top-one",3472,3,377.71226958525347
"DIVCORE/64/64/127/MOD/top-one",3472,3,440.67857142857144
"DIVCORE/64/64/127/DIV/padded",3472,3,209.77534562211983
"DIVCORE/64/64/127/MOD/padded",3472,3,201.6932603686636
"DIVCORE/65/64/17/DIV/normalized",3448,3,399.48143851508121
"DIVCORE/65/64/17/MOD/normalized",3448,3,396.2024361948956
"DIVCORE/65/64/17/DIV/top-clear",3448,3,569.4388051044084
"DIVCORE/65/64/17/MOD/top-clear",3448,3,647.93996519721577
"DIVCORE/65/64/17/DIV/top-one",3448,3,569.18387470997675
"DIVCORE/65/64/17/MOD/top-one",3448,3,641.80539443155453
"DIVCORE/65/64/17/DIV/padded",3448,3,404.46258700696058
"DIVCORE/65/64/17/MOD/padded",3448,3,400.85585846867747
"DIVCORE/65/64/17/DIV/add-back",3448,3,283.82888631090486
"DIVCORE/65/64/17/MOD/add-back",3448,3,277.98752900232017
"DIVCORE/65/64/127/DIV/normalized",3448,3,398.77610208816708
"DIVCORE/65/64/127/MOD/normalized",3448,3,393.06496519721577
"DIVCORE/65/64/127/DIV/top-clear",3448,3,577.40516241299304
"DIVCORE/65/64/127/MOD/top-clear",3448,3,643.36484918793508
"DIVCORE/65/64/127/DIV/top-one",3448,3,574.22563805104403
"DIVCORE/65/64/127/MOD/top-one",3448,3,634.53335266821341
"DIVCORE/65/64/127/DIV/padded",3448,3,398.28248259860788
"DIVCORE/65/64/127/MOD/padded",3448,3,399.11745939675171
"DIVCORE/96/64/17/DIV/normalized",1668,3,5997.9280575539569
"DIVCORE/96/64/17/MOD/normalized",1671,3,6002.2681029323758
"DIVCORE/96/64/17/DIV/top-clear",1584,3,6308.0429292929293
"DIVCORE/96/64/17/MOD/top-clear",2840,3,6388.6056338028166
"DIVCORE/96/64/17/DIV/top-one",2840,3,6282.3852112676059
"DIVCORE/96/64/17/MOD/top-one",1576,3,6352.9447969543144
"DIVCORE/96/64/17/DIV/padded",2840,3,6020.4862676056337
"DIVCORE/96/64/17/MOD/padded",1664,3,6013.0384615384619
"DIVCORE/96/64/17/DIV/add-back",2812,3,7112.9587482219058
"DIVCORE/96/64/17/MOD/add-back",2820,3,7085.6709219858158
"DIVCORE/96/64/127/DIV/normalized",1685,3,5941.1602373887245
"DIVCORE/96/64/127/MOD/normalized",2840,3,5927.0390845070424
"DIVCORE/96/64/127/DIV/top-clear",1575,3,6346.4050793650795
"DIVCORE/96/64/127/MOD/top-clear",1557,3,6419.872190109184
"DIVCORE/96/64/127/DIV/top-one",1597,3,6261.5453976205381
"DIVCORE/96/64/127/MOD/top-one",2840,3,6326.7264084507042
"DIVCORE/96/64/127/DIV/padded",1678,3,5961.5607866507744
"DIVCORE/96/64/127/MOD/padded",2840,3,5955.7697183098589
"DIVCORE/128/64/17/DIV/normalized",1024,3,11893.4287109375
"DIVCORE/128/64/17/MOD/normalized",1024,3,11872.8701171875
"DIVCORE/128/64/17/DIV/top-clear",1024,3,12112.6669921875
"DIVCORE/128/64/17/MOD/top-clear",1024,3,12181.142578125
"DIVCORE/128/64/17/DIV/top-one",1024,3,12109.28125
"DIVCORE/128/64/17/MOD/top-one",1024,3,12178.9296875
"DIVCORE/128/64/17/DIV/padded",1024,3,11926.2509765625
"DIVCORE/128/64/17/MOD/padded",1024,3,11909.2001953125
"DIVCORE/128/64/17/DIV/add-back",1024,3,14067.40234375
"DIVCORE/128/64/17/MOD/add-back",1024,3,13982.8193359375
"DIVCORE/128/64/127/DIV/normalized",1024,3,11722.4599609375
"DIVCORE/128/64/127/MOD/normalized",1024,3,11712.4931640625
"DIVCORE/128/64/127/DIV/top-clear",1024,3,12291.265625
"DIVCORE/128/64/127/MOD/top-clear",1024,3,12356.720703125
"DIVCORE/128/64/127/DIV/top-one",1024,3,12117.4541015625
"DIVCORE/128/64/127/MOD/top-one",1024,3,12186.609375
"DIVCORE/128/64/127/DIV/padded",1024,3,11761.51953125
"DIVCORE/128/64/127/MOD/padded",1024,3,11738.66015625
"DIVCORE/256/64/17/DIV/normalized",284,3,35289.894366197186
"DIVCORE/256/64/17/MOD/normalized",284,3,35277.098591549293
"DIVCORE/256/64/17/DIV/top-clear",283,3,35421.141342756186
"DIVCORE/256/64/17/MOD/top-clear",282,3,35480.28014184397
"DIVCORE/256/64/17/DIV/top-one",282,3,35516.851063829788
"DIVCORE/256/64/17/MOD/top-one",282,3,35584.819148936171
"DIVCORE/256/64/17/DIV/padded",283,3,35391.689045936393
"DIVCORE/256/64/17/MOD/padded",283,3,35382.24028268551
"DIVCORE/256/64/17/DIV/add-back",482,3,41796.273858921159
"DIVCORE/256/64/17/MOD/add-back",239,3,41918.104602510459
"DIVCORE/256/64/127/DIV/normalized",287,3,34996.275261324045
"DIVCORE/256/64/127/MOD/normalized",286,3,34993.531468531466
"DIVCORE/256/64/127/DIV/top-clear",279,3,35925.741935483871
"DIVCORE/256/64/127/MOD/top-clear",278,3,36000.226618705034
"DIVCORE/256/64/127/DIV/top-one",283,3,35372.229681978795
"DIVCORE/256/64/127/MOD/top-one",283,3,35446.749116607774
"DIVCORE/256/64/127/DIV/padded",570,3,35613.629824561402
"DIVCORE/256/64/127/MOD/padded",570,3,39520.461403508772
"DIVCORE/1088/64/17/DIV/normalized",54,3,190653.83333333334
"DIVCORE/1088/64/17/MOD/normalized",54,3,187569.85185185185
"DIVCORE/1088/64/17/DIV/top-clear",54,3,186871.05555555556
"DIVCORE/1088/64/17/MOD/top-clear",54,3,187053.01851851851
"DIVCORE/1088/64/17/DIV/top-one",54,3,186953.75925925927
"DIVCORE/1088/64/17/MOD/top-one",54,3,187062.29629629629
"DIVCORE/1088/64/17/DIV/padded",54,3,188025.46296296295
"DIVCORE/1088/64/17/MOD/padded",54,3,188093.33333333334
"DIVCORE/1088/64/17/DIV/add-back",45,3,223349
"DIVCORE/1088/64/17/MOD/add-back",45,3,223533.02222222224
"DIVCORE/1088/64/127/DIV/normalized",108,3,185162.35185185185
"DIVCORE/1088/64/127/MOD/normalized",108,3,185238.02777777778
"DIVCORE/1088/64/127/DIV/top-clear",53,3,190815.71698113208
"DIVCORE/1088/64/127/MOD/top-clear",53,3,189570.05660377358
"DIVCORE/1088/64/127/DIV/top-one",54,3,186555.05555555556
"DIVCORE/1088/64/127/MOD/top-one",54,3,186671.72222222222
"DIVCORE/1088/64/127/DIV/padded",54,3,185908.57407407407
"DIVCORE/1088/64/127/MOD/padded",54,3,185708.8148148148
"DIVCORE/65536/64/17/DIV/normalized",1,3,12019036
"DIVCORE/65536/64/17/MOD/normalized",1,3,12019392
"DIVCORE/65536/64/17/DIV/top-one",1,3,11950039
"DIVCORE/65536/64/17/MOD/top-one",1,3,11949714
"DIVCORE/65536/64/17/DIV/add-back",1,3,14282065
"DIVCORE/65536/64/17/MOD/add-back",1,3,14283116
"DIVCORE/500000/64/17/DIV/normalized",1,3,91758001
"DIVCORE/500000/64/17/MOD/normalized",1,3,91765379
"DIVCORE/500000/64/17/DIV/top-one",1,3,91208451
"DIVCORE/500000/64/17/MOD/top-one",1,3,91142698
"DIVCORE/500000/64/17/DIV/add-back",1,3,109042592
"DIVCORE/500000/64/17/MOD/add-back",1,3,108915630
"DIVCORE/127/128/17/DIV/normalized",1845,3,43.584823848238486
"DIVCORE/127/128/17/MOD/normalized",1845,3,21.607588075880759
"DIVCORE/127/128/17/DIV/top-clear",1845,3,24.053658536585367
"DIVCORE/127/128/17/MOD/top-clear",1845,3,21.358265582655825
"DIVCORE/127/128/17/DIV/top-one",1845,3,24.690514905149051
"DIVCORE/127/128/17/MOD/top-one",1845,3,20.644986449864497
"DIVCORE/127/128/17/DIV/padded",1845,3,24.732249322493224
"DIVCORE/127/128/17/MOD/padded",1845,3,20.616802168021682
"DIVCORE/127/128/127/DIV/normalized",1845,3,24.050406504065041
"DIVCORE/127/128/127/MOD/normalized",1845,3,21.202168021680215
"DIVCORE/127/128/127/DIV/top-clear",1845,3,24.073170731707318
"DIVCORE/127/128/127/MOD/top-clear",1845,3,21.255284552845527
"DIVCORE/127/128/127/DIV/top-one",1845,3,24.00108401084011
"DIVCORE/127/128/127/MOD/top-one",1845,3,21.217886178861789
"DIVCORE/127/128/127/DIV/padded",1845,3,24.676964769647697
"DIVCORE/127/128/127/MOD/padded",1845,3,20.584281842818427
"DIVCORE/128/128/17/DIV/normalized",1838,3,74.63112078346029
"DIVCORE/128/128/17/MOD/normalized",1838,3,58.059847660500544
"DIVCORE/128/128/17/DIV/top-clear",1838,3,679.45157780195871
"DIVCORE/128/128/17/MOD/top-clear",1838,3,819.18443960826983
"DIVCORE/128/128/17/DIV/top-one",1838,3,679.16050054406969
"DIVCORE/128/128/17/MOD/top-one",1838,3,822.11371055495101
"DIVCORE/128/128/17/DIV/padded",1838,3,74.327529923830255
"DIVCORE/128/128/17/MOD/padded",1838,3,57.847660500544073
"DIVCORE/128/128/127/DIV/normalized",1838,3,354.66866158868334
"DIVCORE/128/128/127/MOD/normalized",1838,3,342.81392818280739
"DIVCORE/128/128/127/DIV/top-clear",1838,3,679.92219804134925
"DIVCORE/128/128/127/MOD/top-clear",1838,3,818.92600652883573
"DIVCORE/128/128/127/DIV/top-one",1838,3,679.23993471164306
"DIVCORE/128/128/127/MOD/top-one",1838,3,822.32045701849836
"DIVCORE/128/128/127/DIV/padded",1838,3,353.63329706202393
"DIVCORE/128/128/127/MOD/padded",1838,3,342.67627856365613
"DIVCORE/129/128/17/DIV/normalized",1831,3,682.1463681048607
"DIVCORE/129/128/17/MOD/normalized",1831,3,674.86237028945936
"DIVCORE/129/128/17/DIV/top-clear",1831,3,1013.613326051338
"DIVCORE/129/128/17/MOD/top-clear",1831,3,1156.4642271982523
"DIVCORE/129/128/17/DIV/top-one",1831,3,1013.3462588749318
"DIVCORE/129/128/17/MOD/top-one",1831,3,1155.176406335336
"DIVCORE/129/128/17/DIV/padded",1831,3,683.83670125614424
"DIVCORE/129/128/17/MOD/padded",1831,3,676.14855270344071
"DIVCORE/129/128/17/DIV/add-back",1831,3,483.64554888039322
"DIVCORE/129/128/17/MOD/add-back",1831,3,474.59748771163299
"DIVCORE/129/128/127/DIV/normalized",1831,3,679.45712725286728
"DIVCORE/129/128/127/MOD/normalized",1831,3,671.03713817586015
"DIVCORE/129/128/127/DIV/top-clear",1831,3,1003.2905516111415
"DIVCORE/129/128/127/MOD/top-clear",1831,3,1148.2550518842163
"DIVCORE/129/128/127/DIV/top-one",1831,3,1012.1753140360458
"DIVCORE/129/128/127/MOD/top-one",1831,3,1155.2812670671765
"DIVCORE/129/128/127/DIV/padded",1831,3,685.42927362097214
"DIVCORE/129/128/127/MOD/padded",1831,3,680.26269797924635
"DIVCORE/160/128/17/DIV/normalized",1024,3,10381.845703125
"DIVCORE/160/128/17/MOD/normalized",1024,3,10351.349609375
"DIVCORE/160/128/17/DIV/top-clear",1024,3,10942.634765625
"DIVCORE/160/128/17/MOD/top-clear",1024,3,11096.953125
"DIVCORE/160/128/17/DIV/top-one",1024,3,11038.046875
"DIVCORE/160/128/17/MOD/top-one",1024,3,11190.3798828125
"DIVCORE/160/128/17/DIV/padded",1024,3,10380.326171875
"DIVCORE/160/128/17/MOD/padded",1024,3,10382.505859375
"DIVCORE/160/128/17/DIV/add-back",1024,3,13220.7724609375
"DIVCORE/160/128/17/MOD/add-back",1024,3,13217.0615234375
"DIVCORE/160/128/127/DIV/normalized",1024,3,10365.9169921875
"DIVCORE/160/128/127/MOD/normalized",1024,3,10363.8544921875
"DIVCORE/160/128/127/DIV/top-clear",1024,3,10926.658203125
"DIVCORE/160/128/127/MOD/top-clear",1024,3,11073.8515625
"DIVCORE/160/128/127/DIV/top-one",1024,3,11073.0205078125
"DIVCORE/160/128/127/MOD/top-one",1024,3,11233.5693359375
"DIVCORE/160/128/127/DIV/padded",1024,3,10402.2490234375
"DIVCORE/160/128/127/MOD/padded",1024,3,10394.115234375
"DIVCORE/256/128/17/DIV/normalized",244,3,41040.290983606559
"DIVCORE/256/128/17/MOD/normalized",244,3,41018.762295081964
"DIVCORE/256/128/17/DIV/top-clear",241,3,41536.203319502078
"DIVCORE/256/128/17/MOD/top-clear",241,3,41669.298755186719
"DIVCORE/256/128/17/DIV/top-one",239,3,42044.974895397492
"DIVCORE/256/128/17/MOD/top-one",474,3,42181.073839662444
"DIVCORE/256/128/17/DIV/padded",244,3,41108.356557377047
"DIVCORE/256/128/17/MOD/padded",244,3,41096.168032786882
"DIVCORE/256/128/17/DIV/add-back",191,3,52468.539267015709
"DIVCORE/256/128/17/MOD/add-back",191,3,52450.958115183246
"DIVCORE/256/128/127/DIV/normalized",242,3,41375.338842975209
"DIVCORE/256/128/127/MOD/normalized",242,3,41412.85123966942
"DIVCORE/256/128/127/DIV/top-clear",242,3,41465.033057851237
"DIVCORE/256/128/127/MOD/top-clear",241,3,41585.248962655605
"DIVCORE/256/128/127/DIV/top-one",238,3,42106.5
"DIVCORE/256/128/127/MOD/top-one",237,3,42241.151898734177
"DIVCORE/256/128/127/DIV/padded",242,3,41435.041322314049
"DIVCORE/256/128/127/MOD/padded",242,3,41459.574380165286
"DIVCORE/512/128/17/DIV/normalized",128,3,122724.640625
"DIVCORE/512/128/17/MOD/normalized",128,3,122735.125
"DIVCORE/512/128/17/DIV/top-clear",128,3,123034.3984375
"DIVCORE/512/128/17/MOD/top-clear",128,3,123174.140625
"DIVCORE/512/128/17/DIV/top-one",128,3,124598.703125
"DIVCORE/512/128/17/MOD/top-one",128,3,124750.5625
"DIVCORE/512/128/17/DIV/padded",128,3,122909.0546875
"DIVCORE/512/128/17/MOD/padded",128,3,122986.2890625
"DIVCORE/512/128/17/DIV/add-back",64,3,157062.5
"DIVCORE/512/128/17/MOD/add-back",64,3,157048.421875
"DIVCORE/512/128/127/DIV/normalized",128,3,123292.6875
"DIVCORE/512/128/127/MOD/normalized",128,3,123297.03125
"DIVCORE/512/128/127/DIV/top-clear",128,3,122878.3671875
"DIVCORE/512/128/127/MOD/top-clear",128,3,123027.671875
"DIVCORE/512/128/127/DIV/top-one",128,3,124703.7578125
"DIVCORE/512/128/127/MOD/top-one",128,3,124894.8203125
"DIVCORE/512/128/127/DIV/padded",128,3,123502.75
"DIVCORE/512/128/127/MOD/padded",128,3,123509.6875
"DIVCORE/1152/128/17/DIV/normalized",31,3,327132.03225806454
"DIVCORE/1152/128/17/MOD/normalized",31,3,326991.41935483873
"DIVCORE/1152/128/17/DIV/top-clear",31,3,327029.67741935485
"DIVCORE/1152/128/17/MOD/top-clear",31,3,327145.87096774194
"DIVCORE/1152/128/17/DIV/top-one",31,3,330899.61290322582
"DIVCORE/1152/128/17/MOD/top-one",31,3,331112.19354838709
"DIVCORE/1152/128/17/DIV/padded",31,3,327675.77419354836
"DIVCORE/1152/128/17/MOD/padded",31,3,327565.87096774194
"DIVCORE/1152/128/17/DIV/add-back",24,3,418663.04166666669
"DIVCORE/1152/128/17/MOD/add-back",24,3,418595.16666666669
"DIVCORE/1152/128/127/DIV/normalized",31,3,328412.77419354836
"DIVCORE/1152/128/127/MOD/normalized",31,3,328223.93548387097
"DIVCORE/1152/128/127/DIV/top-clear",31,3,326394.29032258067
"DIVCORE/1152/128/127/MOD/top-clear",31,3,326491.51612903224
"DIVCORE/1152/128/127/DIV/top-one",31,3,331193.12903225806
"DIVCORE/1152/128/127/MOD/top-one",31,3,331473.58064516127
"DIVCORE/1152/128/127/DIV/padded",31,3,328868.93548387097
"DIVCORE/1152/128/127/MOD/padded",31,3,328756.61290322582
"DIVCORE/255/256/17/DIV/normalized",948,3,29.784810126582279
"DIVCORE/255/256/17/MOD/normalized",948,3,21.981012658227847
"DIVCORE/255/256/17/DIV/top-clear",948,3,25.726793248945146
"DIVCORE/255/256/17/MOD/top-clear",948,3,22.031645569620252
"DIVCORE/255/256/17/DIV/top-one",948,3,25.475738396624472
"DIVCORE/255/256/17/MOD/top-one",948,3,21.877637130801688
"DIVCORE/255/256/17/DIV/padded",948,3,25.602320675105485
"DIVCORE/255/256/17/MOD/padded",948,3,22.029535864978904
"DIVCORE/255/256/127/DIV/normalized",948,3,25.215189873417721
"DIVCORE/255/256/127/MOD/normalized",948,3,22.15295358649789
"DIVCORE/255/256/127/DIV/top-clear",948,3,25.375527426160339
"DIVCORE/255/256/127/MOD/top-clear",948,3,21.877637130801688
"DIVCORE/255/256/127/DIV/top-one",948,3,25.510548523206751
"DIVCORE/255/256/127/MOD/top-one",948,3,22.036919831223628
"DIVCORE/255/256/127/DIV/padded",948,3,25.317510548523206
"DIVCORE/255/256/127/MOD/padded",948,3,21.853375527426159
"DIVCORE/256/256/17/DIV/normalized",946,3,637.20401691331926
"DIVCORE/256/256/17/MOD/normalized",946,3,623.27061310782244
"DIVCORE/256/256/17/DIV/top-clear",946,3,1254.901691331924
"DIVCORE/256/256/17/MOD/top-clear",946,3,1530.090909090909
"DIVCORE/256/256/17/DIV/top-one",946,3,1257.7198731501057
"DIVCORE/256/256/17/MOD/top-one",946,3,1532.5285412262156
"DIVCORE/256/256/17/DIV/padded",946,3,636.31289640591967
"DIVCORE/256/256/17/MOD/padded",946,3,624.33192389006342
"DIVCORE/256/256/127/DIV/normalized",946,3,642.3604651162791
"DIVCORE/256/256/127/MOD/normalized",946,3,622.18816067653279
"DIVCORE/256/256/127/DIV/top-clear",946,3,1254.1638477801268
"DIVCORE/256/256/127/MOD/top-clear",946,3,1531.1934460887949
"DIVCORE/256/256/127/DIV/top-one",946,3,1254.5475687103594
"DIVCORE/256/256/127/MOD/top-one",946,3,1535.053911205074
"DIVCORE/256/256/127/DIV/padded",946,3,638.59302325581393
"DIVCORE/256/256/127/MOD/padded",946,3,626.21353065539108
"DIVCORE/257/256/17/DIV/normalized",945,3,1236.1280423280423
"DIVCORE/257/256/17/MOD/normalized",945,3,1232.8306878306878
"DIVCORE/257/256/17/DIV/top-clear",945,3,1907.0444444444445
"DIVCORE/257/256/17/MOD/top-clear",945,3,2140.0455026455024
"DIVCORE/257/256/17/DIV/top-one",945,3,1910.5396825396826
"DIVCORE/257/256/17/MOD/top-one",945,3,2145.4603174603176
"DIVCORE/257/256/17/DIV/padded",945,3,1246.2899470899472
"DIVCORE/257/256/17/MOD/padded",945,3,1230.9322751322752
"DIVCORE/257/256/17/DIV/add-back",945,3,872.60529100529095
"DIVCORE/257/256/17/MOD/add-back",945,3,862.32804232804233
"DIVCORE/257/256/127/DIV/normalized",945,3,1245.5724867724869
"DIVCORE/257/256/127/MOD/normalized",945,3,1226.0264550264551
"DIVCORE/257/256/127/DIV/top-clear",945,3,1900.5534391534391
"DIVCORE/257/256/127/MOD/top-clear",945,3,2131.3481481481481
"DIVCORE/257/256/127/DIV/top-one",945,3,1901.3386243386244
"DIVCORE/257/256/127/MOD/top-one",945,3,2134.4338624338625
"DIVCORE/257/256/127/DIV/padded",945,3,1240.9883597883597
"DIVCORE/257/256/127/MOD/padded",945,3,1232.7830687830688
"DIVCORE/288/256/17/DIV/normalized",892,3,19051.860986547086
"DIVCORE/288/256/17/MOD/normalized",892,3,19040.745515695067
"DIVCORE/288/256/17/DIV/top-clear",892,3,20310.139013452914
"DIVCORE/288/256/17/MOD/top-clear",486,3,20588.730452674896
"DIVCORE/288/256/17/DIV/top-one",892,3,20390.390134529149
"DIVCORE/288/256/17/MOD/top-one",484,3,20676.254132231406
"DIVCORE/288/256/17/DIV/padded",892,3,19084.560538116591
"DIVCORE/288/256/17/MOD/padded",892,3,19062.612107623318
"DIVCORE/288/256/17/DIV/add-back",393,3,25450.473282442748
"DIVCORE/288/256/17/MOD/add-back",393,3,25441.239185750637
"DIVCORE/288/256/127/DIV/normalized",511,3,19603.369863013697
"DIVCORE/288/256/127/MOD/normalized",511,3,19597.291585127201
"DIVCORE/288/256/127/DIV/top-clear",892,3,20278.159192825111
"DIVCORE/288/256/127/MOD/top-clear",487,3,20571.363449691991
"DIVCORE/288/256/127/DIV/top-one",892,3,20371.32399103139
"DIVCORE/288/256/127/MOD/top-one",485,3,20662.117525773196
"DIVCORE/288/256/127/DIV/padded",892,3,19637.790358744394
"DIVCORE/288/256/127/MOD/padded",510,3,19793.207843137254
"DIVCORE/512/256/17/DIV/normalized",128,3,151550.3046875
"DIVCORE/512/256/17/MOD/normalized",128,3,151567.921875
"DIVCORE/512/256/17/DIV/top-clear",128,3,153316.359375
"DIVCORE/512/256/17/MOD/top-clear",128,3,153607.6640625
"DIVCORE/512/256/17/DIV/top-one",128,3,153977.546875
"DIVCORE/512/256/17/MOD/top-one",128,3,154195.046875
"DIVCORE/512/256/17/DIV/padded",128,3,151682.8828125
"DIVCORE/512/256/17/MOD/padded",128,3,151698.2265625
"DIVCORE/512/256/17/DIV/add-back",50,3,202648.66
"DIVCORE/512/256/17/MOD/add-back",50,3,202659.07999999999
"DIVCORE/512/256/127/DIV/normalized",128,3,151546.4375
"DIVCORE/512/256/127/MOD/normalized",128,3,151543.921875
"DIVCORE/512/256/127/DIV/top-clear",128,3,153092.4296875
"DIVCORE/512/256/127/MOD/top-clear",128,3,153363.0078125
"DIVCORE/512/256/127/DIV/top-one",128,3,153927.6875
"DIVCORE/512/256/127/MOD/top-one",128,3,154233.5703125
"DIVCORE/512/256/127/DIV/padded",128,3,151686.9375
"DIVCORE/512/256/127/MOD/padded",128,3,151549.953125
"DIVCORE/1024/256/17/DIV/normalized",23,3,454184.08695652173
"DIVCORE/1024/256/17/MOD/normalized",23,3,453998.04347826086
"DIVCORE/1024/256/17/DIV/top-clear",22,3,456644.36363636365
"DIVCORE/1024/256/17/MOD/top-clear",22,3,457452.40909090912
"DIVCORE/1024/256/17/DIV/top-one",22,3,458902.63636363635
"DIVCORE/1024/256/17/MOD/top-one",22,3,459404.59090909088
"DIVCORE/1024/256/17/DIV/padded",22,3,454543.5
"DIVCORE/1024/256/17/MOD/padded",23,3,454753.5652173913
"DIVCORE/1024/256/17/DIV/add-back",17,3,607255.76470588241
"DIVCORE/1024/256/17/MOD/add-back",17,3,607385.5882352941
"DIVCORE/1024/256/127/DIV/normalized",23,3,454188.86956521741
"DIVCORE/1024/256/127/MOD/normalized",44,3,453894.61363636365
"DIVCORE/1024/256/127/DIV/top-clear",22,3,456277.77272727271
"DIVCORE/1024/256/127/MOD/top-clear",22,3,456595.81818181818
"DIVCORE/1024/256/127/DIV/top-one",22,3,459068.40909090912
"DIVCORE/1024/256/127/MOD/top-one",22,3,459463.59090909088
"DIVCORE/1024/256/127/DIV/padded",23,3,454318.95652173914
"DIVCORE/1024/256/127/MOD/padded",23,3,454520.26086956525
"DIVCORE/1280/256/17/DIV/normalized",17,3,605381.5294117647
"DIVCORE/1280/256/17/MOD/normalized",17,3,605303.5882352941
"DIVCORE/1280/256/17/DIV/top-clear",17,3,608324.9411764706
"DIVCORE/1280/256/17/MOD/top-clear",17,3,608710.4117647059
"DIVCORE/1280/256/17/DIV/top-one",17,3,611382.76470588241
"DIVCORE/1280/256/17/MOD/top-one",17,3,611746
"DIVCORE/1280/256/17/DIV/padded",17,3,605754
"DIVCORE/1280/256/17/MOD/padded",17,3,605809.29411764711
"DIVCORE/1280/256/17/DIV/add-back",16,3,810282.375
"DIVCORE/1280/256/17/MOD/add-back",16,3,809851.625
"DIVCORE/1280/256/127/DIV/normalized",17,3,605766.4705882353
"DIVCORE/1280/256/127/MOD/normalized",17,3,605774.82352941181
"DIVCORE/1280/256/127/DIV/top-clear",17,3,608161.5882352941
"DIVCORE/1280/256/127/MOD/top-clear",17,3,608475.1176470588
"DIVCORE/1280/256/127/DIV/top-one",17,3,612027.5294117647
"DIVCORE/1280/256/127/MOD/top-one",17,3,611879.29411764711
"DIVCORE/1280/256/127/DIV/padded",17,3,606262.3529411765
"DIVCORE/1280/256/127/MOD/padded",17,3,606269.23529411759
"DIVCORE/1023/1024/17/DIV/normalized",242,3,29.173553719008265
"DIVCORE/1023/1024/17/MOD/normalized",242,3,23.971074380165291
"DIVCORE/1023/1024/17/DIV/top-clear",242,3,27.75206611570248
"DIVCORE/1023/1024/17/MOD/top-clear",242,3,23.826446280991735
"DIVCORE/1023/1024/17/DIV/top-one",242,3,27.491735537190081
"DIVCORE/1023/1024/17/MOD/top-one",242,3,23.818181818181817
"DIVCORE/1023/1024/17/DIV/padded",242,3,27.371900826446282
"DIVCORE/1023/1024/17/MOD/padded",242,3,23.714876033057852
"DIVCORE/1023/1024/127/DIV/normalized",242,3,27.442148760330578
"DIVCORE/1023/1024/127/MOD/normalized",242,3,23.826446280991735
"DIVCORE/1023/1024/127/DIV/top-clear",242,3,27.103305785123968
"DIVCORE/1023/1024/127/MOD/top-clear",242,3,23.640495867768596
"DIVCORE/1023/1024/127/DIV/top-one",242,3,27.301652892561982
"DIVCORE/1023/1024/127/MOD/top-one",242,3,23.785123966942148
"DIVCORE/1023/1024/127/DIV/padded",242,3,27.140495867768596
"DIVCORE/1023/1024/127/MOD/padded",242,3,23.776859504132233
"DIVCORE/1024/1024/17/DIV/normalized",242,3,251.35123966942149
"DIVCORE/1024/1024/17/MOD/normalized",242,3,60.966942148760332
"DIVCORE/1024/1024/17/DIV/top-clear",242,3,4926.3099173553719
"DIVCORE/1024/1024/17/MOD/top-clear",242,3,5910.9504132231405
"DIVCORE/1024/1024/17/DIV/top-one",242,3,4922.7644628099169
"DIVCORE/1024/1024/17/MOD/top-one",242,3,5900.5330578512394
"DIVCORE/1024/1024/17/DIV/padded",242,3,238.14462809917356
"DIVCORE/1024/1024/17/MOD/padded",242,3,60.97933884297521
"DIVCORE/1024/1024/127/DIV/normalized",242,3,237.19421487603304
"DIVCORE/1024/1024/127/MOD/normalized",242,3,60.67768595041322
"DIVCORE/1024/1024/127/DIV/top-clear",242,3,4922.1446280991731
"DIVCORE/1024/1024/127/MOD/top-clear",242,3,5926.1033057851237
"DIVCORE/1024/1024/127/DIV/top-one",242,3,4921.1611570247933
"DIVCORE/1024/1024/127/MOD/top-one",242,3,5909.9958677685954
"DIVCORE/1024/1024/127/DIV/padded",242,3,238.36363636363637
"DIVCORE/1024/1024/127/MOD/padded",242,3,60.512396694214878
"DIVCORE/1025/1024/17/DIV/normalized",242,3,2524.6280991735539
"DIVCORE/1025/1024/17/MOD/normalized",242,3,2451.4710743801652
"DIVCORE/1025/1024/17/DIV/top-clear",242,3,7069.8223140495866
"DIVCORE/1025/1024/17/MOD/top-clear",242,3,8176.1033057851237
"DIVCORE/1025/1024/17/DIV/top-one",242,3,7248.1446280991731
"DIVCORE/1025/1024/17/MOD/top-one",242,3,8310.8595041322315
"DIVCORE/1025/1024/17/DIV/padded",242,3,2535
"DIVCORE/1025/1024/17/MOD/padded",242,3,2471.2727272727275
"DIVCORE/1025/1024/17/DIV/add-back",242,3,3552.0165289256197
"DIVCORE/1025/1024/17/MOD/add-back",242,3,3423.0743801652893
"DIVCORE/1025/1024/127/DIV/normalized",242,3,4946.0289256198348
"DIVCORE/1025/1024/127/MOD/normalized",242,3,4832.090909090909
"DIVCORE/1025/1024/127/DIV/top-clear",242,3,7267.6942148760327
"DIVCORE/1025/1024/127/MOD/top-clear",242,3,8298.053719008265
"DIVCORE/1025/1024/127/DIV/top-one",242,3,7265.7314049586776
"DIVCORE/1025/1024/127/MOD/top-one",242,3,8296.3760330578516
"DIVCORE/1025/1024/127/DIV/padded",242,3,4992.1198347107438
"DIVCORE/1025/1024/127/MOD/padded",242,3,4671.1735537190079
"DIVCORE/1056/1024/17/DIV/normalized",134,3,73391.985074626864
"DIVCORE/1056/1024/17/MOD/normalized",139,3,72588.143884892081
"DIVCORE/1056/1024/17/DIV/top-clear",238,3,77277.73529411765
"DIVCORE/1056/1024/17/MOD/top-clear",238,3,77980.882352941175
"DIVCORE/1056/1024/17/DIV/top-one",128,3,79885.984375
"DIVCORE/1056/1024/17/MOD/top-one",128,3,79311.25
"DIVCORE/1056/1024/17/DIV/padded",238,3,72816.378151260506
"DIVCORE/1056/1024/17/MOD/padded",238,3,72832.23529411765
"DIVCORE/1056/1024/17/DIV/add-back",128,3,101220.21875
"DIVCORE/1056/1024/17/MOD/add-back",128,3,101042.171875
"DIVCORE/1056/1024/127/DIV/normalized",137,3,73441.832116788326
"DIVCORE/1056/1024/127/MOD/normalized",137,3,73330.649635036491
"DIVCORE/1056/1024/127/DIV/top-clear",129,3,80109.906976744183
"DIVCORE/1056/1024/127/MOD/top-clear",128,3,81068.84375
"DIVCORE/1056/1024/127/DIV/top-one",128,3,79816.2578125
"DIVCORE/1056/1024/127/MOD/top-one",128,3,80885.3359375
"DIVCORE/1056/1024/127/DIV/padded",133,3,73921.827067669175
"DIVCORE/1056/1024/127/MOD/padded",136,3,72516.257352941175
"DIVCORE/2048/1024/17/DIV/normalized",5,3,2311941.6000000001
"DIVCORE/2048/1024/17/MOD/normalized",5,3,2331333
"DIVCORE/2048/1024/17/DIV/top-clear",5,3,2334635.7999999998
"DIVCORE/2048/1024/17/MOD/top-clear",5,3,2319030.2000000002
"DIVCORE/2048/1024/17/DIV/top-one",5,3,2337283.2000000002
"DIVCORE/2048/1024/17/MOD/top-one",5,3,2333122.2000000002
"DIVCORE/2048/1024/17/DIV/padded",5,3,2321238.7999999998
"DIVCORE/2048/1024/17/MOD/padded",5,3,2297400.2000000002
"DIVCORE/2048/1024/17/DIV/add-back",4,3,3162804.25
"DIVCORE/2048/1024/17/MOD/add-back",4,3,3169951
"DIVCORE/2048/1024/127/DIV/normalized",5,3,2299590
"DIVCORE/2048/1024/127/MOD/normalized",5,3,2298491
"DIVCORE/2048/1024/127/DIV/top-clear",5,3,2391919.7999999998
"DIVCORE/2048/1024/127/MOD/top-clear",5,3,2340981.3999999999
"DIVCORE/2048/1024/127/DIV/top-one",5,3,2327379.7999999998
"DIVCORE/2048/1024/127/MOD/top-one",5,3,2400370.3999999999
"DIVCORE/2048/1024/127/DIV/padded",5,3,2317473
"DIVCORE/2048/1024/127/MOD/padded",5,3,2299375.2000000002
"DIVCORE/4096/1024/17/DIV/normalized",2,3,7028899.5
"DIVCORE/4096/1024/17/MOD/normalized",2,3,6891183.5
"DIVCORE/4096/1024/17/DIV/top-clear",2,3,6908894.5
"DIVCORE/4096/1024/17/MOD/top-clear",2,3,6990611
"DIVCORE/4096/1024/17/DIV/top-one",2,3,6967579.5
"DIVCORE/4096/1024/17/MOD/top-one",2,3,6895525.5
"DIVCORE/4096/1024/17/DIV/padded",2,3,6942478
"DIVCORE/4096/1024/17/MOD/padded",2,3,6894067.5
"DIVCORE/4096/1024/17/DIV/add-back",2,3,9488209
"DIVCORE/4096/1024/17/MOD/add-back",2,3,9481924.5
"DIVCORE/4096/1024/127/DIV/normalized",2,3,6897112.5
"DIVCORE/4096/1024/127/MOD/normalized",2,3,7192017.5
"DIVCORE/4096/1024/127/DIV/top-clear",2,3,6903926
"DIVCORE/4096/1024/127/MOD/top-clear",2,3,6905710
"DIVCORE/4096/1024/127/DIV/top-one",2,3,7181483.5
"DIVCORE/4096/1024/127/MOD/top-one",2,3,7189085
"DIVCORE/4096/1024/127/DIV/padded",2,3,6895951.5
"DIVCORE/4096/1024/127/MOD/padded",2,3,7000015.5
"DIVCORE/1/1/17/DIV/normalized",27777,4,29.921193793426216
"DIVCORE/1/1/17/MOD/normalized",27777,4,29.255103142888
"DIVCORE/1/1/17/DIV/top-clear",27777,4,29.832775317708897
"DIVCORE/1/1/17/MOD/top-clear",27777,4,29.356589984519566
"DIVCORE/1/1/17/DIV/top-one",27777,4,29.823451056629587
"DIVCORE/1/1/17/MOD/top-one",27777,4,28.496165892644996
"DIVCORE/1/1/17/DIV/padded",27777,4,29.711055909565466
"DIVCORE/1/1/17/MOD/padded",27777,4,29.391294956258776
"DIVCORE/1/1/127/DIV/normalized",27777,4,29.82478309392663
"DIVCORE/1/1/127/MOD/normalized",27777,4,29.376318536919033
"DIVCORE/1/1/127/DIV/top-clear",27777,4,29.821146992115779
"DIVCORE/1/1/127/MOD/top-clear",27777,4,29.279331821290995
"DIVCORE/1/1/127/DIV/top-one",27777,4,29.813370774381681
"DIVCORE/1/1/127/MOD/top-one",27777,4,28.46945314468805
"DIVCORE/1/1/127/DIV/padded",27777,4,29.835259387262845
"DIVCORE/1/1/127/MOD/padded",27777,4,29.603484897577133
"DIVCORE/2/1/17/DIV/normalized",26315,4,75.689606688200641
"DIVCORE/2/1/17/MOD/normalized",26315,4,74.457647729431883
"DIVCORE/2/1/17/DIV/top-clear",26315,4,100.58202546076382
"DIVCORE/2/1/17/MOD/top-clear",26315,4,99.685008550256512
"DIVCORE/2/1/17/DIV/top-one",26315,4,100.53874216226487
"DIVCORE/2/1/17/MOD/top-one",26315,4,99.740072202166061
"DIVCORE/2/1/17/DIV/padded",26315,4,75.314003420102608
"DIVCORE/2/1/17/MOD/padded",26315,4,74.787269618088544
"DIVCORE/2/1/127/DIV/normalized",26315,4,75.57735132053962
"DIVCORE/2/1/127/MOD/normalized",26315,4,74.595401862055866
"DIVCORE/2/1/127/DIV/top-clear",26315,4,100.06787003610108
"DIVCORE/2/1/127/MOD/top-clear",26315,4,100.02192665779974
"DIVCORE/2/1/127/DIV/top-one",26315,4,100.09314079422383
"DIVCORE/2/1/127/MOD/top-one",26315,4,99.739920197605926
"DIVCORE/2/1/127/DIV/padded",26315,4,75.892950788523649
"DIVCORE/2/1/127/MOD/padded",26315,4,75.292684780543411
"DIVCORE/4/1/17/DIV/normalized",23809,4,132.68293502457055
"DIVCORE/4/1/17/MOD/normalized",23809,4,131.95728506027132
"DIVCORE/4/1/17/DIV/top-clear",23809,4,159.41858120878661
"DIVCORE/4/1/17/MOD/top-clear",23809,4,159.52748960477132
"DIVCORE/4/1/17/DIV/top-one",23809,4,159.38023436515604
"DIVCORE/4/1/17/MOD/top-one",23809,4,158.96518123398715
"DIVCORE/4/1/17/DIV/padded",23809,4,134.27813011886261
"DIVCORE/4/1/17/MOD/padded",23809,4,133.49846696627327
"DIVCORE/4/1/127/DIV/normalized",23809,4,132.51997143937166
"DIVCORE/4/1/127/MOD/normalized",23809,4,132.5115712545676
"DIVCORE/4/1/127/DIV/top-clear",23809,4,159.50653114368515
"DIVCORE/4/1/127/MOD/top-clear",23809,4,159.2762400772817
"DIVCORE/4/1/127/DIV/top-one",23809,4,159.70166743668361
"DIVCORE/4/1/127/MOD/top-one",23809,4,158.84379856356838
"DIVCORE/4/1/127/DIV/padded",23809,4,133.82111806459741
"DIVCORE/4/1/127/MOD/padded",23809,4,134.21806879751355
"DIVCORE/33/1/17/DIV/normalized",10000,4,976.71360000000004
"DIVCORE/33/1/17/MOD/normalized",10000,4,989.99659999999994
"DIVCORE/33/1/17/DIV/top-clear",10000,4,1040.1863000000001
"DIVCORE/33/1/17/MOD/top-clear",9653,4,1032.8094892779447
"DIVCORE/33/1/17/DIV/top-one",9639,4,1041.364249403465
"DIVCORE/33/1/17/MOD/top-one",9656,4,1042.5856462303232
"DIVCORE/33/1/17/DIV/padded",10000,4,1000.1573
"DIVCORE/33/1/17/MOD/padded",9928,4,1012.4058219178082
"DIVCORE/33/1/127/DIV/normalized",10000,4,976.09479999999996
"DIVCORE/33/1/127/MOD/normalized",10000,4,987.57050000000004
"DIVCORE/33/1/127/DIV/top-clear",9556,4,1040.8104855588113
"DIVCORE/33/1/127/MOD/top-clear",10000,4,1032.4177999999999
"DIVCORE/33/1/127/DIV/top-one",10000,4,1041.4114
"DIVCORE/33/1/127/MOD/top-one",10000,4,1032.9988000000001
"DIVCORE/33/1/127/DIV/padded",10000,4,995.17970000000003
"DIVCORE/33/1/127/MOD/padded",9914,4,1011.5532580189631
"DIVCORE/1025/1/17/DIV/normalized",342,4,29446.86842105263
"DIVCORE/1025/1/17/MOD/normalized",479,4,29768.870563674322
"DIVCORE/1025/1/17/DIV/top-clear",322,4,30900.012422360247
"DIVCORE/1025/1/17/MOD/top-clear",479,4,30651.407098121086
"DIVCORE/1025/1/17/DIV/top-one",322,4,30853.54658385093
"DIVCORE/1025/1/17/MOD/top-one",325,4,30686.812307692308
"DIVCORE/1025/1/17/DIV/padded",333,4,30001.981981981982
"DIVCORE/1025/1/17/MOD/padded",479,4,30241.668058455114
"DIVCORE/1025/1/127/DIV/normalized",340,4,29436.232352941177
"DIVCORE/1025/1/127/MOD/normalized",334,4,30099.089820359281
"DIVCORE/1025/1/127/DIV/top-clear",479,4,30857.329853862211
"DIVCORE/1025/1/127/MOD/top-clear",325,4,30642.720000000001
"DIVCORE/1025/1/127/DIV/top-one",322,4,30847.791925465837
"DIVCORE/1025/1/127/MOD/top-one",479,4,30683.720250521921
"DIVCORE/1025/1/127/DIV/padded",479,4,30115.229645093947
"DIVCORE/1025/1/127/MOD/padded",334,4,30177.826347305388
"DIVCORE/65536/1/17/DIV/normalized",6,4,1891061.3333333333
"DIVCORE/65536/1/17/MOD/normalized",6,4,1862020.3333333333
"DIVCORE/65536/1/17/DIV/top-one",6,4,1956372.1666666667
"DIVCORE/65536/1/17/MOD/top-one",6,4,1951727.1666666667
"DIVCORE/500000/1/17/DIV/normalized",1,4,14381990
"DIVCORE/500000/1/17/MOD/normalized",1,4,14330695
"DIVCORE/500000/1/17/DIV/top-one",1,4,15003163
"DIVCORE/500000/1/17/MOD/top-one",1,4,14888208
"DIVCORE/1/2/17/DIV/normalized",26315,4,20.47452023560707
"DIVCORE/1/2/17/MOD/normalized",26315,4,15.265095952878587
"DIVCORE/1/2/17/DIV/top-clear",26315,4,19.169865095952879
"DIVCORE/1/2/17/MOD/top-clear",26315,4,15.141592247767433
"DIVCORE/1/2/17/DIV/top-one",26315,4,19.268136044081324
"DIVCORE/1/2/17/MOD/top-one",26315,4,15.101691050731523
"DIVCORE/1/2/17/DIV/padded",26315,4,19.160554816644499
"DIVCORE/1/2/17/MOD/padded",26315,4,15.240281208436253
"DIVCORE/1/2/127/DIV/normalized",26315,4,19.273456203686109
"DIVCORE/1/2/127/MOD/normalized",26315,4,15.124795743872316
"DIVCORE/1/2/127/DIV/top-clear",26315,4,19.143910317309519
"DIVCORE/1/2/127/MOD/top-clear",26315,4,15.241497244917348
"DIVCORE/1/2/127/DIV/top-one",26315,4,19.258369751092534
"DIVCORE/1/2/127/MOD/top-one",26315,4,15.175869276078283
"DIVCORE/1/2/127/DIV/padded",26315,4,19.261333840015201
"DIVCORE/1/2/127/MOD/padded",26315,4,15.219000570017101
"DIVCORE/2/2/17/DIV/normalized",25000,4,62.815040000000003
"DIVCORE/2/2/17/MOD/normalized",25000,4,58.587760000000003
"DIVCORE/2/2/17/DIV/top-clear",25000,4,89.598039999999997
"DIVCORE/2/2/17/MOD/top-clear",25000,4,88.602999999999994
"DIVCORE/2/2/17/DIV/top-one",25000,4,89.600279999999998
"DIVCORE/2/2/17/MOD/top-one",25000,4,88.843440000000001
"DIVCORE/2/2/17/DIV/padded",25000,4,62.706400000000002
"DIVCORE/2/2/17/MOD/padded",25000,4,58.647599999999997
"DIVCORE/2/2/127/DIV/normalized",25000,4,54.252000000000002
"DIVCORE/2/2/127/MOD/normalized",25000,4,51.696800000000003
"DIVCORE/2/2/127/DIV/top-clear",25000,4,89.565079999999995
"DIVCORE/2/2/127/MOD/top-clear",25000,4,88.377600000000001
"DIVCORE/2/2/127/DIV/top-one",25000,4,91.251320000000007
"DIVCORE/2/2/127/MOD/top-one",25000,4,90.168760000000006
"DIVCORE/2/2/127/DIV/padded",25000,4,54.890999999999998
"DIVCORE/2/2/127/MOD/padded",25000,4,51.358280000000001
"DIVCORE/3/2/17/DIV/normalized",23809,4,101.21315468940317
"DIVCORE/3/2/17/MOD/normalized",23809,4,100.83493636860011
"DIVCORE/3/2/17/DIV/top-clear",23809,4,129.01012222268889
"DIVCORE/3/2/17/MOD/top-clear",23809,4,131.76559284304255
"DIVCORE/3/2/17/DIV/top-one",23809,4,128.62698979377546
"DIVCORE/3/2/17/MOD/top-one",23809,4,132.05959931118485
"DIVCORE/3/2/17/DIV/padded",23809,4,102.26708387584527
"DIVCORE/3/2/17/MOD/padded",23809,4,101.14145911210046
"DIVCORE/3/2/127/DIV/normalized",23809,4,101.36309798815574
"DIVCORE/3/2/127/MOD/normalized",23809,4,100.78109118400604
"DIVCORE/3/2/127/DIV/top-clear",23809,4,130.27052795161492
"DIVCORE/3/2/127/MOD/top-clear",23809,4,133.40413289092359
"DIVCORE/3/2/127/DIV/top-one",23809,4,128.03733882145409
"DIVCORE/3/2/127/MOD/top-one",23809,4,132.27401402830861
"DIVCORE/3/2/127/DIV/padded",23809,4,101.40946700827418
"DIVCORE/3/2/127/MOD/padded",23809,4,101.29228443025747
"DIVCORE/4/2/17/DIV/normalized",22727,4,134.15470585647029
"DIVCORE/4/2/17/MOD/normalized",22727,4,133.24072688872266
"DIVCORE/4/2/17/DIV/top-clear",22727,4,170.7597571170854
"DIVCORE/4/2/17/MOD/top-clear",22727,4,173.39679676156115
"DIVCORE/4/2/17/DIV/top-one",22727,4,168.21010252123025
"DIVCORE/4/2/17/MOD/top-one",22727,4,172.15989791877502
"DIVCORE/4/2/17/DIV/padded",22727,4,134.81110573326879
"DIVCORE/4/2/17/MOD/padded",22727,4,134.65226382716594
"DIVCORE/4/2/127/DIV/normalized",22727,4,140.02622431469177
"DIVCORE/4/2/127/MOD/normalized",22727,4,139.92203106437276
"DIVCORE/4/2/127/DIV/top-clear",22727,4,172.72191666299994
"DIVCORE/4/2/127/MOD/top-clear",22727,4,175.32305187662251
"DIVCORE/4/2/127/DIV/top-one",22727,4,169.54710256523077
"DIVCORE/4/2/127/MOD/top-one",22727,4,172.55753069036828
"DIVCORE/4/2/127/DIV/padded",22727,4,141.08588903066837
"DIVCORE/4/2/127/MOD/padded",22727,4,141.50679808157699
"DIVCORE/8/2/17/DIV/normalized",19230,4,293.74862194487781
"DIVCORE/8/2/17/MOD/normalized",19230,4,292.61913676547061
"DIVCORE/8/2/17/DIV/top-clear",19230,4,339.63702548101924
"DIVCORE/8/2/17/MOD/top-clear",19230,4,343.77862714508581
"DIVCORE/8/2/17/DIV/top-one",19230,4,340.12095683827351
"DIVCORE/8/2/17/MOD/top-one",19230,4,344.26032241289653
"DIVCORE/8/2/17/DIV/padded",19230,4,297.19656786271452
"DIVCORE/8/2/17/MOD/padded",19230,4,295.57269890795629
"DIVCORE/8/2/127/DIV/normalized",19230,4,299.60390015600626
"DIVCORE/8/2/127/MOD/normalized",19230,4,299.30052002080083
"DIVCORE/8/2/127/DIV/top-clear",19230,4,338.50624024960996
"DIVCORE/8/2/127/MOD/top-clear",19230,4,341.59147165886634
"DIVCORE/8/2/127/DIV/top-one",19230,4,332.60634425377015
"DIVCORE/8/2/127/MOD/top-one",19230,4,336.49989599583984
"DIVCORE/8/2/127/DIV/padded",19230,4,303.16198647945919
"DIVCORE/8/2/127/MOD/padded",19230,4,303.13837753510143
"DIVCORE/34/2/17/DIV/normalized",8192,4,1371.511474609375
"DIVCORE/34/2/17/MOD/normalized",8192,4,1373.365234375
"DIVCORE/34/2/17/DIV/top-clear",8192,4,1460.8428955078125
"DIVCORE/34/2/17/MOD/top-clear",8192,4,1467.2451171875
"DIVCORE/34/2/17/DIV/top-one",8192,4,1409.16015625
"DIVCORE/34/2/17/MOD/top-one",8192,4,1415.06787109375
"DIVCORE/34/2/17/DIV/padded",8192,4,1393.25830078125
"DIVCORE/34/2/17/MOD/padded",8192,4,1392.718505859375
"DIVCORE/34/2/127/DIV/normalized",8192,4,1380.90283203125
"DIVCORE/34/2/127/MOD/normalized",8192,4,1374.946044921875
"DIVCORE/34/2/127/DIV/top-clear",8192,4,1494.1314697265625
"DIVCORE/34/2/127/MOD/top-clear",8192,4,1494.52294921875
"DIVCORE/34/2/127/DIV/top-one",8192,4,1450.0274658203125
"DIVCORE/34/2/127/MOD/top-one",8192,4,1458.581298828125
"DIVCORE/34/2/127/DIV/padded",8192,4,1398.606689453125
"DIVCORE/34/2/127/MOD/padded",8192,4,1396.9639892578125
"DIVCORE/1026/2/17/DIV/normalized",227,4,44059.348017621145
"DIVCORE/1026/2/17/MOD/normalized",227,4,44102.660792951545
"DIVCORE/1026/2/17/DIV/top-clear",219,4,45496.894977168951
"DIVCORE/1026/2/17/MOD/top-clear",219,4,45459.757990867583
"DIVCORE/1026/2/17/DIV/top-one",239,4,41767.146443514641
"DIVCORE/1026/2/17/MOD/top-one",239,4,41799.087866108785
"DIVCORE/1026/2/17/DIV/padded",224,4,44607.901785714283
"DIVCORE/1026/2/17/MOD/padded",224,4,44607.361607142855
"DIVCORE/1026/2/127/DIV/normalized",232,4,43018.982758620688
"DIVCORE/1026/2/127/MOD/normalized",231,4,43079.502164502162
"DIVCORE/1026/2/127/DIV/top-clear",221,4,45222.638009049777
"DIVCORE/1026/2/127/MOD/top-clear",221,4,45228.352941176468
"DIVCORE/1026/2/127/DIV/top-one",225,4,44420.862222222226
"DIVCORE/1026/2/127/MOD/top-one",224,4,44458.053571428572
"DIVCORE/1026/2/127/DIV/padded",456,4,43896.331140350878
"DIVCORE/1026/2/127/MOD/padded",229,4,43568.580786026199
"DIVCORE/65536/2/17/DIV/normalized",4,4,2837279.25
"DIVCORE/65536/2/17/MOD/normalized",4,4,2838639.5
"DIVCORE/65536/2/17/DIV/top-one",4,4,2678877
"DIVCORE/65536/2/17/MOD/top-one",4,4,2681022.5
"DIVCORE/500000/2/17/DIV/normalized",1,4,21686590
"DIVCORE/500000/2/17/MOD/normalized",1,4,21599865
"DIVCORE/500000/2/17/DIV/top-one",1,4,20488437
"DIVCORE/500000/2/17/MOD/top-one",1,4,20414440
"DIVCORE/2/3/17/DIV/normalized",23809,4,20.233189130160863
"DIVCORE/2/3/17/MOD/normalized",23809,4,15.147297240539292
"DIVCORE/2/3/17/DIV/top-clear",23809,4,19.275022050485109
"DIVCORE/2/3/17/MOD/top-clear",23809,4,15.141627115796547
"DIVCORE/2/3/17/DIV/top-one",23809,4,19.1278928136419
"DIVCORE/2/3/17/MOD/top-one",23809,4,15.238649250283506
"DIVCORE/2/3/17/DIV/padded",23809,4,19.166575664664624
"DIVCORE/2/3/17/MOD/padded",23809,4,15.258431685497081
"DIVCORE/2/3/127/DIV/normalized",23809,4,19.192280230165064
"DIVCORE/2/3/127/MOD/normalized",23809,4,17.46045613003486
"DIVCORE/2/3/127/DIV/top-clear",23809,4,19.289722373892225
"DIVCORE/2/3/127/MOD/top-clear",23809,4,15.136250997521946
"DIVCORE/2/3/127/DIV/top-one",23809,4,19.43353353773783
"DIVCORE/2/3/127/MOD/top-one",23809,4,15.122978705531521
"DIVCORE/2/3/127/DIV/padded",23809,4,19.378554328195222
"DIVCORE/2/3/127/MOD/padded",23809,4,15.249107480364568
"DIVCORE/3/3/17/DIV/normalized",22727,4,65.271791261495139
"DIVCORE/3/3/17/MOD/normalized",22727,4,60.833722004664054
"DIVCORE/3/3/17/DIV/top-clear",22727,4,94.235358824305891
"DIVCORE/3/3/17/MOD/top-clear",22727,4,94.936463237558854
"DIVCORE/3/3/17/DIV/top-one",22727,4,94.107493289919475
"DIVCORE/3/3/17/MOD/top-one",22727,4,95.259031108373307
"DIVCORE/3/3/17/DIV/padded",22727,4,65.193030316363803
"DIVCORE/3/3/17/MOD/padded",22727,4,60.871298455581467
"DIVCORE/3/3/127/DIV/normalized",22727,4,55.14396972763673
"DIVCORE/3/3/127/MOD/normalized",22727,4,51.482817793813524
"DIVCORE/3/3/127/DIV/top-clear",22727,4,94.298015576186913
"DIVCORE/3/3/127/MOD/top-clear",22727,4,94.916795001540024
"DIVCORE/3/3/127/DIV/top-one",22727,4,94.592907114885378
"DIVCORE/3/3/127/MOD/top-one",22727,4,94.871870462445543
"DIVCORE/3/3/127/DIV/padded",22727,4,54.72574470893651
"DIVCORE/3/3/127/MOD/padded",22727,4,51.802701632419591
"DIVCORE/4/3/17/DIV/normalized",21739,4,97.856663139978835
"DIVCORE/4/3/17/MOD/normalized",21739,4,97.483232899397393
"DIVCORE/4/3/17/DIV/top-clear",21739,4,136.33966603799624
"DIVCORE/4/3/17/MOD/top-clear",21739,4,141.50039100234602
"DIVCORE/4/3/17/DIV/top-one",21739,4,136.3388840333042
"DIVCORE/4/3/17/MOD/top-one",21739,4,142.53148718892314
"DIVCORE/4/3/17/DIV/padded",21739,4,98.687428124568754
"DIVCORE/4/3/17/MOD/padded",21739,4,98.3029118174709
"DIVCORE/4/3/17/DIV/add-back",21739,4,78.871153226919361
"DIVCORE/4/3/17/MOD/add-back",21739,4,77.875477252863519
"DIVCORE/4/3/127/DIV/normalized",21739,4,105.74046644279866
"DIVCORE/4/3/127/MOD/normalized",21739,4,105.31335388012329
"DIVCORE/4/3/127/DIV/top-clear",21739,4,136.35714614287687
"DIVCORE/4/3/127/MOD/top-clear",21739,4,140.07525645153871
"DIVCORE/4/3/127/DIV/top-one",21739,4,136.61736970421822
"DIVCORE/4/3/127/MOD/top-one",21739,4,140.36004416026495
"DIVCORE/4/3/127/DIV/padded",21739,4,105.76236257417544
"DIVCORE/4/3/127/MOD/padded",21739,4,105.91282947697687
"DIVCORE/6/3/17/DIV/normalized",20000,4,179.73089999999999
"DIVCORE/6/3/17/MOD/normalized",20000,4,179.25344999999999
"DIVCORE/6/3/17/DIV/top-clear",20000,4,222.58695
"DIVCORE/6/3/17/MOD/top-clear",20000,4,226.82409999999999
"DIVCORE/6/3/17/DIV/top-one",20000,4,225.93285
"DIVCORE/6/3/17/MOD/top-one",20000,4,229.93455
"DIVCORE/6/3/17/DIV/padded",20000,4,181.69945000000001
"DIVCORE/6/3/17/MOD/padded",20000,4,181.72319999999999
"DIVCORE/6/3/17/DIV/add-back",20000,4,120.22280000000001
"DIVCORE/6/3/17/MOD/add-back",20000,4,119.6283
"DIVCORE/6/3/127/DIV/normalized",20000,4,180.90074999999999
"DIVCORE/6/3/127/MOD/normalized",20000,4,179.86644999999999
"DIVCORE/6/3/127/DIV/top-clear",20000,4,221.4632
"DIVCORE/6/3/127/MOD/top-clear",20000,4,224.87795
"DIVCORE/6/3/127/DIV/top-one",20000,4,220.88050000000001
"DIVCORE/6/3/127/MOD/top-one",20000,4,225.27369999999999
"DIVCORE/6/3/127/DIV/padded",20000,4,182.47855000000001
"DIVCORE/6/3/127/MOD/padded",20000,4,182.54294999999999
"DIVCORE/12/3/17/DIV/normalized",16129,4,434.31403062806123
"DIVCORE/12/3/17/MOD/normalized",16129,4,434.03893607787217
"DIVCORE/12/3/17/DIV/top-clear",16129,4,492.88945377890758
"DIVCORE/12/3/17/MOD/top-clear",16129,4,496.57647715295428
"DIVCORE/12/3/17/DIV/top-one",16129,4,487.10434620869239
"DIVCORE/12/3/17/MOD/top-one",16129,4,491.42290284580571
"DIVCORE/12/3/17/DIV/padded",16129,4,439.13404426808853
"DIVCORE/12/3/17/MOD/padded",16129,4,438.36363072726147
"DIVCORE/12/3/17/DIV/add-back",16129,4,258.12462024924048
"DIVCORE/12/3/17/MOD/add-back",16129,4,256.50220100440202
"DIVCORE/12/3/127/DIV/normalized",16129,4,441.75013950027898
"DIVCORE/12/3/127/MOD/normalized",16129,4,441.02883005766012
"DIVCORE/12/3/127/DIV/top-clear",16129,4,490.58348316696635
"DIVCORE/12/3/127/MOD/top-clear",16129,4,494.77710955421912
"DIVCORE/12/3/127/DIV/top-one",16129,4,484.39246078492158
"DIVCORE/12/3/127/MOD/top-one",16129,4,489.22270444540891
"DIVCORE/12/3/127/DIV/padded",16129,4,446.32326864653731
"DIVCORE/12/3/127/MOD/padded",16129,4,446.29220658441318
"DIVCORE/35/3/17/DIV/normalized",8192,4,1498.9503173828125
"DIVCORE/35/3/17/MOD/normalized",8192,4,1499.22998046875
"DIVCORE/35/3/17/DIV/top-clear",8192,4,1589.4808349609375
"DIVCORE/35/3/17/MOD/top-clear",8192,4,1594.3349609375
"DIVCORE/35/3/17/DIV/top-one",8192,4,1586.83935546875
"DIVCORE/35/3/17/MOD/top-one",8192,4,1592.706787109375
"DIVCORE/35/3/17/DIV/padded",8192,4,1514.6351318359375
"DIVCORE/35/3/17/MOD/padded",8192,4,1507.4500732421875
"DIVCORE/35/3/17/DIV/add-back",9259,4,732.47564531806893
"DIVCORE/35/3/17/MOD/add-back",9259,4,731.32994923857871
"DIVCORE/35/3/127/DIV/normalized",8192,4,1504.5709228515625
"DIVCORE/35/3/127/MOD/normalized",8192,4,1504.58642578125
"DIVCORE/35/3/127/DIV/top-clear",8192,4,1527.331787109375
"DIVCORE/35/3/127/MOD/top-clear",8192,4,1534.4324951171875
"DIVCORE/35/3/127/DIV/top-one",8192,4,1570.830078125
"DIVCORE/35/3/127/MOD/top-one",8192,4,1576.1558837890625
"DIVCORE/35/3/127/DIV/padded",8192,4,1519.2919921875
"DIVCORE/35/3/127/MOD/padded",8192,4,1522.923095703125
"DIVCORE/1027/3/17/DIV/normalized",224,4,44594.625
"DIVCORE/1027/3/17/MOD/normalized",224,4,44617.665178571428
"DIVCORE/1027/3/17/DIV/top-clear",212,4,47191.660377358494
"DIVCORE/1027/3/17/MOD/top-clear",211,4,47247.402843601893
"DIVCORE/1027/3/17/DIV/top-one",214,4,46694.004672897194
"DIVCORE/1027/3/17/MOD/top-one",213,4,46738.333333333336
"DIVCORE/1027/3/17/DIV/padded",222,4,45104.396396396398
"DIVCORE/1027/3/17/MOD/padded",221,4,45132.158371040721
"DIVCORE/1027/3/17/DIV/add-back",469,4,21390.848614072496
"DIVCORE/1027/3/17/MOD/add-back",468,4,21439.089743589742
"DIVCORE/1027/3/127/DIV/normalized",218,4,45749.472477064221
"DIVCORE/1027/3/127/MOD/normalized",218,4,45759.412844036699
"DIVCORE/1027/3/127/DIV/top-clear",222,4,44992.198198198195
"DIVCORE/1027/3/127/MOD/top-clear",221,4,45010.158371040721
"DIVCORE/1027/3/127/DIV/top-one",211,4,47420.796208530803
"DIVCORE/1027/3/127/MOD/top-one",210,4,47464.400000000001
"DIVCORE/1027/3/127/DIV/padded",216,4,46224.986111111109
"DIVCORE/1027/3/127/MOD/padded",216,4,46272.657407407409
"DIVCORE/3/4/17/DIV/normalized",21739,4,19.230553383320299
"DIVCORE/3/4/17/MOD/normalized",21739,4,15.382216293297759
"DIVCORE/3/4/17/DIV/top-clear",21739,4,19.408436450618705
"DIVCORE/3/4/17/MOD/top-clear",21739,4,15.291595749574498
"DIVCORE/3/4/17/DIV/top-one",21739,4,19.180965085790515
"DIVCORE/3/4/17/MOD/top-one",21739,4,15.173513041078246
"DIVCORE/3/4/17/DIV/padded",21739,4,19.171995031970191
"DIVCORE/3/4/17/MOD/padded",21739,4,15.175169051014306
"DIVCORE/3/4/127/DIV/normalized",21739,4,19.263397580385483
"DIVCORE/3/4/127/MOD/normalized",21739,4,15.183909103454621
"DIVCORE/3/4/127/DIV/top-clear",21739,4,19.329775978655871
"DIVCORE/3/4/127/MOD/top-clear",21739,4,15.28418970513823
"DIVCORE/3/4/127/DIV/top-one",21739,4,19.337412024472147
"DIVCORE/3/4/127/MOD/top-one",21739,4,15.298679792078753
"DIVCORE/3/4/127/DIV/padded",21739,4,19.166612999677998
"DIVCORE/3/4/127/MOD/padded",21739,4,15.163484980909885
"DIVCORE/4/4/17/DIV/normalized",20833,4,55.293956703307252
"DIVCORE/4/4/17/MOD/normalized",20833,4,51.55469687515
"DIVCORE/4/4/17/DIV/top-clear",20833,4,97.974799596793545
"DIVCORE/4/4/17/MOD/top-clear",20833,4,99.082609321749146
"DIVCORE/4/4/17/DIV/top-one",20833,4,97.820861133778138
"DIVCORE/4/4/17/MOD/top-one",20833,4,100.33466135458167
"DIVCORE/4/4/17/DIV/padded",20833,4,54.335717371477941
"DIVCORE/4/4/17/MOD/padded",20833,4,51.508376134018143
"DIVCORE/4/4/127/DIV/normalized",20833,4,67.227619641914274
"DIVCORE/4/4/127/MOD/normalized",20833,4,62.931166898670376
"DIVCORE/4/4/127/DIV/top-clear",20833,4,98.24902798444775
"DIVCORE/4/4/127/MOD/top-clear",20833,4,98.895262324197191
"DIVCORE/4/4/127/DIV/top-one",20833,4,97.815821053136844
"DIVCORE/4/4/127/MOD/top-one",20833,4,100.16651466423463
"DIVCORE/4/4/127/DIV/padded",20833,4,67.017616281860512
"DIVCORE/4/4/127/MOD/padded",20833,4,62.69994719915519
"DIVCORE/5/4/17/DIV/normalized",20000,4,111.44285000000001
"DIVCORE/5/4/17/MOD/normalized",20000,4,111.24285
"DIVCORE/5/4/17/DIV/top-clear",20000,4,141.21105
"DIVCORE/5/4/17/MOD/top-clear",20000,4,145.93035
"DIVCORE/5/4/17/DIV/top-one",20000,4,141.88489999999999
"DIVCORE/5/4/17/MOD/top-one",20000,4,146.73759999999999
"DIVCORE/5/4/17/DIV/padded",20000,4,111.3456
"DIVCORE/5/4/17/MOD/padded",20000,4,111.48515
"DIVCORE/5/4/17/DIV/add-back",20000,4,82.442099999999996
"DIVCORE/5/4/17/MOD/add-back",20000,4,80.811499999999995
"DIVCORE/5/4/127/DIV/normalized",20000,4,109.3847
"DIVCORE/5/4/127/MOD/normalized",20000,4,109.03619999999999
"DIVCORE/5/4/127/DIV/top-clear",20000,4,142.98060000000001
"DIVCORE/5/4/127/MOD/top-clear",20000,4,147.37799999999999
"DIVCORE/5/4/127/DIV/top-one",20000,4,141.08555000000001
"DIVCORE/5/4/127/MOD/top-one",20000,4,146.64335
"DIVCORE/5/4/127/DIV/padded",20000,4,109.70650000000001
"DIVCORE/5/4/127/MOD/padded",20000,4,109.92829999999999
"DIVCORE/8/4/17/DIV/normalized",17857,4,242.01982415859328
"DIVCORE/8/4/17/MOD/normalized",17857,4,240.94002352018816
"DIVCORE/8/4/17/DIV/top-clear",17857,4,277.718989751918
"DIVCORE/8/4/17/MOD/top-clear",17857,4,283.63123704989641
"DIVCORE/8/4/17/DIV/top-one",17857,4,277.61818894551158
"DIVCORE/8/4/17/MOD/top-one",17857,4,283.5282522260178
"DIVCORE/8/4/17/DIV/padded",17857,4,243.87293498347987
"DIVCORE/8/4/17/MOD/padded",17857,4,244.70218961751695
"DIVCORE/8/4/17/DIV/add-back",17857,4,152.87898303186427
"DIVCORE/8/4/17/MOD/add-back",17857,4,152.78003024024193
"DIVCORE/8/4/127/DIV/normalized",17857,4,241.22960183681468
"DIVCORE/8/4/127/MOD/normalized",17857,4,240.89018312146496
"DIVCORE/8/4/127/DIV/top-clear",17857,4,275.45444363554907
"DIVCORE/8/4/127/MOD/top-clear",17857,4,282.04323234585877
"DIVCORE/8/4/127/DIV/top-one",17857,4,274.39441115528922
"DIVCORE/8/4/127/MOD/top-one",17857,4,280.61998095984768
"DIVCORE/8/4/127/DIV/padded",17857,4,243.92260738085903
"DIVCORE/8/4/127/MOD/padded",17857,4,243.57798062384498
"DIVCORE/16/4/17/DIV/normalized",13888,4,607.58352534562209
"DIVCORE/16/4/17/MOD/normalized",13888,4,607.67079493087556
"DIVCORE/16/4/17/DIV/top-clear",13888,4,664.20622119815664
"DIVCORE/16/4/17/MOD/top-clear",13888,4,665.31905241935488
"DIVCORE/16/4/17/DIV/top-one",13888,4,647.06451612903231
"DIVCORE/16/4/17/MOD/top-one",13888,4,654.07380472350235
"DIVCORE/16/4/17/DIV/padded",13888,4,613.89912154377885
"DIVCORE/16/4/17/MOD/padded",13888,4,614.12579205069119
"DIVCORE/16/4/17/DIV/add-back",13888,4,355.20715725806451
"DIVCORE/16/4/17/MOD/add-back",13888,4,354.92540322580646
"DIVCORE/16/4/127/DIV/normalized",13888,4,595.83971774193549
"DIVCORE/16/4/127/MOD/normalized",13888,4,593.04046658986181
"DIVCORE/16/4/127/DIV/top-clear",13888,4,650.35951900921657
"DIVCORE/16/4/127/MOD/top-clear",13888,4,656.32740495391704
"DIVCORE/16/4/127/DIV/top-one",13888,4,650.43145161290317
"DIVCORE/16/4/127/MOD/top-one",13888,4,650.84828629032256
"DIVCORE/16/4/127/DIV/padded",13888,4,604.59807027649765
"DIVCORE/16/4/127/MOD/padded",13888,4,601.45485311059906
"DIVCORE/36/4/17/DIV/normalized",8192,4,1595.7320556640625
"DIVCORE/36/4/17/MOD/normalized",8192,4,1590.9600830078125
"DIVCORE/36/4/17/DIV/top-clear",8192,4,1633.9483642578125
"DIVCORE/36/4/17/MOD/top-clear",8192,4,1642.648681640625
"DIVCORE/36/4/17/DIV/top-one",8192,4,1616.4031982421875
"DIVCORE/36/4/17/MOD/top-one",8192,4,1623.5
"DIVCORE/36/4/17/DIV/padded",8192,4,1606.0302734375
"DIVCORE/36/4/17/MOD/padded",8192,4,1603.81201171875
"DIVCORE/36/4/17/DIV/add-back",8928,4,832.2713933691756
"DIVCORE/36/4/17/MOD/add-back",8928,4,830.06093189964156
"DIVCORE/36/4/127/DIV/normalized",8192,4,1584.764892578125
"DIVCORE/36/4/127/MOD/normalized",8192,4,1579.5003662109375
"DIVCORE/36/4/127/DIV/top-clear",8192,4,1668.2025146484375
"DIVCORE/36/4/127/MOD/top-clear",8192,4,1673.245361328125
"DIVCORE/36/4/127/DIV/top-one",8192,4,1576.9365234375
"DIVCORE/36/4/127/MOD/top-one",8192,4,1585.7935791015625
"DIVCORE/36/4/127/DIV/padded",8192,4,1601.1463623046875
"DIVCORE/36/4/127/MOD/padded",8192,4,1600.9197998046875
"DIVCORE/1028/4/17/DIV/normalized",205,4,48733.760975609759
"DIVCORE/1028/4/17/MOD/normalized",205,4,48714.41951219512
"DIVCORE/1028/4/17/DIV/top-clear",204,4,48840.303921568629
"DIVCORE/1028/4/17/MOD/top-clear",204,4,48838.990196078434
"DIVCORE/1028/4/17/DIV/top-one",205,4,48725.521951219511
"DIVCORE/1028/4/17/MOD/top-one",205,4,48753.560975609755
"DIVCORE/1028/4/17/DIV/padded",203,4,49215.876847290638
"DIVCORE/1028/4/17/MOD/padded",203,4,49117.990147783254
"DIVCORE/1028/4/17/DIV/add-back",408,4,24549.335784313724
"DIVCORE/1028/4/17/MOD/add-back",477,4,24568.048218029351
"DIVCORE/1028/4/127/DIV/normalized",204,4,48843.156862745098
"DIVCORE/1028/4/127/MOD/normalized",204,4,48877.524509803923
"DIVCORE/1028/4/127/DIV/top-clear",203,4,49147.906403940884
"DIVCORE/1028/4/127/MOD/top-clear",203,4,49161.931034482761
"DIVCORE/1028/4/127/DIV/top-one",211,4,47228.990521327018
"DIVCORE/1028/4/127/MOD/top-one",211,4,47291.080568720376
"DIVCORE/1028/4/127/DIV/padded",202,4,49446.752475247522
"DIVCORE/1028/4/127/MOD/padded",202,4,49347.079207920789
"DIVCORE/7/8/17/DIV/normalized",16129,4,19.496620993241986
"DIVCORE/7/8/17/MOD/normalized",16129,4,15.505239010478022
"DIVCORE/7/8/17/DIV/top-clear",16129,4,19.342302684605368
"DIVCORE/7/8/17/MOD/top-clear",16129,4,15.636803273606548
"DIVCORE/7/8/17/DIV/top-one",16129,4,19.330274660549321
"DIVCORE/7/8/17/MOD/top-one",16129,4,15.435860871721744
"DIVCORE/7/8/17/DIV/padded",16129,4,19.701469402938805
"DIVCORE/7/8/17/MOD/padded",16129,4,15.478516957033914
"DIVCORE/7/8/127/DIV/normalized",16129,4,19.386446772893546
"DIVCORE/7/8/127/MOD/normalized",16129,4,15.641887283774567
"DIVCORE/7/8/127/DIV/top-clear",16129,4,19.495070990141979
"DIVCORE/7/8/127/MOD/top-clear",16129,4,15.471076942153884
"DIVCORE/7/8/127/DIV/top-one",16129,4,19.318060636121274
"DIVCORE/7/8/127/MOD/top-one",16129,4,15.643189286378572
"DIVCORE/7/8/127/DIV/padded",16129,4,19.335482670965341
"DIVCORE/7/8/127/MOD/padded",16129,4,15.432698865397731
"DIVCORE/8/8/17/DIV/normalized",15625,4,55.365824000000003
"DIVCORE/8/8/17/MOD/normalized",15625,4,51.482303999999999
"DIVCORE/8/8/17/DIV/top-clear",15625,4,116.157568
"DIVCORE/8/8/17/MOD/top-clear",15625,4,120.552448
"DIVCORE/8/8/17/DIV/top-one",15625,4,114.333376
"DIVCORE/8/8/17/MOD/top-one",15625,4,120.710336
"DIVCORE/8/8/17/DIV/padded",15625,4,55.710272000000003
"DIVCORE/8/8/17/MOD/padded",15625,4,51.465919999999997
"DIVCORE/8/8/127/DIV/normalized",15625,4,55.915584000000003
"DIVCORE/8/8/127/MOD/normalized",15625,4,51.785663999999997
"DIVCORE/8/8/127/DIV/top-clear",15625,4,113.91769600000001
"DIVCORE/8/8/127/MOD/top-clear",15625,4,120.65753599999999
"DIVCORE/8/8/127/DIV/top-one",15625,4,114.867136
"DIVCORE/8/8/127/MOD/top-one",15625,4,120.388288
"DIVCORE/8/8/127/DIV/padded",15625,4,56.151871999999997
"DIVCORE/8/8/127/MOD/padded",15625,4,51.518143999999999
"DIVCORE/9/8/17/DIV/normalized",15151,4,106.45211537192264
"DIVCORE/9/8/17/MOD/normalized",15151,4,106.99887796185071
"DIVCORE/9/8/17/DIV/top-clear",15151,4,169.16137548676656
"DIVCORE/9/8/17/MOD/top-clear",15151,4,179.17140782786615
"DIVCORE/9/8/17/DIV/top-one",15151,4,167.45079532704111
"DIVCORE/9/8/17/MOD/top-one",15151,4,178.8557190944492
"DIVCORE/9/8/17/DIV/padded",15151,4,108.90548478648275
"DIVCORE/9/8/17/MOD/padded",15151,4,107.52313378654874
"DIVCORE/9/8/17/DIV/add-back",15151,4,93.721338525509864
"DIVCORE/9/8/17/MOD/add-back",15151,4,92.599564385189097
"DIVCORE/9/8/127/DIV/normalized",15151,4,106.76734208963104
"DIVCORE/9/8/127/MOD/normalized",15151,4,106.84832684311266
"DIVCORE/9/8/127/DIV/top-clear",15151,4,169.45409543924492
"DIVCORE/9/8/127/MOD/top-clear",15151,4,178.66668866741469
"DIVCORE/9/8/127/DIV/top-one",15151,4,167.28552570787406
"DIVCORE/9/8/127/MOD/top-one",15151,4,176.18612632829516
"DIVCORE/9/8/127/DIV/padded",15151,4,108.10811167579698
"DIVCORE/9/8/127/MOD/padded",15151,4,107.34908586891954
"DIVCORE/16/8/17/DIV/normalized",12500,4,481.50592
"DIVCORE/16/8/17/MOD/normalized",12500,4,482.57488000000001
"DIVCORE/16/8/17/DIV/top-clear",12500,4,559.87415999999996
"DIVCORE/16/8/17/MOD/top-clear",12500,4,568.37648000000002
"DIVCORE/16/8/17/DIV/top-one",12500,4,550.64135999999996
"DIVCORE/16/8/17/MOD/top-one",12500,4,557.59288000000004
"DIVCORE/16/8/17/DIV/padded",12500,4,485.21231999999998
"DIVCORE/16/8/17/MOD/padded",12500,4,483.92615999999998
"DIVCORE/16/8/17/DIV/add-back",12500,4,353.03559999999999
"DIVCORE/16/8/17/MOD/add-back",12500,4,352.97336000000001
"DIVCORE/16/8/127/DIV/normalized",12500,4,480.65472
"DIVCORE/16/8/127/MOD/normalized",12500,4,479.05536000000001
"DIVCORE/16/8/127/DIV/top-clear",12500,4,563.33312000000001
"DIVCORE/16/8/127/MOD/top-clear",12500,4,574.44568000000004
"DIVCORE/16/8/127/DIV/top-one",12500,4,552.91815999999994
"DIVCORE/16/8/127/MOD/top-one",12500,4,568.26688000000001
"DIVCORE/16/8/127/DIV/padded",12500,4,485.11183999999997
"DIVCORE/16/8/127/MOD/padded",12500,4,484.15024
"DIVCORE/32/8/17/DIV/normalized",8192,4,1341.0643310546875
"DIVCORE/32/8/17/MOD/normalized",8192,4,1339.4178466796875
"DIVCORE/32/8/17/DIV/top-clear",8192,4,1516.5904541015625
"DIVCORE/32/8/17/MOD/top-clear",8192,4,1531.966796875
"DIVCORE/32/8/17/DIV/top-one",8192,4,1460.05908203125
"DIVCORE/32/8/17/MOD/top-one",8192,4,1460.0360107421875
"DIVCORE/32/8/17/DIV/padded",8192,4,1355.11865234375
"DIVCORE/32/8/17/MOD/padded",8192,4,1352.87451171875
"DIVCORE/32/8/17/DIV/add-back",8928,4,928.72166218637994
"DIVCORE/32/8/17/MOD/add-back",8928,4,921.42506720430106
"DIVCORE/32/8/127/DIV/normalized",8192,4,1401.6234130859375
"DIVCORE/32/8/127/MOD/normalized",8192,4,1399.593505859375
"DIVCORE/32/8/127/DIV/top-clear",8192,4,1535.512939453125
"DIVCORE/32/8/127/MOD/top-clear",8192,4,1548.0450439453125
"DIVCORE/32/8/127/DIV/top-one",8192,4,1416.768798828125
"DIVCORE/32/8/127/MOD/top-one",8192,4,1479.464599609375
"DIVCORE/32/8/127/DIV/padded",8192,4,1421.03564453125
"DIVCORE/32/8/127/MOD/padded",8192,4,1421.9283447265625
"DIVCORE/40/8/17/DIV/normalized",7812,4,1780.7456477214541
"DIVCORE/40/8/17/MOD/normalized",7812,4,1785.144777265745
"DIVCORE/40/8/17/DIV/top-clear",7812,4,1974.4806707629289
"DIVCORE/40/8/17/MOD/top-clear",7812,4,1985.4563492063492
"DIVCORE/40/8/17/DIV/top-one",7812,4,1896.8479262672811
"DIVCORE/40/8/17/MOD/top-one",7812,4,1912.9454685099847
"DIVCORE/40/8/17/DIV/padded",7812,4,1808.6761392729134
"DIVCORE/40/8/17/MOD/padded",7812,4,1811.1730670762929
"DIVCORE/40/8/17/DIV/add-back",7812,4,1207.9512288786482
"DIVCORE/40/8/17/MOD/add-back",7812,4,1207.3297491039427
"DIVCORE/40/8/127/DIV/normalized",7812,4,1802.7119815668202
"DIVCORE/40/8/127/MOD/normalized",7812,4,1800.944572452637
"DIVCORE/40/8/127/DIV/top-clear",7812,4,1990.534434203789
"DIVCORE/40/8/127/MOD/top-clear",7812,4,1980.3128520225293
"DIVCORE/40/8/127/DIV/top-one",7812,4,1885.4205069124423
"DIVCORE/40/8/127/MOD/top-one",7812,4,1897.8643113159242
"DIVCORE/40/8/127/DIV/padded",7812,4,1825.126216077829
"DIVCORE/40/8/127/MOD/padded",7812,4,1825.5720686123911
"DIVCORE/1032/8/17/DIV/normalized",181,4,55559.342541436461
"DIVCORE/1032/8/17/MOD/normalized",180,4,55638.644444444442
"DIVCORE/1032/8/17/DIV/top-clear",171,4,58575.450292397662
"DIVCORE/1032/8/17/MOD/top-clear",171,4,58604.076023391812
"DIVCORE/1032/8/17/DIV/top-one",179,4,55912.837988826817
"DIVCORE/1032/8/17/MOD/top-one",179,4,55973.312849162008
"DIVCORE/1032/8/17/DIV/padded",179,4,56048.474860335198
"DIVCORE/1032/8/17/MOD/padded",179,4,56091.815642458103
"DIVCORE/1032/8/17/DIV/add-back",473,4,36670.854122621568
"DIVCORE/1032/8/17/MOD/add-back",273,4,36706.234432234429
"DIVCORE/1032/8/127/DIV/normalized",177,4,56506.146892655364
"DIVCORE/1032/8/127/MOD/normalized",177,4,56559.457627118645
"DIVCORE/1032/8/127/DIV/top-clear",169,4,59324
"DIVCORE/1032/8/127/MOD/top-clear",169,4,59253.029585798817
"DIVCORE/1032/8/127/DIV/top-one",181,4,55221.613259668506
"DIVCORE/1032/8/127/MOD/top-one",181,4,55246.679558011048
"DIVCORE/1032/8/127/DIV/padded",350,4,57034.991428571426
"DIVCORE/1032/8/127/MOD/padded",350,4,57088.839999999997
"DIVCORE/15/16/17/DIV/normalized",10638,4,20.918499717992106
"DIVCORE/15/16/17/MOD/normalized",10638,4,15.862568151908253
"DIVCORE/15/16/17/DIV/top-clear",10638,4,19.732562511750331
"DIVCORE/15/16/17/MOD/top-clear",10638,4,15.597574732092498
"DIVCORE/15/16/17/DIV/top-one",10638,4,19.787272043617222
"DIVCORE/15/16/17/MOD/top-one",10638,4,15.566553863508178
"DIVCORE/15/16/17/DIV/padded",10638,4,19.98119947358526
"DIVCORE/15/16/17/MOD/padded",10638,4,15.528764805414552
"DIVCORE/15/16/127/DIV/normalized",10638,4,19.843579620229367
"DIVCORE/15/16/127/MOD/normalized",10638,4,15.648524158676443
"DIVCORE/15/16/127/DIV/top-clear",10638,4,20.496239894717053
"DIVCORE/15/16/127/MOD/top-clear",10638,4,15.583850347809738
"DIVCORE/15/16/127/DIV/top-one",10638,4,19.69825155104343
"DIVCORE/15/16/127/MOD/top-one",10638,4,15.517954502726075
"DIVCORE/15/16/127/DIV/padded",10638,4,19.736040609137056
"DIVCORE/15/16/127/MOD/padded",10638,4,15.803722504230118
"DIVCORE/16/16/17/DIV/normalized",10416,4,56.85387864823349
"DIVCORE/16/16/17/MOD/normalized",10416,4,51.887096774193552
"DIVCORE/16/16/17/DIV/top-clear",10416,4,150.62740015360984
"DIVCORE/16/16/17/MOD/top-clear",10416,4,163.79349078341014
"DIVCORE/16/16/17/DIV/top-one",10416,4,151.92108294930875
"DIVCORE/16/16/17/MOD/top-one",10416,4,165.72407834101384
"DIVCORE/16/16/17/DIV/padded",10416,4,56.409850230414747
"DIVCORE/16/16/17/MOD/padded",10416,4,51.879512288786479
"DIVCORE/16/16/127/DIV/normalized",10416,4,93.290514592933945
"DIVCORE/16/16/127/MOD/normalized",10416,4,89.199596774193552
"DIVCORE/16/16/127/DIV/top-clear",10416,4,150.53523425499233
"DIVCORE/16/16/127/MOD/top-clear",10416,4,164.1307603686636
"DIVCORE/16/16/127/DIV/top-one",10416,4,152.60426267281105
"DIVCORE/16/16/127/MOD/top-one",10416,4,165.66004224270353
"DIVCORE/16/16/127/DIV/padded",10416,4,93.646217357910913
"DIVCORE/16/16/127/MOD/padded",10416,4,89.135464669738866
"DIVCORE/17/16/17/DIV/normalized",10204,4,161.65278322226578
"DIVCORE/17/16/17/MOD/normalized",10204,4,160.70050960407684
"DIVCORE/17/16/17/DIV/top-clear",10204,4,220.42434339474715
"DIVCORE/17/16/17/MOD/top-clear",10204,4,238.4890239121913
"DIVCORE/17/16/17/DIV/top-one",10204,4,221.93492747941983
"DIVCORE/17/16/17/MOD/top-one",10204,4,239.81291650333202
"DIVCORE/17/16/17/DIV/padded",10204,4,162.51773814190514
"DIVCORE/17/16/17/MOD/padded",10204,4,161.89415915327322
"DIVCORE/17/16/17/DIV/add-back",10204,4,119.26705213641709
"DIVCORE/17/16/17/MOD/add-back",10204,4,116.25343002744022
"DIVCORE/17/16/127/DIV/normalized",10204,4,162.63230105840847
"DIVCORE/17/16/127/MOD/normalized",10204,4,160.98970991767933
"DIVCORE/17/16/127/DIV/top-clear",10204,4,230.52401019208153
"DIVCORE/17/16/127/MOD/top-clear",10204,4,247.66101528812231
"DIVCORE/17/16/127/DIV/top-one",10204,4,232.10584084672678
"DIVCORE/17/16/127/MOD/top-one",10204,4,248.71285770286161
"DIVCORE/17/16/127/DIV/padded",10204,4,162.80870246961976
"DIVCORE/17/16/127/MOD/padded",10204,4,162.13857310858486
"DIVCORE/32/16/17/DIV/normalized",7812,4,1177.6845878136201
"DIVCORE/32/16/17/MOD/normalized",7812,4,1173.4536610343062
"DIVCORE/32/16/17/DIV/top-clear",7812,4,1307.7323348694317
"DIVCORE/32/16/17/MOD/top-clear",7812,4,1319.871351766513
"DIVCORE/32/16/17/DIV/top-one",7812,4,1359.4822068612391
"DIVCORE/32/16/17/MOD/top-one",7812,4,1377.6282642089093
"DIVCORE/32/16/17/DIV/padded",7812,4,1187.5636200716847
"DIVCORE/32/16/17/MOD/padded",7812,4,1183.8758320532513
"DIVCORE/32/16/17/DIV/add-back",7812,4,1024.989503328213
"DIVCORE/32/16/17/MOD/add-back",7812,4,1022.8748079877112
"DIVCORE/32/16/127/DIV/normalized",7812,4,1261.8954173067077
"DIVCORE/32/16/127/MOD/normalized",7812,4,1258.771249359959
"DIVCORE/32/16/127/DIV/top-clear",7812,4,1341.9270353302611
"DIVCORE/32/16/127/MOD/top-clear",7812,4,1364.2722734254992
"DIVCORE/32/16/127/DIV/top-one",7812,4,1345.0750128008192
"DIVCORE/32/16/127/MOD/top-one",7812,4,1360.9283154121863
"DIVCORE/32/16/127/DIV/padded",7812,4,1266.6062467997951
"DIVCORE/32/16/127/MOD/padded",7812,4,1267.9544290834613
"DIVCORE/48/16/17/DIV/normalized",6250,4,2334.9078399999999
"DIVCORE/48/16/17/MOD/normalized",6250,4,2325.70768
"DIVCORE/48/16/17/DIV/top-clear",6250,4,2497.0521600000002
"DIVCORE/48/16/17/MOD/top-clear",3961,4,2515.6268619035595
"DIVCORE/48/16/17/DIV/top-one",3872,4,2582.8034607438017
"DIVCORE/48/16/17/MOD/top-one",3844,4,2600.2005723204993
"DIVCORE/48/16/17/DIV/padded",6250,4,2359.01872
"DIVCORE/48/16/17/MOD/padded",6250,4,2347.5392000000002
"DIVCORE/48/16/17/DIV/add-back",6250,4,2025.3758399999999
"DIVCORE/48/16/17/MOD/add-back",6250,4,2022.64032
"DIVCORE/48/16/127/DIV/normalized",6250,4,2453.7604799999999
"DIVCORE/48/16/127/MOD/normalized",6250,4,2453.7675199999999
"DIVCORE/48/16/127/DIV/top-clear",6250,4,2554.4137599999999
"DIVCORE/48/16/127/MOD/top-clear",6250,4,2582.1812799999998
"DIVCORE/48/16/127/DIV/top-one",6250,4,2609.6611200000002
"DIVCORE/48/16/127/MOD/top-one",6250,4,2625.9708799999999
"DIVCORE/48/16/127/DIV/padded",4048,4,2473.9360177865615
"DIVCORE/48/16/127/MOD/padded",6250,4,2475.1428799999999
"DIVCORE/64/16/17/DIV/normalized",5208,4,3456.2793778801843
"DIVCORE/64/16/17/MOD/normalized",5208,4,3458.6033026113673
"DIVCORE/64/16/17/DIV/top-clear",5208,4,3645.5787250384024
"DIVCORE/64/16/17/MOD/top-clear",2744,4,3665.2991982507288
"DIVCORE/64/16/17/DIV/top-one",5208,4,3763.3137480798773
"DIVCORE/64/16/17/MOD/top-one",2655,4,3765.5224105461393
"DIVCORE/64/16/17/DIV/padded",2865,4,3501.7738219895286
"DIVCORE/64/16/17/MOD/padded",2870,4,3489.103832752613
"DIVCORE/64/16/17/DIV/add-back",3368,4,2983.8441211401423
"DIVCORE/64/16/17/MOD/add-back",5208,4,2980.2939708141321
"DIVCORE/64/16/127/DIV/normalized",5208,4,3651.0915898617513
"DIVCORE/64/16/127/MOD/normalized",2776,4,3604.9009365994239
"DIVCORE/64/16/127/DIV/top-clear",5208,4,3759.5789170506914
"DIVCORE/64/16/127/MOD/top-clear",5208,4,3767.1754992319507
"DIVCORE/64/16/127/DIV/top-one",2645,4,3781.9293005671079
"DIVCORE/64/16/127/MOD/top-one",5208,4,3827.8250768049156
"DIVCORE/64/16/127/DIV/padded",2757,4,3642.0794341675733
"DIVCORE/64/16/127/MOD/padded",5208,4,3647.0478110599079
"DIVCORE/1040/16/17/DIV/normalized",141,4,71433.794326241128
"DIVCORE/1040/16/17/MOD/normalized",141,4,71462.652482269506
"DIVCORE/1040/16/17/DIV/top-clear",138,4,72693.442028985504
"DIVCORE/1040/16/17/MOD/top-clear",138,4,72869.021739130432
"DIVCORE/1040/16/17/DIV/top-one",132,4,75867.757575757569
"DIVCORE/1040/16/17/MOD/top-one",132,4,75915.446969696975
"DIVCORE/1040/16/17/DIV/padded",140,4,71624.757142857139
"DIVCORE/1040/16/17/MOD/padded",140,4,71938.757142857139
"DIVCORE/1040/16/17/DIV/add-back",164,4,61116.390243902439
"DIVCORE/1040/16/17/MOD/add-back",164,4,61221.189024390245
"DIVCORE/1040/16/127/DIV/normalized",135,4,74219.874074074076
"DIVCORE/1040/16/127/MOD/normalized",135,4,74257.222222222219
"DIVCORE/1040/16/127/DIV/top-clear",131,4,76778.190839694653
"DIVCORE/1040/16/127/MOD/top-clear",131,4,76677.755725190844
"DIVCORE/1040/16/127/DIV/top-one",130,4,77524.969230769231
"DIVCORE/1040/16/127/MOD/top-one",130,4,77622
"DIVCORE/1040/16/127/DIV/padded",134,4,74875.19402985074
"DIVCORE/1040/16/127/MOD/padded",134,4,74896.238805970148
"DIVCORE/31/32/17/DIV/normalized",6329,4,23.796492336862062
"DIVCORE/31/32/17/MOD/normalized",6329,4,18.696950545109811
"DIVCORE/31/32/17/DIV/top-clear",6329,4,21.966661399905199
"DIVCORE/31/32/17/MOD/top-clear",6329,4,18.011692210459788
"DIVCORE/31/32/17/DIV/top-one",6329,4,21.161004898088166
"DIVCORE/31/32/17/MOD/top-one",6329,4,17.920050560910095
"DIVCORE/31/32/17/DIV/padded",6329,4,21.12719228946121
"DIVCORE/31/32/17/MOD/padded",6329,4,17.994785906146312
"DIVCORE/31/32/127/DIV/normalized",6329,4,21.524885447938061
"DIVCORE/31/32/127/MOD/normalized",6329,4,17.797124348238267
"DIVCORE/31/32/127/DIV/top-clear",6329,4,21.568810238584295
"DIVCORE/31/32/127/MOD/top-clear",6329,4,17.867277610996997
"DIVCORE/31/32/127/DIV/top-one",6329,4,21.110601990835836
"DIVCORE/31/32/127/MOD/top-one",6329,4,17.923210617791121
"DIVCORE/31/32/127/DIV/padded",6329,4,21.153262758729657
"DIVCORE/31/32/127/MOD/padded",6329,4,17.978037604676885
"DIVCORE/32/32/17/DIV/normalized",6250,4,129.67328000000001
"DIVCORE/32/32/17/MOD/normalized",6250,4,123.59023999999999
"DIVCORE/32/32/17/DIV/top-clear",6250,4,223.64655999999999
"DIVCORE/32/32/17/MOD/top-clear",6250,4,254.73983999999999
"DIVCORE/32/32/17/DIV/top-one",6250,4,222.96144000000001
"DIVCORE/32/32/17/MOD/top-one",6250,4,255.11344
"DIVCORE/32/32/17/DIV/padded",6250,4,129.67792
"DIVCORE/32/32/17/MOD/padded",6250,4,123.98848
"DIVCORE/32/32/127/DIV/normalized",6250,4,129.50736000000001
"DIVCORE/32/32/127/MOD/normalized",6250,4,123.77664
"DIVCORE/32/32/127/DIV/top-clear",6250,4,222.98784000000001
"DIVCORE/32/32/127/MOD/top-clear",6250,4,254.43008
"DIVCORE/32/32/127/DIV/top-one",6250,4,223.06927999999999
"DIVCORE/32/32/127/MOD/top-one",6250,4,254.45312000000001
"DIVCORE/32/32/127/DIV/padded",6250,4,129.27968000000001
"DIVCORE/32/32/127/MOD/padded",6250,4,123.88527999999999
"DIVCORE/33/32/17/DIV/normalized",6172,4,162.15699935191185
"DIVCORE/33/32/17/MOD/normalized",6172,4,161.29001944264419
"DIVCORE/33/32/17/DIV/top-clear",6172,4,338.17644199611146
"DIVCORE/33/32/17/MOD/top-clear",6172,4,380.55362929358392
"DIVCORE/33/32/17/DIV/top-one",6172,4,339.00291639662993
"DIVCORE/33/32/17/MOD/top-one",6172,4,373.19394037589115
"DIVCORE/33/32/17/DIV/padded",6172,4,162.20690213869085
"DIVCORE/33/32/17/MOD/padded",6172,4,161.85742060920285
"DIVCORE/33/32/17/DIV/add-back",6172,4,167.4251458198315
"DIVCORE/33/32/17/MOD/add-back",6172,4,165.56432274789373
"DIVCORE/33/32/127/DIV/normalized",6172,4,243.95252754374596
"DIVCORE/33/32/127/MOD/normalized",6172,4,242.81108230719377
"DIVCORE/33/32/127/DIV/top-clear",6172,4,343.06788723266362
"DIVCORE/33/32/127/MOD/top-clear",6172,4,382.04812054439401
"DIVCORE/33/32/127/DIV/top-one",6172,4,344.52657161373946
"DIVCORE/33/32/127/MOD/top-one",6172,4,389.26587815942969
"DIVCORE/33/32/127/DIV/padded",6172,4,251.17838626053143
"DIVCORE/33/32/127/MOD/padded",6172,4,249.7248865845755
"DIVCORE/64/32/17/DIV/normalized",2826,4,3533.4720452937013
"DIVCORE/64/32/17/MOD/normalized",2827,4,3533.5673859214717
"DIVCORE/64/32/17/DIV/top-clear",2679,4,3728.232922732363
"DIVCORE/64/32/17/MOD/top-clear",4464,4,3765.0580197132617
"DIVCORE/64/32/17/DIV/top-one",4464,4,3695.2506720430106
"DIVCORE/64/32/17/MOD/top-one",4464,4,3731.7441756272401
"DIVCORE/64/32/17/DIV/padded",4464,4,3561.5282258064517
"DIVCORE/64/32/17/MOD/padded",2812,4,3567.0480085348509
"DIVCORE/64/32/17/DIV/add-back",4464,4,3561.0842293906812
"DIVCORE/64/32/17/MOD/add-back",4464,4,3559.3434139784945
"DIVCORE/64/32/127/DIV/normalized",4464,4,3573.7918906810037
"DIVCORE/64/32/127/MOD/normalized",4464,4,3583.1635304659499
"DIVCORE/64/32/127/DIV/top-clear",4464,4,3760.3039874551973
"DIVCORE/64/32/127/MOD/top-clear",4464,4,3787.9159946236559
"DIVCORE/64/32/127/DIV/top-one",4464,4,3798.9065860215055
"DIVCORE/64/32/127/MOD/top-one",4464,4,3833.3028673835124
"DIVCORE/64/32/127/DIV/padded",4464,4,3598.9816308243726
"DIVCORE/64/32/127/MOD/padded",2780,4,3605.7154676258992
"DIVCORE/128/32/17/DIV/normalized",1024,4,10227.365234375
"DIVCORE/128/32/17/MOD/normalized",1024,4,10219.2412109375
"DIVCORE/128/32/17/DIV/top-clear",1024,4,10528.6728515625
"DIVCORE/128/32/17/MOD/top-clear",1024,4,10562.43359375
"DIVCORE/128/32/17/DIV/top-one",1024,4,10411.3408203125
"DIVCORE/128/32/17/MOD/top-one",1024,4,10452.9990234375
"DIVCORE/128/32/17/DIV/padded",1024,4,10296.8232421875
"DIVCORE/128/32/17/MOD/padded",1024,4,10286.0244140625
"DIVCORE/128/32/17/DIV/add-back",1024,4,10459.08203125
"DIVCORE/128/32/17/MOD/add-back",1024,4,10434.568359375
"DIVCORE/128/32/127/DIV/normalized",1024,4,10316.916015625
"DIVCORE/128/32/127/MOD/normalized",1024,4,10314.3720703125
"DIVCORE/128/32/127/DIV/top-clear",1024,4,10715.9892578125
"DIVCORE/128/32/127/MOD/top-clear",1024,4,10743.466796875
"DIVCORE/128/32/127/DIV/top-one",1024,4,10807.7216796875
"DIVCORE/128/32/127/MOD/top-one",1024,4,10842.30859375
"DIVCORE/128/32/127/DIV/padded",1024,4,10378.1748046875
"DIVCORE/128/32/127/MOD/padded",1024,4,10362.6044921875
"DIVCORE/1056/32/17/DIV/normalized",128,4,106837.90625
"DIVCORE/1056/32/17/MOD/normalized",128,4,106845.765625
"DIVCORE/1056/32/17/DIV/top-clear",128,4,109726.53125
"DIVCORE/1056/32/17/MOD/top-clear",128,4,109770
"DIVCORE/1056/32/17/DIV/top-one",128,4,108543.484375
"DIVCORE/1056/32/17/MOD/top-one",128,4,109180.046875
"DIVCORE/1056/32/17/DIV/padded",128,4,107331.9140625
"DIVCORE/1056/32/17/MOD/padded",128,4,107337.6484375
"DIVCORE/1056/32/17/DIV/add-back",128,4,110012.90625
"DIVCORE/1056/32/17/MOD/add-back",128,4,110140.875
"DIVCORE/1056/32/127/DIV/normalized",128,4,108425.3046875
"DIVCORE/1056/32/127/MOD/normalized",128,4,108378.7265625
"DIVCORE/1056/32/127/DIV/top-clear",128,4,111417.8828125
"DIVCORE/1056/32/127/MOD/top-clear",128,4,111548.03125
"DIVCORE/1056/32/127/DIV/top-one",128,4,112384.015625
"DIVCORE/1056/32/127/MOD/top-one",128,4,112367.109375
"DIVCORE/1056/32/127/DIV/padded",128,4,108820.1796875
"DIVCORE/1056/32/127/MOD/padded",128,4,108788.5625
"DIVCORE/63/64/17/DIV/normalized",3496,4,23.667906178489702
"DIVCORE/63/64/17/MOD/normalized",3496,4,19.324942791762012
"DIVCORE/63/64/17/DIV/top-clear",3496,4,22.594679633867276
"DIVCORE/63/64/17/MOD/top-clear",3496,4,19.350972540045767
"DIVCORE/63/64/17/DIV/top-one",3496,4,23.021453089244851
"DIVCORE/63/64/17/MOD/top-one",3496,4,19.123569794050344
"DIVCORE/63/64/17/DIV/padded",3496,4,23.094393592677346
"DIVCORE/63/64/17/MOD/padded",3496,4,19.058066361556065
"DIVCORE/63/64/127/DIV/normalized",3496,4,22.572082379862699
"DIVCORE/63/64/127/MOD/normalized",3496,4,19.370137299771166
"DIVCORE/63/64/127/DIV/top-clear",3496,4,22.429919908466818
"DIVCORE/63/64/127/MOD/top-clear",3496,4,19.319221967963387
"DIVCORE/63/64/127/DIV/top-one",3496,4,22.932780320366131
"DIVCORE/63/64/127/MOD/top-one",3496,4,19.054347826086957
"DIVCORE/63/64/127/DIV/padded",3496,4,23.391018306636155
"DIVCORE/63/64/127/MOD/padded",3496,4,19.279748283752859
"DIVCORE/64/64/17/DIV/normalized",3472,4,60.818836405529957
"DIVCORE/64/64/17/MOD/normalized",3472,4,54.320276497695851
"DIVCORE/64/64/17/DIV/top-clear",3472,4,378.85224654377879
"DIVCORE/64/64/17/MOD/top-clear",3472,4,441.50547235023043
"DIVCORE/64/64/17/DIV/top-one",3472,4,378.52102534562209
"DIVCORE/64/64/17/MOD/top-one",3472,4,441.34994239631334
"DIVCORE/64/64/17/DIV/padded",3472,4,60.404377880184335
"DIVCORE/64/64/17/MOD/padded",3472,4,53.41388248847926
"DIVCORE/64/64/127/DIV/normalized",3472,4,211.40812211981566
"DIVCORE/64/64/127/MOD/normalized",3472,4,201.15293778801842
"DIVCORE/64/64/127/DIV/top-clear",3472,4,378.82574884792626
"DIVCORE/64/64/127/MOD/top-clear",3472,4,440.7246543778802
"DIVCORE/64/64/127/DIV/top-one",3472,4,378.50144009216592
"DIVCORE/64/64/127/MOD/top-one",3472,4,441.45103686635946
"DIVCORE/64/64/127/DIV/padded",3472,4,210.57920506912441
"DIVCORE/64/64/127/MOD/padded",3472,4,202.95564516129033
"DIVCORE/65/64/17/DIV/normalized",3448,4,406.09744779582365
"DIVCORE/65/64/17/MOD/normalized",3448,4,397.52610208816708
"DIVCORE/65/64/17/DIV/top-clear",3448,4,569.91125290023206
"DIVCORE/65/64/17/MOD/top-clear",3448,4,635.5432134570766
"DIVCORE/65/64/17/DIV/top-one",3448,4,567.23462877030158
"DIVCORE/65/64/17/MOD/top-one",3448,4,634.0684454756381
"DIVCORE/65/64/17/DIV/padded",3448,4,401.5794663573086
"DIVCORE/65/64/17/MOD/padded",3448,4,400.5411832946636
"DIVCORE/65/64/17/DIV/add-back",3448,4,286.24274941995361
"DIVCORE/65/64/17/MOD/add-back",3448,4,278.61542923433876
"DIVCORE/65/64/127/DIV/normalized",3448,4,399.48201856148489
"DIVCORE/65/64/127/MOD/normalized",3448,4,393.95475638051045
"DIVCORE/65/64/127/DIV/top-clear",3448,4,572.77668213457082
"DIVCORE/65/64/127/MOD/top-clear",3448,4,642.6769141531322
"DIVCORE/65/64/127/DIV/top-one",3448,4,571.48607888631091
"DIVCORE/65/64/127/MOD/top-one",3448,4,633.96896751740144
"DIVCORE/65/64/127/DIV/padded",3448,4,407.58961716937353
"DIVCORE/65/64/127/MOD/padded",3448,4,401.37064965197214
"DIVCORE/96/64/17/DIV/normalized",1668,4,5998.4010791366909
"DIVCORE/96/64/17/MOD/normalized",1671,4,5989.4272890484735
"DIVCORE/96/64/17/DIV/top-clear",1584,4,6309.4785353535353
"DIVCORE/96/64/17/MOD/top-clear",2840,4,6382.6355633802814
"DIVCORE/96/64/17/DIV/top-one",2840,4,6278.105985915493
"DIVCORE/96/64/17/MOD/top-one",1576,4,6360.9885786802033
"DIVCORE/96/64/17/DIV/padded",2840,4,6024.1926056338025
"DIVCORE/96/64/17/MOD/padded",1664,4,6008.4519230769229
"DIVCORE/96/64/17/DIV/add-back",2812,4,7066.2094594594591
"DIVCORE/96/64/17/MOD/add-back",2820,4,7089.312056737589
"DIVCORE/96/64/127/DIV/normalized",1685,4,5935.3649851632044
"DIVCORE/96/64/127/MOD/normalized",2840,4,5930.2757042253525
"DIVCORE/96/64/127/DIV/top-clear",1575,4,6340.8501587301589
"DIVCORE/96/64/127/MOD/top-clear",1557,4,6417.1779062299292
"DIVCORE/96/64/127/DIV/top-one",1597,4,6252.6750156543521
"DIVCORE/96/64/127/MOD/top-one",2840,4,6330.9552816901405
"DIVCORE/96/64/127/DIV/padded",1678,4,5953.7681764004765
"DIVCORE/96/64/127/MOD/padded",2840,4,5949.0517605633804
"DIVCORE/128/64/17/DIV/normalized",1024,4,11889.2568359375
"DIVCORE/128/64/17/MOD/normalized",1024,4,11882.939453125
"DIVCORE/128/64/17/DIV/top-clear",1024,4,12112.9365234375
"DIVCORE/128/64/17/MOD/top-clear",1024,4,12175.591796875
"DIVCORE/128/64/17/DIV/top-one",1024,4,12102.0986328125
"DIVCORE/128/64/17/MOD/top-one",1024,4,12226.44921875
"DIVCORE/128/64/17/DIV/padded",1024,4,11955.75390625
"DIVCORE/128/64/17/MOD/padded",1024,4,12115.2392578125
"DIVCORE/128/64/17/DIV/add-back",1024,4,13954.2236328125
"DIVCORE/128/64/17/MOD/add-back",1024,4,14018.0498046875
"DIVCORE/128/64/127/DIV/normalized",1024,4,11743.251953125
"DIVCORE/128/64/127/MOD/normalized",1024,4,11738.82421875
"DIVCORE/128/64/127/DIV/top-clear",1024,4,12284.138671875
"DIVCORE/128/64/127/MOD/top-clear",1024,4,12360.6650390625
"DIVCORE/128/64/127/DIV/top-one",1024,4,12123.4677734375
"DIVCORE/128/64/127/MOD/top-one",1024,4,12201.3974609375
"DIVCORE/128/64/127/DIV/padded",1024,4,11773.33203125
"DIVCORE/128/64/127/MOD/padded",1024,4,11767.3037109375
"DIVCORE/256/64/17/DIV/normalized",284,4,35310.609154929574
"DIVCORE/256/64/17/MOD/normalized",284,4,35312.718309859156
"DIVCORE/256/64/17/DIV/top-clear",283,4,35394.452296819785
"DIVCORE/256/64/17/MOD/top-clear",282,4,35470.982269503547
"DIVCORE/256/64/17/DIV/top-one",282,4,35507.641843971629
"DIVCORE/256/64/17/MOD/top-one",282,4,35583.936170212764
"DIVCORE/256/64/17/DIV/padded",283,4,35401.508833922264
"DIVCORE/256/64/17/MOD/padded",283,4,35409.618374558304
"DIVCORE/256/64/17/DIV/add-back",482,4,41841.203319502078
"DIVCORE/256/64/17/MOD/add-back",239,4,41935.355648535566
"DIVCORE/256/64/127/DIV/normalized",287,4,35009.975609756097
"DIVCORE/256/64/127/MOD/normalized",286,4,35008.171328671328
"DIVCORE/256/64/127/DIV/top-clear",279,4,35917.27598566308
"DIVCORE/256/64/127/MOD/top-clear",278,4,36669.244604316547
"DIVCORE/256/64/127/DIV/top-one",283,4,35367.20141342756
"DIVCORE/256/64/127/MOD/top-one",283,4,35472.070671378089
"DIVCORE/256/64/127/DIV/padded",570,4,35119.005263157895
"DIVCORE/256/64/127/MOD/padded",570,4,35123.919298245615
"DIVCORE/1088/64/17/DIV/normalized",54,4,187608.79629629629
"DIVCORE/1088/64/17/MOD/normalized",54,4,187784.51851851851
"DIVCORE/1088/64/17/DIV/top-clear",54,4,186849.5
"DIVCORE/1088/64/17/MOD/top-clear",54,4,186935.07407407407
"DIVCORE/1088/64/17/DIV/top-one",54,4,186982.70370370371
"DIVCORE/1088/64/17/MOD/top-one",54,4,187029.46296296295
"DIVCORE/1088/64/17/DIV/padded",54,4,188113.05555555556
"DIVCORE/1088/64/17/MOD/padded",54,4,188386.70370370371
"DIVCORE/1088/64/17/DIV/add-back",45,4,223191.88888888888
"DIVCORE/1088/64/17/MOD/add-back",45,4,222959.13333333333
"DIVCORE/1088/64/127/DIV/normalized",108,4,185281.46296296295
"DIVCORE/1088/64/127/MOD/normalized",108,4,185301.04629629629
"DIVCORE/1088/64/127/DIV/top-clear",53,4,189431.28301886792
"DIVCORE/1088/64/127/MOD/top-clear",53,4,189519.13207547169
"DIVCORE/1088/64/127/DIV/top-one",54,4,186574.61111111112
"DIVCORE/1088/64/127/MOD/top-one",54,4,186707.88888888888
"DIVCORE/1088/64/127/DIV/padded",54,4,185777.20370370371
"DIVCORE/1088/64/127/MOD/padded",54,4,185832.85185185185
"DIVCORE/65536/64/17/DIV/normalized",1,4,12010399
"DIVCORE/65536/64/17/MOD/normalized",1,4,12009366
"DIVCORE/65536/64/17/DIV/top-one",1,4,11941152
"DIVCORE/65536/64/17/MOD/top-one",1,4,11940323
"DIVCORE/65536/64/17/DIV/add-back",1,4,14268965
"DIVCORE/65536/64/17/MOD/add-back",1,4,14268167
"DIVCORE/500000/64/17/DIV/normalized",1,4,91687893
"DIVCORE/500000/64/17/MOD/normalized",1,4,91654026
"DIVCORE/500000/64/17/DIV/top-one",1,4,91229200
"DIVCORE/500000/64/17/MOD/top-one",1,4,91150621
"DIVCORE/500000/64/17/DIV/add-back",1,4,108891446
"DIVCORE/500000/64/17/MOD/add-back",1,4,108825375
"DIVCORE/127/128/17/DIV/normalized",1845,4,44.214092140921409
"DIVCORE/127/128/17/MOD/normalized",1845,4,20.98319783197832
"DIVCORE/127/128/17/DIV/top-clear",1845,4,24.678048780487806
"DIVCORE/127/128/17/MOD/top-clear",1845,4,20.600542005420053
"DIVCORE/127/128/17/DIV/top-one",1845,4,23.976693766937668
"DIVCORE/127/128/17/MOD/top-one",1845,4,21.222764227642276
"DIVCORE/127/128/17/DIV/padded",1845,4,24.016260162601625
"DIVCORE/127/128/17/MOD/padded",1845,4,21.223848238482386
"DIVCORE/127/128/127/DIV/normalized",1845,4,24.651490514905149
"DIVCORE/127/128/127/MOD/normalized",1845,4,20.582113821138211
"DIVCORE/127/128/127/DIV/top-clear",1845,4,24.614634146341462
"DIVCORE/127/128/127/MOD/top-clear",1845,4,20.487262872628726
"DIVCORE/127/128/127/DIV/top-one",1845,4,24.54959349593496
"DIVCORE/127/128/127/MOD/top-one",1845,4,20.461246612466123
"DIVCORE/127/128/127/DIV/padded",1845,4,23.957723577235772
"DIVCORE/127/128/127/MOD/padded",1845,4,21.136585365853659
"DIVCORE/128/128/17/DIV/normalized",1838,4,74.437431991294886
"DIVCORE/128/128/17/MOD/normalized",1838,4,57.585963003264418
"DIVCORE/128/128/17/DIV/top-clear",1838,4,680.21273122959735
"DIVCORE/128/128/17/MOD/top-clear",1838,4,818.93199129488573
"DIVCORE/128/128/17/DIV/top-one",1838,4,678.97279651795429
"DIVCORE/128/128/17/MOD/top-one",1838,4,821.44396082698586
"DIVCORE/128/128/17/DIV/padded",1838,4,74.599564744287264
"DIVCORE/128/128/17/MOD/padded",1838,4,57.633841131664852
"DIVCORE/128/128/127/DIV/normalized",1838,4,353.80576713819369
"DIVCORE/128/128/127/MOD/normalized",1838,4,342.51468988030467
"DIVCORE/128/128/127/DIV/top-clear",1838,4,680.40369967355821
"DIVCORE/128/128/127/MOD/top-clear",1838,4,819.82644178454848
"DIVCORE/128/128/127/DIV/top-one",1838,4,678.40424374319912
"DIVCORE/128/128/127/MOD/top-one",1838,4,821.47116430903156
"DIVCORE/128/128/127/DIV/padded",1838,4,353.40533188248094
"DIVCORE/128/128/127/MOD/padded",1838,4,342.56528835690966
"DIVCORE/129/128/17/DIV/normalized",1831,4,676.57291097760788
"DIVCORE/129/128/17/MOD/normalized",1831,4,670.45439650464232
"DIVCORE/129/128/17/DIV/top-clear",1831,4,1010.8623702894594
"DIVCORE/129/128/17/MOD/top-clear",1831,4,1153.2523211359912
"DIVCORE/129/128/17/DIV/top-one",1831,4,1010.7454942654288
"DIVCORE/129/128/17/MOD/top-one",1831,4,1154.5286728563626
"DIVCORE/129/128/17/DIV/padded",1831,4,685.30256690333147
"DIVCORE/129/128/17/MOD/padded",1831,4,680.77389404696885
"DIVCORE/129/128/17/DIV/add-back",1831,4,481.51665756417259
"DIVCORE/129/128/17/MOD/add-back",1831,4,475.08956854178047
"DIVCORE/129/128/127/DIV/normalized",1831,4,677.50518842162751
"DIVCORE/129/128/127/MOD/normalized",1831,4,672.67722555980333
"DIVCORE/129/128/127/DIV/top-clear",1831,4,1004.3058438012015
"DIVCORE/129/128/127/MOD/top-clear",1831,4,1152.1272528672857
"DIVCORE/129/128/127/DIV/top-one",1831,4,1006.4145275805571
"DIVCORE/129/128/127/MOD/top-one",1831,4,1153.3003823047516
"DIVCORE/129/128/127/DIV/padded",1831,4,684.87930092845443
"DIVCORE/129/128/127/MOD/padded",1831,4,678.04259967231019
"DIVCORE/160/128/17/DIV/normalized",1024,4,10386.318359375
"DIVCORE/160/128/17/MOD/normalized",1024,4,10352.6240234375
"DIVCORE/160/128/17/DIV/top-clear",1024,4,10939.287109375
"DIVCORE/160/128/17/MOD/top-clear",1024,4,11094.2216796875
"DIVCORE/160/128/17/DIV/top-one",1024,4,11033.5517578125
"DIVCORE/160/128/17/MOD/top-one",1024,4,11191.75
"DIVCORE/160/128/17/DIV/padded",1024,4,10446.06640625
"DIVCORE/160/128/17/MOD/padded",1024,4,10381.8974609375
"DIVCORE/160/128/17/DIV/add-back",1024,4,13218.328125
"DIVCORE/160/128/17/MOD/add-back",1024,4,13211.1064453125
"DIVCORE/160/128/127/DIV/normalized",1024,4,10372.001953125
"DIVCORE/160/128/127/MOD/normalized",1024,4,10366.8505859375
"DIVCORE/160/128/127/DIV/top-clear",1024,4,10921.146484375
"DIVCORE/160/128/127/MOD/top-clear",1024,4,11068.8359375
"DIVCORE/160/128/127/DIV/top-one",1024,4,11082.021484375
"DIVCORE/160/128/127/MOD/top-one",1024,4,11229.6357421875
"DIVCORE/160/128/127/DIV/padded",1024,4,10389.791015625
"DIVCORE/160/128/127/MOD/padded",1024,4,10393.9814453125
"DIVCORE/256/128/17/DIV/normalized",244,4,41020.704918032789
"DIVCORE/256/128/17/MOD/normalized",244,4,41013.549180327871
"DIVCORE/256/128/17/DIV/top-clear",241,4,41510.020746887967
"DIVCORE/256/128/17/MOD/top-clear",241,4,41653.634854771786
"DIVCORE/256/128/17/DIV/top-one",239,4,42027.016736401674
"DIVCORE/256/128/17/MOD/top-one",474,4,42187.563291139239
"DIVCORE/256/128/17/DIV/padded",244,4,41080.918032786882
"DIVCORE/256/128/17/MOD/padded",244,4,41113.008196721312
"DIVCORE/256/128/17/DIV/add-back",191,4,52431.015706806284
"DIVCORE/256/128/17/MOD/add-back",191,4,52413.905759162306
"DIVCORE/256/128/127/DIV/normalized",242,4,41352.144628099173
"DIVCORE/256/128/127/MOD/normalized",242,4,41364.409090909088
"DIVCORE/256/128/127/DIV/top-clear",242,4,41465.417355371901
"DIVCORE/256/128/127/MOD/top-clear",241,4,41627.489626556016
"DIVCORE/256/128/127/DIV/top-one",238,4,42109.058823529413
"DIVCORE/256/128/127/MOD/top-one",237,4,42246.3417721519
"DIVCORE/256/128/127/DIV/padded",242,4,41434.760330578516
"DIVCORE/256/128/127/MOD/padded",242,4,41450.400826446283
"DIVCORE/512/128/17/DIV/normalized",128,4,122691.4609375
"DIVCORE/512/128/17/MOD/normalized",128,4,122827.53125
"DIVCORE/512/128/17/DIV/top-clear",128,4,123101.2265625
"DIVCORE/512/128/17/MOD/top-clear",128,4,123263.1953125
"DIVCORE/512/128/17/DIV/top-one",128,4,124633.578125
"DIVCORE/512/128/17/MOD/top-one",128,4,124748.109375
"DIVCORE/512/128/17/DIV/padded",128,4,122878.734375
"DIVCORE/512/128/17/MOD/padded",128,4,122838.46875
"DIVCORE/512/128/17/DIV/add-back",64,4,157032.515625
"DIVCORE/512/128/17/MOD/add-back",64,4,157097.671875
"DIVCORE/512/128/127/DIV/normalized",128,4,123334.5546875
"DIVCORE/512/128/127/MOD/normalized",128,4,123348.75
"DIVCORE/512/128/127/DIV/top-clear",128,4,122848.78125
"DIVCORE/512/128/127/MOD/top-clear",128,4,123051.3359375
"DIVCORE/512/128/127/DIV/top-one",128,4,124743.3828125
"DIVCORE/512/128/127/MOD/top-one",128,4,124892.8984375
"DIVCORE/512/128/127/DIV/padded",128,4,123493.1171875
"DIVCORE/512/128/127/MOD/padded",128,4,123450.53125
"DIVCORE/1152/128/17/DIV/normalized",31,4,327081.6451612903
"DIVCORE/1152/128/17/MOD/normalized",31,4,327083.90322580643
"DIVCORE/1152/128/17/DIV/top-clear",31,4,326980.03225806454
"DIVCORE/1152/128/17/MOD/top-clear",31,4,327125.3548387097
"DIVCORE/1152/128/17/DIV/top-one",31,4,330875.45161290321
"DIVCORE/1152/128/17/MOD/top-one",31,4,331142.3548387097
"DIVCORE/1152/128/17/DIV/padded",31,4,327674.77419354836
"DIVCORE/1152/128/17/MOD/padded",31,4,327526.77419354836
"DIVCORE/1152/128/17/DIV/add-back",24,4,418705.125
"DIVCORE/1152/128/17/MOD/add-back",24,4,418625.625
"DIVCORE/1152/128/127/DIV/normalized",31,4,328233.74193548388
"DIVCORE/1152/128/127/MOD/normalized",31,4,328144.96774193546
"DIVCORE/1152/128/127/DIV/top-clear",31,4,326278.70967741933
"DIVCORE/1152/128/127/MOD/top-clear",31,4,326499.19354838709
"DIVCORE/1152/128/127/DIV/top-one",31,4,331169.3548387097
"DIVCORE/1152/128/127/MOD/top-one",31,4,331566.45161290321
"DIVCORE/1152/128/127/DIV/padded",31,4,328689.54838709679
"DIVCORE/1152/128/127/MOD/padded",31,4,328653.80645161291
"DIVCORE/255/256/17/DIV/normalized",948,4,27.831223628691983
"DIVCORE/255/256/17/MOD/normalized",948,4,22.054852320675106
"DIVCORE/255/256/17/DIV/top-clear",948,4,25.287974683544302
"DIVCORE/255/256/17/MOD/top-clear",948,4,21.853375527426159
"DIVCORE/255/256/17/DIV/top-one",948,4,25.282700421940927
"DIVCORE/255/256/17/MOD/top-one",948,4,21.784810126582279
"DIVCORE/255/256/17/DIV/padded",948,4,25.33438818565401
"DIVCORE/255/256/17/MOD/padded",948,4,21.758438818565402
"DIVCORE/255/256/127/DIV/normalized",948,4,25.252109704641349
"DIVCORE/255/256/127/MOD/normalized",948,4,21.748945147679326
"DIVCORE/255/256/127/DIV/top-clear",948,4,25.339662447257385
"DIVCORE/255/256/127/MOD/top-clear",948,4,21.745780590717299
"DIVCORE/255/256/127/DIV/top-one",948,4,25.368143459915611
"DIVCORE/255/256/127/MOD/top-one",948,4,21.676160337552744
"DIVCORE/255/256/127/DIV/padded",948,4,25.278481012658229
"DIVCORE/255/256/127/MOD/padded",948,4,21.721518987341771
"DIVCORE/256/256/17/DIV/normalized",946,4,635.47674418604652
"DIVCORE/256/256/17/MOD/normalized",946,4,620.32558139534888
"DIVCORE/256/256/17/DIV/top-clear",946,4,1254.4069767441861
"DIVCORE/256/256/17/MOD/top-clear",946,4,1528.536997885835
"DIVCORE/256/256/17/DIV/top-one",946,4,1251.9249471458775
"DIVCORE/256/256/17/MOD/top-one",946,4,1532.9471458773785
"DIVCORE/256/256/17/DIV/padded",946,4,636.2536997885835
"DIVCORE/256/256/17/MOD/padded",946,4,622.43023255813955
"DIVCORE/256/256/127/DIV/normalized",946,4,639.14376321353063
"DIVCORE/256/256/127/MOD/normalized",946,4,621.8932346723044
"DIVCORE/256/256/127/DIV/top-clear",946,4,1252.2093023255813
"DIVCORE/256/256/127/MOD/top-clear",946,4,1530.5961945031713
"DIVCORE/256/256/127/DIV/top-one",946,4,1254.8921775898521
"DIVCORE/256/256/127/MOD/top-one",946,4,1531.6670190274842
"DIVCORE/256/256/127/DIV/padded",946,4,638.72515856236782
"DIVCORE/256/256/127/MOD/padded",946,4,626.97780126849898
"DIVCORE/257/256/17/DIV/normalized",945,4,1236.9058201058201
"DIVCORE/257/256/17/MOD/normalized",945,4,1225.8116402116402
"DIVCORE/257/256/17/DIV/top-clear",945,4,1908.4338624338625
"DIVCORE/257/256/17/MOD/top-clear",945,4,2139.5883597883599
"DIVCORE/257/256/17/DIV/top-one",945,4,1912.2
"DIVCORE/257/256/17/MOD/top-one",945,4,2142.3587301587299
"DIVCORE/257/256/17/DIV/padded",945,4,1234.0455026455027
"DIVCORE/257/256/17/MOD/padded",945,4,1228.0201058201058
"DIVCORE/257/256/17/DIV/add-back",945,4,873.20740740740746
"DIVCORE/257/256/17/MOD/add-back",945,4,860.01058201058197
"DIVCORE/257/256/127/DIV/normalized",945,4,1238.9947089947091
"DIVCORE/257/256/127/MOD/normalized",945,4,1224.8761904761905
"DIVCORE/257/256/127/DIV/top-clear",945,4,1901.6179894179895
"DIVCORE/257/256/127/MOD/top-clear",945,4,2135.6804232804234
"DIVCORE/257/256/127/DIV/top-one",945,4,1906.1142857142856
"DIVCORE/257/256/127/MOD/top-one",945,4,2133.8296296296298
"DIVCORE/257/256/127/DIV/padded",945,4,1234.4560846560846
"DIVCORE/257/256/127/MOD/padded",945,4,1225.2814814814815
"DIVCORE/288/256/17/DIV/normalized",892,4,19068.119955156952
"DIVCORE/288/256/17/MOD/normalized",892,4,19053.047085201793
"DIVCORE/288/256/17/DIV/top-clear",892,4,20308.153587443947
"DIVCORE/288/256/17/MOD/top-clear",486,4,20598.864197530864
"DIVCORE/288/256/17/DIV/top-one",892,4,20378.862107623318
"DIVCORE/288/256/17/MOD/top-one",484,4,20669.791322314049
"DIVCORE/288/256/17/DIV/padded",892,4,19092.921524663678
"DIVCORE/288/256/17/MOD/padded",892,4,19062.699551569505
"DIVCORE/288/256/17/DIV/add-back",393,4,25453.073791348601
"DIVCORE/288/256/17/MOD/add-back",393,4,25441.491094147583
"DIVCORE/288/256/127/DIV/normalized",511,4,19611.753424657534
"DIVCORE/288/256/127/MOD/normalized",511,4,19597.037181996086
"DIVCORE/288/256/127/DIV/top-clear",892,4,20290.04932735426
"DIVCORE/288/256/127/MOD/top-clear",487,4,20569.254620123203
"DIVCORE/288/256/127/DIV/top-one",892,4,20370.352017937221
"DIVCORE/288/256/127/MOD/top-one",485,4,20662.074226804125
"DIVCORE/288/256/127/DIV/padded",892,4,19632.280269058298
"DIVCORE/288/256/127/MOD/padded",510,4,19654.554901960786
"DIVCORE/512/256/17/DIV/normalized",128,4,151513.3203125
"DIVCORE/512/256/17/MOD/normalized",128,4,151499.1796875
"DIVCORE/512/256/17/DIV/top-clear",128,4,153247.390625
"DIVCORE/512/256/17/MOD/top-clear",128,4,153458.546875
"DIVCORE/512/256/17/DIV/top-one",128,4,153873.0625
"DIVCORE/512/256/17/MOD/top-one",128,4,154170.203125
"DIVCORE/512/256/17/DIV/padded",128,4,151588.6484375
"DIVCORE/512/256/17/MOD/padded",128,4,151546.9609375
"DIVCORE/512/256/17/DIV/add-back",50,4,202530.51999999999
"DIVCORE/512/256/17/MOD/add-back",50,4,202494.66
"DIVCORE/512/256/127/DIV/normalized",128,4,151436.046875
"DIVCORE/512/256/127/MOD/normalized",128,4,151431.25
"DIVCORE/512/256/127/DIV/top-clear",128,4,153012.515625
"DIVCORE/512/256/127/MOD/top-clear",128,4,153283.921875
"DIVCORE/512/256/127/DIV/top-one",128,4,153844.0703125
"DIVCORE/512/256/127/MOD/top-one",128,4,156228.4921875
"DIVCORE/512/256/127/DIV/padded",128,4,151548.0390625
"DIVCORE/512/256/127/MOD/padded",128,4,151580.75
"DIVCORE/1024/256/17/DIV/normalized",23,4,454328.65217391303
"DIVCORE/1024/256/17/MOD/normalized",23,4,454265.04347826086
"DIVCORE/1024/256/17/DIV/top-clear",22,4,456653.22727272729
"DIVCORE/1024/256/17/MOD/top-clear",22,4,456896.40909090912
"DIVCORE/1024/256/17/DIV/top-one",22,4,458831.04545454547
"DIVCORE/1024/256/17/MOD/top-one",22,4,459185.27272727271
"DIVCORE/1024/256/17/DIV/padded",22,4,454556.18181818182
"DIVCORE/1024/256/17/MOD/padded",23,4,454360.60869565216
"DIVCORE/1024/256/17/DIV/add-back",17,4,607179.70588235289
"DIVCORE/1024/256/17/MOD/add-back",17,4,607510.1176470588
"DIVCORE/1024/256/127/DIV/normalized",23,4,453977.30434782611
"DIVCORE/1024/256/127/MOD/normalized",44,4,453909.04545454547
"DIVCORE/1024/256/127/DIV/top-clear",22,4,456184.5
"DIVCORE/1024/256/127/MOD/top-clear",22,4,456594.04545454547
"DIVCORE/1024/256/127/DIV/top-one",22,4,459389.22727272729
"DIVCORE/1024/256/127/MOD/top-one",22,4,459351.18181818182
"DIVCORE/1024/256/127/DIV/padded",23,4,454611.91304347827
"DIVCORE/1024/256/127/MOD/padded",23,4,454454.69565217389
"DIVCORE/1280/256/17/DIV/normalized",17,4,605431.4705882353
"DIVCORE/1280/256/17/MOD/normalized",17,4,605464.29411764711
"DIVCORE/1280/256/17/DIV/top-clear",17,4,608455.4705882353
"DIVCORE/1280/256/17/MOD/top-clear",17,4,608711.29411764711
"DIVCORE/1280/256/17/DIV/top-one",17,4,611703
"DIVCORE/1280/256/17/MOD/top-one",17,4,611922.9411764706
"DIVCORE/1280/256/17/DIV/padded",17,4,606155.6470588235
"DIVCORE/1280/256/17/MOD/padded",17,4,605953.1176470588
"DIVCORE/1280/256/17/DIV/add-back",16,4,809971.6875
"DIVCORE/1280/256/17/MOD/add-back",16,4,809716.25
"DIVCORE/1280/256/127/DIV/normalized",17,4,605702.70588235289
"DIVCORE/1280/256/127/MOD/normalized",17,4,605687.1176470588
"DIVCORE/1280/256/127/DIV/top-clear",17,4,607960.5294117647
"DIVCORE/1280/256/127/MOD/top-clear",17,4,608444.0588235294
"DIVCORE/1280/256/127/DIV/top-one",17,4,611803.5882352941
"DIVCORE/1280/256/127/MOD/top-one",17,4,612012.70588235289
"DIVCORE/1280/256/127/DIV/padded",17,4,606170.0588235294
"DIVCORE/1280/256/127/MOD/padded",17,4,606615.82352941181
"DIVCORE/1023/1024/17/DIV/normalized",242,4,28.495867768595041
"DIVCORE/1023/1024/17/MOD/normalized",242,4,23.685950413223139
"DIVCORE/1023/1024/17/DIV/top-clear",242,4,27.169421487603305
"DIVCORE/1023/1024/17/MOD/top-clear",242,4,23.578512396694215
"DIVCORE/1023/1024/17/DIV/top-one",242,4,27.363636363636363
"DIVCORE/1023/1024/17/MOD/top-one",242,4,23.483471074380166
"DIVCORE/1023/1024/17/DIV/padded",242,4,26.884297520661157
"DIVCORE/1023/1024/17/MOD/padded",242,4,23.487603305785125
"DIVCORE/1023/1024/127/DIV/normalized",242,4,26.91322314049587
"DIVCORE/1023/1024/127/MOD/normalized",242,4,23.185950413223139
"DIVCORE/1023/1024/127/DIV/top-clear",242,4,27.024793388429753
"DIVCORE/1023/1024/127/MOD/top-clear",242,4,23.442148760330578
"DIVCORE/1023/1024/127/DIV/top-one",242,4,26.962809917355372
"DIVCORE/1023/1024/127/MOD/top-one",242,4,23.371900826446282
"DIVCORE/1023/1024/127/DIV/padded",242,4,26.776859504132233
"DIVCORE/1023/1024/127/MOD/padded",242,4,23.43388429752066
"DIVCORE/1024/1024/17/DIV/normalized",242,4,237.70661157024793
"DIVCORE/1024/1024/17/MOD/normalized",242,4,61.355371900826448
"DIVCORE/1024/1024/17/DIV/top-clear",242,4,4916.9462809917359
"DIVCORE/1024/1024/17/MOD/top-clear",242,4,5842.9421487603304
"DIVCORE/1024/1024/17/DIV/top-one",242,4,4891.9008264462809
"DIVCORE/1024/1024/17/MOD/top-one",242,4,5913.5413223140495
"DIVCORE/1024/1024/17/DIV/padded",242,4,236.5702479338843
"DIVCORE/1024/1024/17/MOD/padded",242,4,60.714876033057848
"DIVCORE/1024/1024/127/DIV/normalized",242,4,249.6694214876033
"DIVCORE/1024/1024/127/MOD/normalized",242,4,60.285123966942152
"DIVCORE/1024/1024/127/DIV/top-clear",242,4,4921.0619834710742
"DIVCORE/1024/1024/127/MOD/top-clear",242,4,5911.0619834710742
"DIVCORE/1024/1024/127/DIV/top-one",242,4,4870.9380165289258
"DIVCORE/1024/1024/127/MOD/top-one",242,4,5894.181818181818
"DIVCORE/1024/1024/127/DIV/padded",242,4,236.70661157024793
"DIVCORE/1024/1024/127/MOD/padded",242,4,60.260330578512395
"DIVCORE/1025/1024/17/DIV/normalized",242,4,2620.0247933884298
"DIVCORE/1025/1024/17/MOD/normalized",242,4,2379.8925619834713
"DIVCORE/1025/1024/17/DIV/top-clear",242,4,7215.1239669421484
"DIVCORE/1025/1024/17/MOD/top-clear",242,4,8296.9793388429753
"DIVCORE/1025/1024/17/DIV/top-one",242,4,7223.4173553719011
"DIVCORE/1025/1024/17/MOD/top-one",242,4,8288.5991735537191
"DIVCORE/1025/1024/17/DIV/padded",242,4,2541.8512396694214
"DIVCORE/1025/1024/17/MOD/padded",242,4,2366.2148760330579
"DIVCORE/1025/1024/17/DIV/add-back",242,4,3546.595041322314
"DIVCORE/1025/1024/17/MOD/add-back",242,4,3420.1983471074382
"DIVCORE/1025/1024/127/DIV/normalized",242,4,4992.3966942148763
"DIVCORE/1025/1024/127/MOD/normalized",242,4,4815.6735537190079
"DIVCORE/1025/1024/127/DIV/top-clear",242,4,7266.7190082644629
"DIVCORE/1025/1024/127/MOD/top-clear",242,4,8295.6528925619841
"DIVCORE/1025/1024/127/DIV/top-one",242,4,7278.8677685950415
"DIVCORE/1025/1024/127/MOD/top-one",242,4,8345.6652892561979
"DIVCORE/1025/1024/127/DIV/padded",242,4,5000.2603305785124
"DIVCORE/1025/1024/127/MOD/padded",242,4,4812.5743801652889
"DIVCORE/1056/1024/17/DIV/normalized",134,4,73882.76865671642
"DIVCORE/1056/1024/17/MOD/normalized",139,4,73080.287769784176
"DIVCORE/1056/1024/17/DIV/top-clear",238,4,77405.890756302528
"DIVCORE/1056/1024/17/MOD/top-clear",238,4,78506.02521008403
"DIVCORE/1056/1024/17/DIV/top-one",128,4,79891.8359375
"DIVCORE/1056/1024/17/MOD/top-one",128,4,80289.5078125
"DIVCORE/1056/1024/17/DIV/padded",238,4,73325.630252100847
"DIVCORE/1056/1024/17/MOD/padded",238,4,73525.302521008402
"DIVCORE/1056/1024/17/DIV/add-back",128,4,100444.2109375
"DIVCORE/1056/1024/17/MOD/add-back",128,4,99806.46875
"DIVCORE/1056/1024/127/DIV/normalized",137,4,73955.452554744523
"DIVCORE/1056/1024/127/MOD/normalized",137,4,72076.708029197078
"DIVCORE/1056/1024/127/DIV/top-clear",129,4,80573.333333333328
"DIVCORE/1056/1024/127/MOD/top-clear",128,4,80864.765625
"DIVCORE/1056/1024/127/DIV/top-one",128,4,79831.9375
"DIVCORE/1056/1024/127/MOD/top-one",128,4,80570.53125
"DIVCORE/1056/1024/127/DIV/padded",133,4,74895.263157894733
"DIVCORE/1056/1024/127/MOD/padded",136,4,74133.808823529413
"DIVCORE/2048/1024/17/DIV/normalized",5,4,2365477.2000000002
"DIVCORE/2048/1024/17/MOD/normalized",5,4,2370677
"DIVCORE/2048/1024/17/DIV/top-clear",5,4,2405631
"DIVCORE/2048/1024/17/MOD/top-clear",5,4,2391694.6000000001
"DIVCORE/2048/1024/17/DIV/top-one",5,4,2396375.7999999998
"DIVCORE/2048/1024/17/MOD/top-one",5,4,2401410
"DIVCORE/2048/1024/17/DIV/padded",5,4,2378409.6000000001
"DIVCORE/2048/1024/17/MOD/padded",5,4,2390223.2000000002
"DIVCORE/2048/1024/17/DIV/add-back",4,4,3200157.5
"DIVCORE/2048/1024/17/MOD/add-back",4,4,3196651.5
"DIVCORE/2048/1024/127/DIV/normalized",5,4,2377565.3999999999
"DIVCORE/2048/1024/127/MOD/normalized",5,4,2381808
"DIVCORE/2048/1024/127/DIV/top-clear",5,4,2394758.6000000001
"DIVCORE/2048/1024/127/MOD/top-clear",5,4,2401658.6000000001
"DIVCORE/2048/1024/127/DIV/top-one",5,4,2383589
"DIVCORE/2048/1024/127/MOD/top-one",5,4,2400318
"DIVCORE/2048/1024/127/DIV/padded",5,4,2385408.6000000001
"DIVCORE/2048/1024/127/MOD/padded",5,4,2373434.3999999999
"DIVCORE/4096/1024/17/DIV/normalized",2,4,6982737
"DIVCORE/4096/1024/17/MOD/normalized",2,4,6889932.5
"DIVCORE/4096/1024/17/DIV/top-clear",2,4,6909502
"DIVCORE/4096/1024/17/MOD/top-clear",2,4,7014294.5
"DIVCORE/4096/1024/17/DIV/top-one",2,4,7190275
"DIVCORE/4096/1024/17/MOD/top-one",2,4,7191249.5
"DIVCORE/4096/1024/17/DIV/padded",2,4,6988750.5
"DIVCORE/4096/1024/17/MOD/padded",2,4,6892024
"DIVCORE/4096/1024/17/DIV/add-back",2,4,9487219
"DIVCORE/4096/1024/17/MOD/add-back",2,4,9494963
"DIVCORE/4096/1024/127/DIV/normalized",2,4,6955034
"DIVCORE/4096/1024/127/MOD/normalized",2,4,6897209.5
"DIVCORE/4096/1024/127/DIV/top-clear",2,4,7036789.5
"DIVCORE/4096/1024/127/MOD/top-clear",2,4,7055217.5
"DIVCORE/4096/1024/127/DIV/top-one",2,4,7039808.5
"DIVCORE/4096/1024/127/MOD/top-one",2,4,7097157
"DIVCORE/4096/1024/127/DIV/padded",2,4,6897535.5
"DIVCORE/4096/1024/127/MOD/padded",2,4,6937218
